{"type":"FeatureCollection","features":[{"type":"Feature","properties":{"iso":"UKR","name":"Ukraine"},"geometry":{"type":"MultiPolygon","coordinates":[[[[29.211994231324166,46.39911775747148],[29.22360846646508,46.387487435297665],[29.24840925447235,46.39872748018439],[29.304741241658775,46.47458702079773],[29.342466492885656,46.45296207156852],[29.38918769025819,46.445630247233886],[29.430968290188687,46.46372411640657],[29.460177314534317,46.461626180893376],[29.556919507174875,46.415815534737085],[29.61230713194387,46.40736917271782],[29.66009108828637,46.42370704794828],[29.70900760206683,46.45643527601127],[29.756515129001823,46.444349025960676],[29.843335052906035,46.36066109799541],[30.07003163135868,46.38541913222933],[30.107659748702932,46.41987563891435],[30.101523465178524,46.430464316296714],[29.917236881844097,46.53517072079594],[29.93385110773158,46.72308718364692],[29.911364861280923,46.77752704936874],[29.874443929261687,46.82049408189429],[29.7161190549824,46.87576339729389],[29.593813485160897,46.931868562229226],[29.56537429884443,46.959517310575016],[29.555515613664266,47.04223237086765],[29.50813526969875,47.087103082563985],[29.503020217704865,47.12684391895837],[29.53412666690717,47.18914468438033],[29.54081510038073,47.2437648327191],[29.53154416625702,47.266276324513136],[29.506765476784278,47.28263602600397],[29.452924424381656,47.285128401456056],[29.380157462565766,47.32070612110324],[29.327530382537187,47.36995953876145],[29.19878169265075,47.43641053783574],[29.15555602109248,47.44887761214721],[29.128031692906532,47.48555539848456],[29.115254888488327,47.53251437866997],[29.17887755594465,47.66239968445964],[29.202480537349995,47.73229838593551],[29.20311892777982,47.77347195697228],[29.186825759321902,47.87879009422909],[29.12133945358957,47.956646206516695],[29.090226540003346,47.96592058638732],[28.97370987690311,47.925031041234405],[28.91966492609162,47.94393787868205],[28.85986331482483,47.99033226147645],[28.765549472215113,48.11249988901881],[28.536195798088105,48.14129110460982],[28.460514410066036,48.08296612671372],[28.43568500494532,48.103793797704306],[28.413129609764788,48.14242148783342],[28.386138681979777,48.15252549105895],[28.34260493049832,48.13672310368792],[28.334797694880614,48.138870657484894],[28.319008736740123,48.160606802039595],[28.33345665952479,48.20063722498649],[28.326599486203158,48.213602761742834],[28.28796238752418,48.23049071206907],[28.15810917897215,48.23002904428454],[28.085635268594007,48.24956858764905],[28.07212701492198,48.290157981020386],[28.03662722412758,48.312974083198085],[27.9599560465552,48.32630998696815],[27.886670432296388,48.358299738804114],[27.81573213517978,48.409151338511066],[27.71392768419853,48.441289988502405],[27.573139449305316,48.456909903150695],[27.545882744605066,48.46735753468996],[27.405527604897323,48.407825191421495],[27.335942381430637,48.42272478566079],[27.2293266899252,48.36349325898641],[26.900849982211593,48.36392359830411],[26.845966612038545,48.37762563429886],[26.64818811870933,48.28879696646607],[26.621162210650265,48.25219336533354],[26.314578576265788,48.196290043101],[26.28355412962074,48.108737581315424],[26.241599912634708,48.0584171000318],[26.164986122514005,47.984878699805236],[25.910077643900472,47.959675706603285],[25.689838382716307,47.924489871328824],[25.46580784284447,47.90284705813842],[25.174595458387508,47.81616786297637],[25.076303520840284,47.73810875216726],[24.980287993738028,47.71621794935035],[24.89311177917963,47.70979334478487],[24.83277862518554,47.75459580642394],[24.647006007826562,47.86956344790816],[24.577030647144664,47.92237233539367],[24.48426592647353,47.9389296886169],[24.38237416683682,47.93008370458762],[24.28318209007822,47.90329763780218],[24.17666695912818,47.89813918466794],[24.059629566226754,47.9361763414392],[24.000197322847168,47.92795799506229],[23.668400194987832,47.984280790395154],[23.406531168022557,47.98218522374282],[23.201768401732195,48.07605381502928],[23.14652247200764,48.079071341357114],[23.096446384790898,48.04329119696653],[23.05849091873348,47.99946890673295],[22.874581573574268,47.93955634107565],[22.84854882869468,47.957574391535644],[22.8385137297398,47.996565038895575],[22.845044169828935,48.033199135573334],[22.82978423072294,48.05501790162642],[22.769208925989314,48.09956788638561],[22.675373708866072,48.0964692852763],[22.57933497203926,48.12666614452337],[22.51369953120015,48.19924222531833],[22.421640056893285,48.23550746635236],[22.345393678611117,48.24967283965034],[22.309807905800405,48.28254881152087],[22.262237773670744,48.35744415607565],[22.24442132811625,48.4007130428965],[22.225957311732632,48.405234044010164],[22.12623799799708,48.39962617642512],[22.13601279543756,48.57259897647822],[22.289744777240845,48.6922471582154],[22.325895782761798,48.74964856826659],[22.38251036569717,48.87743058355188],[22.42648987465854,48.9393301884629],[22.516206786364094,49.03475443174558],[22.533399449957738,49.07870080606191],[22.581538353233118,49.08502795436583],[22.702442083886638,49.047949872516256],[22.80497271723911,49.029788283379446],[22.83254499212561,49.04414150131784],[22.841385547046766,49.05952618817022],[22.837127152538795,49.07803198388838],[22.697920921795454,49.16923396657161],[22.69447745340304,49.19408076472286],[22.714211072021847,49.243270083953014],[22.723942849544578,49.296282522175],[22.71221228830165,49.351261921376235],[22.6530552441022,49.48122442038572],[22.641429068010485,49.53901449515494],[22.69976117054132,49.611032550616585],[23.03165822389043,49.90557148372172],[23.259956867915076,50.079470066644824],[23.403777012627124,50.1803190777286],[23.502289216232935,50.23688197400341],[23.643872492927567,50.33322273882218],[23.707313905756923,50.38400676793691],[23.966003585176622,50.417762305335366],[24.046572534818697,50.513672554121534],[24.081377015909727,50.53705430174308],[24.085394768381697,50.618205044051095],[24.039489288016046,50.71787785340834],[23.970452022048775,50.786149673155656],[23.993688699079023,50.81661074988226],[24.057790816284506,50.82707782874856],[24.088289573812055,50.84420300297221],[24.093277712361154,50.85331165521107],[24.090197402745588,50.864513938128766],[23.979650973553113,50.93523605713143],[23.931614443336525,50.98786034729974],[23.856589547518627,51.12160173344472],[23.657602596989673,51.30595349648449],[23.649681627262815,51.35340083179098],[23.66959246943224,51.398291112912965],[23.651430825725523,51.44543766626323],[23.597552809564988,51.515881555288615],[23.605202876070038,51.53346267299445],[23.602630164870344,51.615808334318416],[23.644120300874725,51.636412629997636],[23.707484739691644,51.64928668453311],[23.791705924147067,51.64511844896858],[23.865325761166904,51.63191172721557],[23.94935075143111,51.59469595985538],[23.97558801022537,51.598972319612145],[24.123525012743606,51.67210599031248],[24.273380356923717,51.779801675360524],[24.317660087585814,51.84361305919395],[24.361307422779458,51.875512436037255],[24.495087075511695,51.891058951883046],[24.866194100190175,51.907147165293495],[24.971999947677812,51.91897844603693],[25.06666534947144,51.93852198155319],[25.26775187499532,51.94572748895315],[25.58023542478941,51.932764439478646],[25.786538029652935,51.93179100304971],[25.92692586789218,51.92136186037079],[26.267587093571265,51.86306023965052],[26.395790096112574,51.852285453484164],[26.45695249411159,51.82107356617548],[26.774101078983225,51.77868545600244],[26.952979075000485,51.76205837816589],[27.07441038003941,51.76882189900936],[27.143797868402437,51.75982929925411],[27.27413728050771,51.62100852694705],[27.298348624399488,51.60581218152985],[27.347453296374724,51.60221736772821],[27.45301683810954,51.61408734932094],[27.60131921036813,51.60961607603723],[27.692999400673948,51.57970395725849],[27.697718458441646,51.571967969594375],[27.686868705589955,51.49952183643739],[27.701612063683285,51.486721777437275],[27.738660312058972,51.49186435272031],[27.823448956562384,51.58336338318564],[27.856450122077675,51.60007584324098],[28.013017331922576,51.56796152543733],[28.077272322062537,51.57302281892034],[28.14178931650271,51.60919715252325],[28.184110641246264,51.61584001530829],[28.293686589442302,51.58962520552831],[28.424452519491357,51.57171908115904],[28.53358210681607,51.57028616051888],[28.60101681557039,51.550379913721386],[28.654251861662623,51.46302279216104],[28.691859782902814,51.446904879883284],[28.72360704168099,51.44274142575004],[28.788178982111997,51.516509681781315],[28.845546106972705,51.547138141404574],[28.973833913393822,51.57913108658403],[29.05789488344683,51.63289763351751],[29.102338277361728,51.63552253298118],[29.13998570099726,51.62398960642901],[29.17949345960047,51.586638906203945],[29.23724764772917,51.50136578409338],[29.30300310144007,51.42058042994169],[29.34708296393749,51.39227802908802],[29.467030713774836,51.41597946618483],[29.55214395094926,51.442497209248415],[29.705909753946365,51.4475708617898],[29.90743614213231,51.465917920234595],[30.063326982534416,51.490004199874],[30.16178843715574,51.48580037697722],[30.313989826972797,51.405831643247566],[30.34376655848501,51.32976361793533],[30.450994657307522,51.2824794279218],[30.53524712703846,51.27423337417929],[30.571191840174702,51.323883809099435],[30.619762531361797,51.36177162104717],[30.604021185546436,51.40425382845002],[30.594177563946293,51.46862981668265],[30.55375075430818,51.52763625999659],[30.5250647380217,51.595524914285555],[30.576751625023938,51.692591606427825],[30.66121928454657,51.819294199980774],[30.749682721814587,51.900893321055754],[30.978557104003627,52.05391395142493],[31.079242987704657,52.08493824339464],[31.2181839679552,52.05930440648467],[31.34511420106004,52.113307551829166],[31.573473089867516,52.11610249221552],[31.78365679326206,52.10729846746576],[31.97541067596842,52.054734279764176],[32.120206592295354,52.058595266148245],[32.21316565439097,52.09017152329774],[32.276025256176524,52.1201917162565],[32.356791526202386,52.27715207467771],[32.3876582656006,52.30192540048976],[32.43395053487585,52.31507430394465],[32.50968242451555,52.31635214811256],[32.80838366726334,52.26072047258339],[32.89877474624538,52.264535194865466],[33.14802954645255,52.34842711637038],[33.28720890253854,52.361546197990975],[33.45303625430141,52.34178063954034],[33.61236921313348,52.34062453748893],[33.7361940986026,52.352701689300496],[33.82228975958649,52.322826545013264],[33.92706619347245,52.25768505116334],[34.02194588798639,52.160436506621075],[34.11979507689503,51.984949711361104],[34.405198221210256,51.78355467041636],[34.41044011982587,51.739409407732865],[34.382644463210504,51.70925334642944],[34.136715495061395,51.67332666478693],[34.127196614116755,51.665660919371675],[34.12723065493899,51.64417046195677],[34.208429107672885,51.556402944971154],[34.21726113326143,51.48439064988192],[34.21489338556109,51.42138970788893],[34.234984669196315,51.37201518431914],[34.28263683548508,51.34251782339942],[34.28770339732366,51.30789970036629],[34.236037818365,51.27204741935606],[34.23585495334758,51.255208761451236],[34.491912864372345,51.24499932389135],[34.71238473154065,51.180530026946606],[34.758408076638126,51.17746693068615],[34.868301600638766,51.19721168376311],[35.06570622477687,51.21123407782197],[35.099268377249594,51.18501891518452],[35.12278202069669,51.124259719499264],[35.16448213575427,51.067174603141744],[35.20093514689142,51.05195724458435],[35.31633974992999,51.05054300480451],[35.342749989316154,51.02133632584196],[35.31848419128805,50.98455386251056],[35.322875906054186,50.95254016914801],[35.353366881455926,50.90760152623205],[35.390080723526495,50.80417185485378],[35.42387272921392,50.77222845642974],[35.447949852804896,50.7293295785235],[35.44749639527433,50.678981441450304],[35.40154256578607,50.608734971738755],[35.41834237213586,50.54558415098916],[35.492631504240954,50.467432701236596],[35.55075152296737,50.44601400614255],[35.59944307482407,50.3748217445098],[35.6746921124216,50.35565116468898],[35.79232544639838,50.41277734871179],[35.88980827643682,50.445085628812436],[36.117123382044504,50.41651794704078],[36.19401025411329,50.37437922571456],[36.24773397363251,50.318872326552196],[36.30404203902093,50.29048584776802],[36.36908347315451,50.30480904271717],[36.50162202843506,50.28824280116494],[36.56335627316548,50.24216087528263],[36.61978739194214,50.21922268187693],[36.692241577485085,50.25317767046026],[36.75776447640976,50.29974316631012],[36.98649136221187,50.34730922523551],[37.13085603891359,50.35963977136045],[37.16864505218064,50.36856836149549],[37.25328710945055,50.402820684229695],[37.34203599445588,50.42552891236824],[37.424209665114425,50.41934555901649],[37.50618778889205,50.347220835988885],[37.588167329550785,50.29729119515929],[37.61278815120525,50.21871395738946],[37.70978343836981,50.115141109987256],[37.95346339102329,49.971625917908334],[38.046111032150804,49.929222026006066],[38.11071455787499,49.93574067900954],[38.14239496039537,49.94666615729817],[38.15583592415631,49.961111927205664],[38.17185332712063,50.030999471498305],[38.20626448119481,50.059073283713595],[38.25987740774532,50.06022820239258],[38.45318449601187,49.97216891238629],[38.65072071307817,49.96029171458799],[38.7805974438973,49.89134860866365],[38.92090064691319,49.832651324448065],[39.02755284400299,49.826683372130894],[39.17678650360408,49.863692172951126],[39.21735571939501,49.838950356622675],[39.2519685404478,49.787769698671724],[39.30617083597839,49.74989060033901],[39.37012210096035,49.73862057990926],[39.465524753040725,49.73552781145832],[39.78148028622947,49.58055482165899],[39.87526581628617,49.57582445447419],[39.95707392661611,49.59862933762752],[40.03147657672421,49.60467481299365],[40.08566820294006,49.583077505306065],[40.10255751801058,49.54501442753487],[40.066323475731856,49.493423919418284],[40.065813000000006,49.44033794391805],[40.13394092480939,49.370693947191306],[40.13621574921455,49.30602316242894],[40.114982976065605,49.24648944590639],[40.07540102167882,49.19439036198635],[39.89383155992019,49.05720496959102],[39.7617895056361,49.02884222512304],[39.70703734052436,49.00731244756477],[39.700772194237196,48.999165348339424],[39.712690722138966,48.964324726640356],[39.75767501156966,48.92174309322209],[39.86650710776898,48.885576702628036],[39.992340898151,48.85873989959913],[40.01158159007316,48.82259011432163],[39.987306189530976,48.799906716140974],[39.90466297224773,48.78578403069873],[39.79219705434189,48.79700229032959],[39.71117173477537,48.73357858984183],[39.66115537370049,48.61035428426922],[39.66846455329072,48.595751537706555],[39.76760355721737,48.57955268603755],[39.84137477446865,48.54833363143368],[39.890361313747064,48.42101006583805],[39.89782719955795,48.36064890769245],[39.85959221807097,48.32841065382038],[39.857340741040616,48.307173464169296],[39.87019409294848,48.296270956740194],[39.920931789994405,48.28944550116767],[39.961115848391636,48.2762104284119],[39.96589850986925,48.26941258643362],[39.96796626044873,48.23397650341383],[39.891204310788346,48.16272926249662],[39.78539632345742,47.965458530758184],[39.78614333324321,47.88463253748902],[39.7404497847054,47.83823314121311],[39.390759018156224,47.82574305516852],[39.158651735049645,47.829398555214695],[39.05680124644672,47.840521548638925],[38.901592089018486,47.84701642137909],[38.82950857755902,47.830428655166884],[38.72447362477806,47.7083524402458],[38.64400719276643,47.65868965500645],[38.51256647211626,47.61460091192418],[38.372101477223275,47.6020030887662],[38.29490877857438,47.55385664625426],[38.26702401902865,47.478608466333],[38.263913553183926,47.40580823735947],[38.2499724368476,47.369357658515106],[38.219485467496334,47.33844898863493],[38.21082006137385,47.320491269948604],[38.218019703905995,47.302585576045495],[38.28362687121755,47.28411325122979],[38.288762000000006,47.276358979716534],[38.28809498185824,47.25587401858852],[38.27143121464986,47.23180572705079],[38.228375186437674,47.20730335150374],[38.2110697216186,47.176373230636294],[38.22232863079403,47.09187143346169],[38.217491558700424,47.08411237074432],[38.177702958747375,47.072244591497814],[37.82811677726145,47.08778343397289],[37.548796585319636,47.06688735861252],[37.34345938689863,46.909773636352945],[37.219498980292194,46.909244540153914],[37.05014800881419,46.86856537505217],[36.93584452665984,46.817884170040166],[36.796975894740925,46.70671492682181],[36.68633904240136,46.75589220012135],[36.55977870300477,46.75463116571586],[36.43475745695115,46.724919827124374],[36.280416088241104,46.650641942163475],[36.1943719601576,46.637525008443696],[36.02459064583845,46.65847053659864],[35.83066003013437,46.616824280085375],[35.40648867249301,46.375712504602774],[35.262308958382405,46.19828217332762],[35.2083989636722,46.162261748223386],[35.134254408592355,46.11811089235232],[35.056608054493296,46.09613414410753],[35.00981694619432,46.09957480818305],[35.009697926239554,46.11234785845768],[35.21276162739747,46.238483110258386],[35.27278988102232,46.28465738940083],[35.282899808844874,46.31625373079435],[35.28311302618892,46.367445296604316],[35.237937070901985,46.4198540282731],[35.22488864219869,46.42205479630645],[35.068731022246006,46.26075443990865],[34.97218177138342,46.23448176098975],[34.85769995516823,46.180652283903434],[34.85184570525121,46.07401267519972],[34.865330197445566,45.989190236640475],[34.91370248658587,45.882690949219004],[35.008755261002776,45.737074029407594],[35.003892060784914,45.7257117444423],[34.944043397187585,45.72106446602283],[34.79519796835145,45.7841755050689],[34.784992358473744,45.88822934683149],[34.68440677217614,45.968085608779],[34.52386341564586,45.96891506892523],[34.448134975169054,45.95787622818657],[34.347971729616745,46.054991521834985],[34.22345204770627,46.092683322080056],[34.12771593558666,46.081831447105486],[34.024710963150504,46.09899368190562],[33.803528418995114,46.200458262266785],[33.6735438397039,46.20908367483959],[33.66655542138753,46.200186551904594],[33.66101361800254,46.141863671076514],[33.59858666539757,46.08960797860126],[33.50142999212242,46.07119958756674],[33.430700281960675,46.04967340027703],[33.259738207020746,46.11862806360874],[33.19688885174476,46.16627142173345],[32.94270212337598,46.11584086596632],[32.79725989201322,46.12340129245446],[32.476485283396975,46.07570814179258],[32.32633410992924,46.123193627220246],[32.03315560259639,46.25332534335897],[31.925061943963986,46.27900625799992],[31.828038911570832,46.27437639775685],[31.774286437000665,46.319057862878466],[31.77419661983176,46.330165332315836],[31.841042367936673,46.35391634437673],[31.91495441569815,46.35669659670719],[31.98621845371447,46.37169128544384],[32.00376665638112,46.39089138272904],[31.999442128339567,46.42103172935053],[31.855508753835192,46.454326045411726],[31.7113815925671,46.4641318193209],[31.619108001661896,46.50365200482278],[31.549933533742713,46.54803052531516],[31.549186635988566,46.55989319140638],[31.716807490194057,46.56292457261931],[31.87894018208399,46.529676140412434],[32.131532709134135,46.51738016084842],[32.35664870911589,46.48397546559254],[32.486688460828894,46.56961325179387],[32.483163088665506,46.58040351654287],[32.47338591352668,46.58363200984734],[32.35369833804886,46.556866689984346],[32.12638165342049,46.589259298831266],[32.03991876735004,46.635823432658334],[31.96769146940436,46.70433671150046],[31.93758125336772,46.781178962404084],[31.955546317785405,46.855699769393674],[31.94362681391098,46.918283169998354],[31.931299136829153,46.926858057851],[31.920253335854053,46.91668502463874],[31.90953631059218,46.720335606453474],[31.87661823066949,46.64271493737805],[31.77860969298858,46.62369636396904],[31.655361277842815,46.634603635797426],[31.52996269467181,46.65705984867394],[31.524262469279275,46.666119861492994],[31.542909575397644,46.73543120917027],[31.52930716908963,46.747016650600486],[31.501683394738684,46.731583332368274],[31.405215268087137,46.62115657926245],[31.32048526144702,46.604513133070675],[31.136860482826663,46.616241929219576],[30.80735453524743,46.54594497571963],[30.780308721352295,46.47017519561539],[30.72904063164514,46.36305907047286],[30.679623103365838,46.300320735258566],[30.66245248977087,46.26089499995381],[30.51703309814867,46.099583219506144],[30.22332636889982,45.86001596094611],[30.186192575390688,45.842204380850625],[30.010085991437567,45.79062194218234],[29.904236632034337,45.744829720998126],[29.823448589787176,45.72439893647507],[29.68841932830521,45.745790250654146],[29.635534635209797,45.71724667116022],[29.609864941847746,45.67877839819807],[29.609435367123574,45.606916191131184],[29.677420123290222,45.544315815819594],[29.734555329602465,45.345821914512435],[29.7091079611633,45.252618024420244],[29.700801883905363,45.25373272777715],[29.6468013354191,45.30767435464931],[29.564699161435225,45.36308417711206],[29.402887684047553,45.41134736902867],[29.224946167400827,45.39477840804464],[29.029892427830227,45.31295346145187],[28.89643302268476,45.282214446191915],[28.823861839502012,45.30279228036938],[28.789098887133186,45.30156350599773],[28.775616868967507,45.28120364730282],[28.779500359191832,45.27020451384681],[28.798791189041058,45.25494371971404],[28.795716173864985,45.2380515522061],[28.76097294965829,45.22615159618385],[28.449003893215323,45.2845310616237],[28.312655083141717,45.34090881215545],[28.20710736329461,45.44452214644905],[28.206407002535208,45.45560003597601],[28.26113218422553,45.49096141444521],[28.308561658762326,45.50636960811519],[28.467827126300904,45.514999403388614],[28.48960473414666,45.52320377786606],[28.50551814525421,45.57418679491322],[28.50161278426722,45.61548011915476],[28.48546640512414,45.67088325802698],[28.55723094204321,45.741959464904674],[28.66235918954717,45.80015399509958],[28.719297195986563,45.85365501277417],[28.73388080330945,45.94347109007467],[28.84610663892259,45.98613487561462],[28.941244431742007,46.05664351356939],[28.96453768649855,46.130784003871966],[28.994596561524162,46.17890533514593],[28.93609608380388,46.28616462672934],[28.922557073867328,46.3622307847308],[28.92169300664237,46.42969297940012],[28.954513352572054,46.465468816405156],[29.04652711776416,46.50428022819246],[29.14464612660327,46.534720093493476],[29.186534494828546,46.53197415260052],[29.208539544993958,46.50686305103779],[29.211994231324166,46.39911775747148]],[[31.91683133332614,46.93473110620225],[31.92792160747733,46.92898141148575],[31.938530596230308,46.9373237208556],[31.931778829869554,46.97881146047252],[31.880528149010846,47.05663524543565],[31.86645469259604,47.06006381763382],[31.859334381944535,47.04744960109043],[31.872782181493676,47.00789654604147],[31.91683133332614,46.93473110620225]]],[[[32.152505542907846,46.16232200275413],[32.15797051691921,46.15335103393119],[32.15015108509349,46.14670210739252],[32.008027361914806,46.15993457428425],[31.698378584323446,46.20628102141276],[31.56172804819481,46.25004867532452],[31.521365517513757,46.30346984616965],[31.501132119774812,46.37541407627597],[31.512967616287273,46.379950563007775],[31.58965910561241,46.30973490212685],[31.641960372992735,46.28012995047871],[32.014278571081014,46.21162304093193],[32.152505542907846,46.16232200275413]]]]}},{"type":"Feature","properties":{"iso":"SVK","name":"Slovakia"},"geometry":{"type":"Polygon","coordinates":[[[22.531770345282986,49.02903271994097],[22.43880663769825,48.929071552970754],[22.397140057752548,48.87049650920562],[22.34011058355403,48.742232553444055],[22.301569303480765,48.68099874454368],[22.151912742544297,48.56431157910169],[22.1397132083404,48.40401000839678],[22.114018868613392,48.38583868987305],[21.768514511426943,48.33022798249272],[21.719301383090354,48.338898766667725],[21.643237434943178,48.39557721956622],[21.59707860375625,48.457662202114875],[21.559807499316356,48.488139680623156],[21.44772225222816,48.544260617152275],[21.383271251614847,48.54536135229702],[21.197433352074402,48.502678419479345],[21.06792290560775,48.49792589125022],[20.864678675327546,48.537687571663724],[20.643686887323863,48.54165489782544],[20.50178214350367,48.5205645408395],[20.338618282981766,48.28919859997755],[20.13183982304968,48.21467921146338],[19.952331123512273,48.13886240695337],[19.89630178210971,48.12369028324142],[19.807397998806437,48.14749427143762],[19.707276885372394,48.19189707610569],[19.62233142030609,48.21447105222213],[19.565170593003934,48.203489290515535],[19.50371537010891,48.15653324525962],[19.469191363646605,48.103015241746824],[19.265279509581642,48.06504000915841],[18.916670914470984,48.04290081289976],[18.800435382170136,47.99516661526146],[18.757969925853857,47.934482395534936],[18.757319098202103,47.89486130684792],[18.78564031983316,47.85046817518652],[18.72529189032453,47.77924358634579],[18.146108327893312,47.755441917338075],[17.762060054118027,47.76216220168209],[17.633090067538664,47.80220640659524],[17.476138998507693,47.88099411940717],[17.313788063239084,47.98356160535716],[17.27415491719966,47.99655578099692],[17.175796044840215,48.003890904274655],[17.14584316200826,47.998118916945856],[17.08144617764107,48.03294810995947],[17.060500744374316,48.07951335024681],[16.96608254553216,48.193556799683016],[16.857525052534747,48.38577249566792],[16.85516986959614,48.4440785628264],[16.93515069120017,48.55366156443022],[16.9412162060385,48.5910025918958],[16.97848471242598,48.681147323211526],[17.057498008521602,48.78626061152509],[17.132020210939977,48.84817467491034],[17.188959796929797,48.86890580830814],[17.2983663109768,48.85072743268303],[17.483618683950354,48.83592037819984],[17.62364283335714,48.84979672797751],[17.755005121104766,48.89546727252205],[17.886166090789064,48.976584895686806],[17.91006561245036,49.00606104654255],[17.939318847006927,49.019846361907106],[18.045591117335373,49.04359362377088],[18.07626659346505,49.067642773839516],[18.1025456663576,49.18275652074637],[18.12598909151634,49.22900111308317],[18.15602397372656,49.26366760857845],[18.357125544458377,49.34189077767049],[18.377436874557876,49.36954058868328],[18.411465274817576,49.397606095725536],[18.47183509097536,49.427970362923254],[18.53057570175767,49.4716050299629],[18.593979718109214,49.49904039417789],[18.67534797574854,49.49651337874247],[18.747851124306735,49.5018772457084],[18.832317611378944,49.51877358681467],[18.938826137560767,49.50627072307488],[18.945765906924997,49.50086063195407],[18.979001168108713,49.40589298494087],[19.141837886237848,49.40790658380325],[19.24606342731058,49.51825996682536],[19.30063443534182,49.532876964081844],[19.381793915665448,49.570385867744754],[19.44105281660511,49.60567208792214],[19.48549260637987,49.58184982314782],[19.54135337849585,49.50952161741415],[19.59819796522137,49.453367038862595],[19.63232683783699,49.4299919054444],[19.6407957255384,49.412260914096166],[19.665772497469135,49.403989136537724],[19.732321660120213,49.397265214068874],[19.779951732171924,49.37740942749924],[19.794926852411756,49.319587705195104],[19.79595362067066,49.26938756304659],[19.773217629801522,49.21587996872319],[19.779838312799274,49.20677122057616],[19.80131890236272,49.200926467905646],[19.866842894569494,49.211806971056085],[19.91664229360926,49.22935292288845],[20.051379506954465,49.193373503748056],[20.101500777941514,49.275887943711155],[20.15918934532192,49.32301819298413],[20.361776583364644,49.39314939798967],[20.402440088712435,49.392349776499444],[20.42260184162515,49.40031696290193],[20.534452587772208,49.389329887293925],[20.617941193538385,49.399493822765045],[20.731389363628207,49.37753801879938],[20.80185385188033,49.336644510822076],[20.870525392143897,49.32276349297581],[20.94548645951431,49.32524347595239],[20.99549494692676,49.34619216565417],[21.078760860319036,49.42622145477234],[21.135660924389434,49.42509148507535],[21.225476034078397,49.4374405275581],[21.35037379148364,49.43676074010187],[21.63977755809707,49.41996896004282],[21.714519281168855,49.38964748083835],[21.89437783694138,49.35024740620426],[21.973581280643337,49.304444793442194],[22.028860691197366,49.215248815017546],[22.204976138784893,49.16085295217449],[22.47384786271289,49.08936401331946],[22.541977301367503,49.079974144296976],[22.546428779072276,49.07080819891287],[22.531770345282986,49.02903271994097]]]}},{"type":"Feature","properties":{"iso":"RUS","name":"Russia"},"geometry":{"type":"MultiPolygon","coordinates":[[[[145.881543,43.459521],[145.895605,43.454541],[145.913867,43.455371],[145.931152,43.457031],[145.941113,43.445459],[145.943555,43.426465],[145.931152,43.425635],[145.907227,43.422314],[145.893945,43.419824],[145.886523,43.433057],[145.881543,43.443799],[145.869141,43.450439],[145.869141,43.457861],[145.881543,43.459521]]],[[[146.358789,43.625391],[146.332324,43.619922],[146.288184,43.625391],[146.273828,43.629834],[146.283691,43.638623],[146.310156,43.651855],[146.333301,43.647461],[146.349805,43.644141],[146.358789,43.625391]]],[[[146.045605,43.409326],[146.032324,43.407129],[146.028027,43.420361],[146.048926,43.433594],[146.088574,43.449023],[146.100781,43.440186],[146.086328,43.429199],[146.069922,43.421484],[146.045605,43.409326]]],[[[137.178613,55.100439],[137.055273,54.926758],[136.969434,54.923975],[136.902734,54.960645],[136.765137,54.946045],[136.714648,54.956152],[136.795313,55.009375],[136.995703,55.092725],[137.077539,55.091748],[137.156055,55.107813],[137.178613,55.100439]]],[[[150.589941,59.01875],[150.511133,59.007422],[150.471777,59.034766],[150.470215,59.054053],[150.59248,59.097217],[150.666211,59.160156],[150.712695,59.122461],[150.727734,59.095215],[150.589941,59.01875]]],[[[120.261328,73.089844],[120.00791,73.044873],[119.79209,73.04541],[119.64043,73.124316],[119.761914,73.155469],[119.964453,73.167676],[120.078516,73.156738],[120.236816,73.107275],[120.261328,73.089844]]],[[[124.542969,73.850098],[124.481738,73.8479],[124.366406,73.874609],[124.335742,73.910303],[124.336523,73.928369],[124.429688,73.943018],[124.547656,73.933838],[124.636914,73.900391],[124.65293,73.888037],[124.542969,73.850098]]],[[[106.27041,78.206201],[106.151074,78.198633],[106.023633,78.220117],[106.058398,78.264648],[106.350586,78.272607],[106.456836,78.340039],[106.64043,78.33623],[106.691211,78.31665],[106.719629,78.294189],[106.718945,78.26499],[106.679102,78.26499],[106.504687,78.26167],[106.472461,78.24502],[106.27041,78.206201]]],[[[107.414746,77.242676],[107.302246,77.241504],[107.269531,77.289014],[107.366406,77.346631],[107.486426,77.347119],[107.593652,77.330029],[107.629297,77.319678],[107.664551,77.299805],[107.679492,77.268262],[107.414746,77.242676]]],[[[97.588379,76.599365],[97.535254,76.584424],[97.430371,76.590723],[97.341699,76.628857],[97.310352,76.6896],[97.381641,76.706689],[97.588379,76.599365]]],[[[96.853906,76.19917],[96.797852,76.188428],[96.754492,76.195752],[96.739355,76.206934],[96.740234,76.257861],[96.83291,76.32417],[96.835254,76.344824],[96.87793,76.355225],[96.990234,76.343408],[97.045313,76.315381],[97.053027,76.302588],[96.974219,76.236523],[96.853906,76.19917]]],[[[100.135938,79.614209],[99.91543,79.601611],[99.942285,79.671436],[99.955762,79.690332],[100.068359,79.701025],[100.141504,79.683691],[100.300293,79.670264],[100.135938,79.614209]]],[[[76.756055,73.445801],[76.659375,73.439502],[76.234473,73.476221],[76.083105,73.523486],[76.139551,73.554297],[76.250684,73.555273],[76.756055,73.445801]]],[[[82.709961,74.090869],[82.612793,74.056445],[82.478125,74.075781],[82.381543,74.099219],[82.329395,74.131104],[82.382422,74.149268],[82.525586,74.161426],[82.611035,74.148535],[82.688965,74.11123],[82.709961,74.090869]]],[[[84.758984,74.459424],[84.710449,74.399805],[84.428906,74.430322],[84.389453,74.454443],[84.540332,74.49043],[84.679883,74.512354],[84.872852,74.515527],[84.758984,74.459424]]],[[[86.653125,74.981299],[86.737109,74.962988],[87.000586,74.991943],[87.052148,74.982568],[87.124316,74.939893],[87.011719,74.861914],[86.927148,74.830762],[86.691992,74.848291],[86.390527,74.850879],[86.258594,74.893506],[86.330664,74.938965],[86.504492,74.965967],[86.605469,74.992822],[86.653125,74.981299]]],[[[59.313086,81.305225],[59.096973,81.292285],[58.719043,81.313525],[58.610156,81.337256],[58.634473,81.360352],[58.880566,81.391846],[59.075,81.397705],[59.280859,81.366113],[59.374609,81.325049],[59.313086,81.305225]]],[[[-179.798535,68.94043],[-179.59541,68.906494],[-179.514502,68.917139],[-179.47085,68.912402],[-179.355957,68.852979],[-179.279297,68.825195],[-178.873877,68.754102],[-178.689307,68.675146],[-178.538525,68.585645],[-178.613672,68.603076],[-178.751465,68.660449],[-178.736523,68.593018],[-178.692627,68.545996],[-178.473926,68.501758],[-178.244482,68.46665],[-178.097461,68.424805],[-178.048682,68.388428],[-178.018701,68.322754],[-178.055811,68.264893],[-177.922412,68.286523],[-177.796777,68.337988],[-177.861816,68.378223],[-178.284521,68.518555],[-178.373047,68.565674],[-178.249854,68.541406],[-177.683203,68.362793],[-177.527246,68.294385],[-177.593213,68.281152],[-177.639355,68.241211],[-177.589209,68.224219],[-177.520898,68.236865],[-177.40752,68.245166],[-177.297412,68.22251],[-177.171826,68.174658],[-176.907275,68.119141],[-175.345215,67.678076],[-175.309863,67.602051],[-175.265918,67.566504],[-175.239551,67.521094],[-175.23252,67.44668],[-175.374707,67.357373],[-175.155078,67.365381],[-175.122803,67.376953],[-175.065625,67.413428],[-175.002686,67.4375],[-174.918066,67.407568],[-174.849854,67.348877],[-174.869922,67.268506],[-174.93042,67.203467],[-174.938135,67.093018],[-174.885059,67.000244],[-174.828711,66.961377],[-174.783643,66.916797],[-174.771191,66.784326],[-174.870117,66.724902],[-174.924902,66.623145],[-174.864258,66.613135],[-174.674658,66.603418],[-174.612451,66.5854],[-174.50376,66.537939],[-174.477734,66.492188],[-174.45376,66.429883],[-174.418701,66.371973],[-174.394092,66.344238],[-174.366064,66.34834],[-174.256982,66.428467],[-174.206006,66.452344],[-174.084766,66.473096],[-174.017725,66.38252],[-174.065039,66.22959],[-174.025439,66.229687],[-173.994482,66.245801],[-173.955469,66.286768],[-173.899951,66.310498],[-173.832031,66.366064],[-173.773975,66.434668],[-173.842529,66.488281],[-173.920947,66.521777],[-174.101855,66.540625],[-174.196338,66.580713],[-174.231592,66.631885],[-174.1396,66.652637],[-174.060596,66.689795],[-174.005518,66.778613],[-174.018848,66.827393],[-174.041016,66.875488],[-174.086426,66.942871],[-174.154346,66.982031],[-174.283545,67.001563],[-174.341846,67.039746],[-174.430908,67.037646],[-174.518945,67.049072],[-174.554492,67.063037],[-174.550098,67.090625],[-174.447607,67.103125],[-173.884033,67.106445],[-173.679688,67.144775],[-173.586572,67.132764],[-173.493994,67.105176],[-173.157813,67.069092],[-173.167627,67.052246],[-173.22417,67.035107],[-173.323535,66.954834],[-173.343066,66.909229],[-173.347363,66.851367],[-173.258936,66.840088],[-173.175391,66.8646],[-173.216162,66.91123],[-173.228271,66.968555],[-173.193018,66.993604],[-173.146826,66.998975],[-173.058496,66.955859],[-172.962598,66.942139],[-172.640576,66.925],[-172.549365,66.930518],[-172.520117,66.95249],[-172.582959,66.977832],[-173.001904,67.033984],[-173.00752,67.064893],[-172.621045,67.026807],[-172.447314,66.991748],[-172.273926,66.965576],[-172.031494,66.973291],[-171.795557,66.931738],[-171.56958,66.818701],[-171.360498,66.676758],[-171.149268,66.592725],[-170.92666,66.529736],[-170.555664,66.357227],[-170.509521,66.343652],[-170.473096,66.320264],[-170.542822,66.291064],[-170.604443,66.248926],[-170.483301,66.278076],[-170.361133,66.2979],[-170.301221,66.294043],[-170.246973,66.271875],[-170.211621,66.236426],[-170.191943,66.20127],[-170.243945,66.169287],[-169.888818,66.163477],[-169.777881,66.143115],[-169.72915,66.058105],[-169.831689,65.998926],[-169.891699,66.006104],[-169.949316,66.031006],[-170.003809,66.033496],[-170.159424,66.008057],[-170.401025,65.928516],[-170.540674,65.86543],[-170.563037,65.823584],[-170.541406,65.710254],[-170.560986,65.65625],[-170.666309,65.621533],[-170.896875,65.642627],[-171.001465,65.664893],[-171.118994,65.69502],[-171.232031,65.736865],[-171.376855,65.803955],[-171.421533,65.810352],[-171.451172,65.794238],[-171.401709,65.751758],[-171.303223,65.698486],[-171.134424,65.628076],[-171.054248,65.549951],[-171.105859,65.511035],[-171.169971,65.5021],[-171.216016,65.502783],[-171.36377,65.527197],[-171.46626,65.533105],[-171.790381,65.510449],[-171.907129,65.495947],[-171.947168,65.507959],[-171.957178,65.54209],[-172.131494,65.566943],[-172.233887,65.570459],[-172.282275,65.582324],[-172.322266,65.617529],[-172.435693,65.669629],[-172.607715,65.690039],[-172.719189,65.692432],[-172.783301,65.681055],[-172.556543,65.612012],[-172.353955,65.495996],[-172.391992,65.474561],[-172.417773,65.449561],[-172.305713,65.447803],[-172.232812,65.455713],[-172.211572,65.425195],[-172.269873,65.302734],[-172.309277,65.275635],[-172.661914,65.248535],[-172.573145,65.228223],[-172.48208,65.221875],[-172.378711,65.226709],[-172.286035,65.205713],[-172.223682,65.128711],[-172.213184,65.048145],[-172.304346,65.002148],[-172.39873,64.964746],[-172.592822,64.907959],[-172.79248,64.88291],[-172.897363,64.889209],[-172.999121,64.876611],[-173.066211,64.847168],[-173.085791,64.817334],[-172.998047,64.837109],[-172.896875,64.826074],[-172.801074,64.790527],[-172.811572,64.761182],[-172.902588,64.729199],[-172.924023,64.704932],[-172.889062,64.664014],[-172.900879,64.628857],[-172.85415,64.609912],[-172.746875,64.603271],[-172.616113,64.577881],[-172.487402,64.544189],[-172.436621,64.515332],[-172.393848,64.474658],[-172.37876,64.431543],[-172.401465,64.413916],[-172.694678,64.40708],[-172.73916,64.412256],[-172.755957,64.459961],[-172.791504,64.498926],[-172.903174,64.526074],[-172.949023,64.507373],[-172.915869,64.369434],[-172.960059,64.327686],[-173.009131,64.297461],[-173.157422,64.279736],[-173.275488,64.289648],[-173.375684,64.354883],[-173.375537,64.4104],[-173.309229,64.442676],[-173.309326,64.487451],[-173.32749,64.539551],[-173.395654,64.479004],[-173.474951,64.428613],[-173.603613,64.365479],[-173.665967,64.357324],[-173.729736,64.364502],[-173.897852,64.409717],[-174.001367,64.448975],[-174.204834,64.577783],[-174.318018,64.637646],[-174.570557,64.717773],[-174.830469,64.775977],[-175.036035,64.813672],[-175.14585,64.809277],[-175.255908,64.793994],[-175.395117,64.802393],[-175.442139,64.816699],[-175.483203,64.848584],[-175.520654,64.86709],[-175.715869,64.946094],[-175.853857,65.01084],[-175.859473,65.054199],[-175.830225,65.105518],[-175.856152,65.232812],[-175.922949,65.35249],[-176.093262,65.471045],[-176.547461,65.547559],[-176.922119,65.601367],[-177.05625,65.613623],[-177.175244,65.60166],[-177.48877,65.503711],[-177.698633,65.489697],[-178.310205,65.484863],[-178.4125,65.495557],[-178.504639,65.537207],[-178.525928,65.593018],[-178.499316,65.696631],[-178.502344,65.74043],[-178.526221,65.755225],[-178.558545,65.754004],[-178.67915,65.795361],[-178.791064,65.864746],[-178.879346,65.936475],[-178.939063,66.032764],[-178.858252,66.037549],[-178.746729,66.013672],[-178.730566,66.037256],[-178.693799,66.124219],[-178.61626,66.166016],[-178.586523,66.198437],[-178.534131,66.316553],[-178.526563,66.401562],[-178.615771,66.355176],[-178.752783,66.237256],[-178.82085,66.202686],[-178.868115,66.187061],[-178.915527,66.179932],[-179.026123,66.203516],[-179.105078,66.231934],[-179.106885,66.346094],[-179.143408,66.375049],[-179.178369,66.35332],[-179.192676,66.312549],[-179.293164,66.305078],[-179.340137,66.2875],[-179.316211,66.219824],[-179.327197,66.162598],[-179.422656,66.141064],[-179.616162,66.127881],[-179.683301,66.184131],[-179.740869,66.105762],[-179.783643,66.017969],[-179.789697,65.900879],[-179.72832,65.803809],[-179.640625,65.757568],[-179.449072,65.687842],[-179.365967,65.638623],[-179.344385,65.575244],[-179.3521,65.516748],[-179.45166,65.445312],[-179.519336,65.386279],[-179.635156,65.244141],[-179.70459,65.187207],[-180,65.067236],[-180,65.311963],[-180,65.556787],[-180,65.801563],[-180,66.046289],[-180,66.291064],[-180,66.53584],[-180,66.780566],[-180,67.025342],[-180,67.270117],[-180,67.514844],[-180,67.759619],[-180,68.004395],[-180,68.249121],[-180,68.493896],[-180,68.738672],[-179.999951,68.983447],[-179.798535,68.94043]]],[[[130.687305,42.302539],[130.658008,42.327783],[130.651563,42.37251],[130.617969,42.415625],[130.554102,42.474707],[130.526953,42.5354],[130.584473,42.567334],[130.576563,42.623242],[130.520605,42.674316],[130.439258,42.685547],[130.419922,42.699854],[130.424805,42.727051],[130.452734,42.75542],[130.492969,42.779102],[130.577246,42.811621],[130.722461,42.83584],[130.80332,42.856836],[130.868555,42.86333],[130.942871,42.851758],[131.005566,42.883105],[131.068555,42.902246],[131.083496,42.956299],[131.086133,43.038086],[131.108984,43.062451],[131.135547,43.097607],[131.175586,43.142187],[131.211914,43.257764],[131.239355,43.337646],[131.257324,43.378076],[131.261816,43.433057],[131.243945,43.469043],[131.20918,43.49043],[131.182422,43.505566],[131.180078,43.56709],[131.183594,43.650879],[131.174219,43.704736],[131.213281,44.00293],[131.255273,44.071582],[131.125781,44.469189],[131.086914,44.595654],[131.060645,44.659668],[131.003906,44.753223],[130.967773,44.799951],[130.981641,44.844336],[131.033008,44.888867],[131.082324,44.91001],[131.22793,44.920166],[131.268262,44.936133],[131.446875,44.984033],[131.4875,45.013135],[131.578711,45.083643],[131.613965,45.136572],[131.654004,45.205371],[131.74209,45.242627],[131.794922,45.305273],[131.851855,45.326855],[131.909277,45.27373],[131.977539,45.243994],[132.067383,45.225977],[132.181348,45.203271],[132.362988,45.159961],[132.549023,45.122803],[132.665625,45.093701],[132.723145,45.080566],[132.838672,45.061133],[132.88877,45.046045],[132.936035,45.029932],[133.011719,45.074561],[133.113477,45.130713],[133.096875,45.220459],[133.113379,45.321436],[133.186035,45.494824],[133.266992,45.545264],[133.30957,45.553076],[133.355469,45.572217],[133.436426,45.604687],[133.465625,45.651221],[133.449121,45.705078],[133.475781,45.757666],[133.484668,45.810449],[133.513086,45.878809],[133.551172,45.897803],[133.608008,45.920312],[133.647852,45.955225],[133.685742,46.008936],[133.711133,46.069629],[133.700684,46.139746],[133.750195,46.185937],[133.832813,46.224268],[133.861328,46.247754],[133.874805,46.309082],[133.880273,46.336035],[133.902734,46.366943],[133.886719,46.430566],[133.866602,46.499121],[133.95752,46.614258],[134.022656,46.713184],[134.038574,46.858154],[134.045996,46.881982],[134.071387,46.950781],[134.086426,46.978125],[134.136914,47.068994],[134.202148,47.128076],[134.189258,47.194238],[134.162988,47.25874],[134.167676,47.302197],[134.225195,47.352637],[134.260059,47.377734],[134.29082,47.413574],[134.339453,47.429492],[134.38252,47.438232],[134.483496,47.447363],[134.541895,47.485156],[134.596191,47.523877],[134.695801,47.624854],[134.728125,47.684473],[134.752344,47.71543],[134.698633,47.801416],[134.650293,47.874268],[134.591309,47.975195],[134.566016,48.02251],[134.605371,48.08291],[134.647266,48.120166],[134.669336,48.15332],[134.680859,48.210449],[134.665234,48.253906],[134.563574,48.321729],[134.456152,48.355322],[134.334961,48.368848],[134.293359,48.373437],[134.205859,48.359912],[133.842188,48.27373],[133.671777,48.207715],[133.573242,48.133008],[133.468359,48.097168],[133.301172,48.101514],[133.144043,48.105664],[133.020117,48.064404],[132.877148,47.979102],[132.772852,47.940088],[132.707227,47.947266],[132.636914,47.890088],[132.561914,47.768506],[132.47627,47.71499],[132.380176,47.729492],[132.149805,47.717969],[131.785254,47.680518],[131.556738,47.682031],[131.464258,47.722607],[131.319336,47.727832],[131.121875,47.697656],[131.002734,47.691455],[130.961914,47.709326],[130.932813,47.759814],[130.91543,47.84292],[130.848633,47.929443],[130.732617,48.019238],[130.712109,48.127637],[130.787207,48.25459],[130.804297,48.341504],[130.763477,48.388428],[130.746875,48.430371],[130.65918,48.483398],[130.597266,48.574658],[130.552148,48.60249],[130.565625,48.680127],[130.617188,48.773193],[130.553125,48.861182],[130.355273,48.866357],[130.195996,48.89165],[130.037109,48.972266],[129.792578,49.198877],[129.671094,49.278516],[129.591406,49.28667],[129.533691,49.323437],[129.498145,49.388818],[129.440723,49.389453],[129.384668,49.389453],[129.350098,49.362354],[129.309863,49.353857],[129.248438,49.378662],[129.185156,49.381396],[129.120117,49.362061],[129.065137,49.374658],[129.020313,49.419238],[128.938281,49.448926],[128.819336,49.46377],[128.770313,49.494727],[128.791016,49.541846],[128.769043,49.576953],[128.704004,49.600146],[128.526758,49.594238],[128.237109,49.559277],[127.999609,49.568604],[127.814258,49.622119],[127.711133,49.671533],[127.690137,49.716748],[127.636719,49.760205],[127.550781,49.801807],[127.502441,49.873437],[127.491797,49.975049],[127.512305,50.07168],[127.590234,50.208984],[127.395313,50.298584],[127.337207,50.350146],[127.351172,50.393604],[127.34082,50.428076],[127.306055,50.453516],[127.308203,50.494189],[127.347168,50.550098],[127.346875,50.621338],[127.307031,50.707959],[127.198242,50.829443],[127.02041,50.985889],[126.924805,51.100146],[126.911523,51.172314],[126.887695,51.230127],[126.854395,51.261377],[126.833789,51.314893],[126.847754,51.37417],[126.827344,51.412256],[126.801758,51.448047],[126.805469,51.505664],[126.774512,51.545068],[126.70918,51.566309],[126.688672,51.609912],[126.700781,51.703027],[126.653711,51.781299],[126.510547,51.92583],[126.468066,52.031299],[126.455566,52.126465],[126.394824,52.172998],[126.391504,52.214502],[126.383496,52.286523],[126.346289,52.30625],[126.324219,52.331641],[126.341699,52.362012],[126.312891,52.399756],[126.237598,52.444824],[126.20293,52.483838],[126.194434,52.519141],[126.156641,52.546631],[126.045898,52.57334],[126.016016,52.610205],[126.023242,52.643018],[126.04707,52.673486],[126.060156,52.691992],[126.056055,52.715869],[126.048145,52.739453],[126.004297,52.767871],[125.941602,52.800684],[125.871875,52.871533],[125.782813,52.890723],[125.728125,52.890723],[125.680762,52.930811],[125.695312,52.956299],[125.691699,53.003711],[125.649023,53.042285],[125.595996,53.057471],[125.545996,53.047607],[125.422461,53.08374],[125.225586,53.16582],[125.075,53.203662],[124.970898,53.197314],[124.906641,53.172656],[124.882129,53.129736],[124.812305,53.133838],[124.639844,53.210645],[124.465918,53.229639],[124.369141,53.270947],[124.291406,53.340869],[124.219922,53.370117],[124.154297,53.358691],[123.994727,53.405615],[123.740918,53.510986],[123.607813,53.546533],[123.559766,53.52666],[123.534766,53.526465],[123.489453,53.529443],[123.424023,53.530762],[123.30957,53.555615],[123.154102,53.54458],[122.957617,53.497705],[122.744727,53.468506],[122.51582,53.456982],[122.380176,53.4625],[122.337793,53.48501],[122.088867,53.451465],[121.743945,53.383594],[121.405469,53.317041],[120.985449,53.28457],[120.704102,53.171826],[120.421289,52.968066],[120.218164,52.839893],[120.094531,52.787207],[120.044336,52.718213],[120.067578,52.63291],[120.172754,52.60249],[120.360059,52.627002],[120.521094,52.615039],[120.656152,52.56665],[120.699219,52.493604],[120.650391,52.395898],[120.66543,52.299902],[120.744531,52.205469],[120.749805,52.096533],[120.681445,51.973047],[120.510547,51.848535],[120.237012,51.722998],[120.066895,51.600684],[119.966992,51.422119],[119.813184,51.267041],[119.756641,51.179492],[119.745996,51.107715],[119.684961,51.030127],[119.573438,50.946777],[119.512305,50.863135],[119.501758,50.779248],[119.445703,50.702832],[119.344043,50.633887],[119.280664,50.560986],[119.255859,50.48418],[119.216699,50.43252],[119.163672,50.406006],[119.191895,50.379834],[119.301562,50.353906],[119.346289,50.278955],[119.326074,50.154932],[119.259863,50.066406],[119.147461,50.013379],[118.979492,49.978857],[118.755957,49.962842],[118.451563,49.844482],[118.186621,49.692773],[117.873438,49.513477],[117.812598,49.513525],[117.698438,49.53584],[117.477148,49.609424],[117.245605,49.624854],[117.02168,49.692969],[116.888965,49.737793],[116.683301,49.823779],[116.631543,49.877051],[116.551172,49.920312],[116.351172,49.978076],[116.216797,50.009277],[116.13457,50.010791],[115.925977,49.952148],[115.795215,49.905908],[115.717773,49.880615],[115.587988,49.886035],[115.429199,49.896484],[115.365039,49.911768],[115.274512,49.948877],[115.098047,50.059424],[115.00332,50.138574],[114.87959,50.183057],[114.743164,50.233691],[114.674902,50.245703],[114.554004,50.241455],[114.386328,50.255469],[114.29707,50.274414],[114.221777,50.257275],[114.070703,50.204736],[113.881152,50.101123],[113.732422,50.061523],[113.574219,50.007031],[113.445508,49.941602],[113.319043,49.874316],[113.16416,49.797168],[113.09209,49.692529],[113.055566,49.61626],[112.914844,49.569238],[112.806445,49.523584],[112.697363,49.507275],[112.494922,49.532324],[112.375195,49.5146],[112.079688,49.424219],[111.934473,49.416016],[111.833398,49.403613],[111.735547,49.397754],[111.574805,49.376416],[111.511914,49.360937],[111.429297,49.342627],[111.336621,49.355859],[111.204199,49.304297],[110.82793,49.166162],[110.709766,49.142969],[110.631055,49.137598],[110.52959,49.187061],[110.427832,49.219971],[110.321387,49.215869],[110.199902,49.17041],[109.994531,49.205615],[109.750391,49.239307],[109.528711,49.269873],[109.453711,49.296338],[109.236719,49.334912],[108.919922,49.335352],[108.733008,49.335645],[108.613672,49.322803],[108.522461,49.341504],[108.406934,49.396387],[108.213086,49.524805],[108.098047,49.562646],[108.033789,49.593994],[108.00957,49.646875],[107.96543,49.653516],[107.936719,49.691016],[107.93877,49.740723],[107.934863,49.849023],[107.947852,49.924707],[107.916602,49.947803],[107.786816,49.96001],[107.630957,49.983105],[107.34707,49.98667],[107.233301,49.989404],[107.143066,50.033008],[107.040234,50.086475],[106.941309,50.19668],[106.853711,50.248291],[106.711133,50.312598],[106.574414,50.328809],[106.368457,50.317578],[106.217871,50.30459],[106.08252,50.332568],[105.996484,50.36792],[105.875195,50.405371],[105.692578,50.41416],[105.541602,50.44126],[105.383594,50.47373],[105.266699,50.460498],[105.185938,50.42959],[105.094727,50.389941],[104.976953,50.38291],[104.685352,50.341846],[104.596387,50.317187],[104.466309,50.306152],[104.353906,50.275293],[104.259961,50.214453],[104.179688,50.169434],[104.078711,50.154248],[103.958496,50.157275],[103.856152,50.171826],[103.802637,50.176074],[103.723242,50.153857],[103.63291,50.138574],[103.496289,50.164941],[103.421191,50.187061],[103.304395,50.200293],[103.233789,50.264258],[103.161719,50.290723],[103.039453,50.300635],[102.859668,50.333252],[102.76543,50.366553],[102.683301,50.387158],[102.546289,50.461328],[102.469434,50.525684],[102.406836,50.536182],[102.336426,50.544238],[102.288379,50.585107],[102.285742,50.634668],[102.30332,50.665527],[102.316602,50.718457],[102.276563,50.768701],[102.235059,50.791211],[102.215039,50.829443],[102.226172,50.901465],[102.210254,50.974316],[102.194531,51.050684],[102.151953,51.10752],[102.142383,51.216064],[102.160059,51.26084],[102.155664,51.31377],[102.111523,51.353467],[101.979199,51.382227],[101.821191,51.421045],[101.570898,51.467187],[101.464355,51.471484],[101.38125,51.452637],[101.304492,51.474756],[101.223242,51.513281],[101.085352,51.553027],[100.903613,51.604248],[100.710742,51.661572],[100.53623,51.713477],[100.468945,51.726074],[100.230371,51.729834],[100.03457,51.737109],[99.92168,51.755518],[99.787891,51.827539],[99.719238,51.871631],[99.612891,51.892529],[99.532324,51.899902],[99.407031,51.923535],[99.176172,51.998877],[99.091406,52.034863],[99.034277,52.0354],[98.958105,52.101709],[98.893164,52.117285],[98.848633,52.070068],[98.802539,51.957471],[98.760156,51.905078],[98.640527,51.801172],[98.352734,51.717627],[98.303125,51.674268],[98.276855,51.63457],[98.2375,51.578418],[98.219922,51.505615],[98.184668,51.485742],[98.103125,51.483545],[98.037598,51.449951],[97.98916,51.377051],[97.946875,51.348437],[97.923242,51.280469],[97.927344,51.250732],[97.917871,51.217871],[97.91084,51.165186],[97.835742,51.05166],[97.825293,50.985254],[97.856152,50.943359],[97.919824,50.887158],[97.953125,50.855176],[97.96416,50.817676],[97.961914,50.769141],[98.001172,50.702051],[98.029785,50.644629],[98.078906,50.603809],[98.14502,50.568555],[98.220508,50.557178],[98.279492,50.533252],[98.292676,50.486963],[98.277344,50.422998],[98.250293,50.302441],[98.2,50.227686],[98.170117,50.180566],[98.121973,50.106592],[98.103418,50.077832],[98.003906,50.014258],[97.936621,49.996777],[97.853906,49.946777],[97.785547,49.944531],[97.720703,49.944629],[97.650977,49.933594],[97.589355,49.911475],[97.54082,49.843115],[97.418359,49.773047],[97.359766,49.741455],[97.208594,49.730811],[97.136914,49.761719],[97.097656,49.805029],[97.049121,49.829883],[96.985742,49.882812],[96.711719,49.911572],[96.640234,49.897852],[96.598437,49.878418],[96.543262,49.892529],[96.505762,49.918701],[96.466406,49.911523],[96.381152,49.896045],[96.315039,49.901123],[96.229688,49.954102],[96.111719,49.982471],[96.065527,49.99873],[96.018555,49.998779],[95.989551,49.973584],[95.935742,49.96001],[95.899414,49.990576],[95.851953,50.012939],[95.789355,50.0125],[95.707812,49.966016],[95.567187,49.943848],[95.522656,49.91123],[95.441797,49.915527],[95.385645,49.941211],[95.329492,49.944141],[95.166211,49.943848],[95.111426,49.935449],[95.044336,49.961572],[95.012891,50.008252],[94.930273,50.04375],[94.81123,50.048193],[94.718066,50.043262],[94.675488,50.028076],[94.614746,50.02373],[94.564648,50.087939],[94.496875,50.132812],[94.458496,50.165723],[94.400195,50.179639],[94.354688,50.221826],[94.346875,50.303418],[94.319336,50.404883],[94.287012,50.511377],[94.251074,50.556396],[94.075781,50.572852],[93.989844,50.568848],[93.79541,50.577637],[93.662012,50.583691],[93.625586,50.585547],[93.501074,50.597461],[93.386816,50.608496],[93.270508,50.615576],[93.222559,50.606543],[93.103125,50.603906],[93.009863,50.654541],[92.970703,50.7125],[92.963574,50.744922],[92.941309,50.778223],[92.856445,50.789111],[92.779297,50.778662],[92.738672,50.710938],[92.681348,50.683203],[92.62666,50.688281],[92.578906,50.725439],[92.486426,50.765088],[92.426367,50.803076],[92.354785,50.86416],[92.295801,50.849805],[92.279004,50.812207],[92.265332,50.775195],[92.192383,50.700586],[92.104004,50.691992],[91.956543,50.697607],[91.804297,50.693604],[91.706348,50.665527],[91.63418,50.615137],[91.596875,50.575537],[91.52168,50.562012],[91.446484,50.522168],[91.415039,50.468018],[91.34082,50.470068],[91.300586,50.463379],[91.233789,50.452393],[91.062793,50.422607],[91.021582,50.415479],[90.917188,50.36416],[90.838086,50.32373],[90.760742,50.305957],[90.714355,50.259424],[90.655078,50.222363],[90.516895,50.21333],[90.364844,50.166895],[90.311328,50.151172],[90.224512,50.116699],[90.103711,50.10332],[90.053711,50.09375],[90.00498,50.069287],[89.977344,49.984326],[89.878027,49.953516],[89.744238,49.948096],[89.643848,49.903027],[89.634277,49.823291],[89.669531,49.750488],[89.654102,49.71748],[89.579199,49.699707],[89.475,49.660547],[89.395605,49.611523],[89.299219,49.611133],[89.243945,49.627051],[89.20293,49.595703],[89.17998,49.532227],[89.109473,49.501367],[89.008398,49.472803],[88.970605,49.48374],[88.94541,49.507666],[88.900195,49.539697],[88.863867,49.527637],[88.860352,49.481543],[88.831641,49.448437],[88.747852,49.44624],[88.682715,49.464551],[88.633203,49.486133],[88.544336,49.482568],[88.452441,49.472705],[88.393359,49.482861],[88.337793,49.472559],[88.192578,49.451709],[88.135547,49.381494],[88.134277,49.298437],[88.115723,49.256299],[88.028516,49.219775],[87.988086,49.186914],[87.934766,49.164551],[87.818262,49.162109],[87.814258,49.162305],[87.7625,49.16582],[87.668359,49.147217],[87.576563,49.132373],[87.51582,49.122412],[87.476172,49.091455],[87.416699,49.076611],[87.322852,49.085791],[87.296875,49.147656],[87.233691,49.216162],[87.148047,49.239795],[87.070605,49.25459],[87.000977,49.287305],[86.95293,49.32207],[86.812109,49.487891],[86.714355,49.558594],[86.626465,49.562695],[86.614258,49.609717],[86.665332,49.656689],[86.730664,49.695557],[86.728711,49.748682],[86.675488,49.777295],[86.610156,49.769141],[86.522266,49.707764],[86.417969,49.638477],[86.292383,49.5875],[86.242188,49.546338],[86.180859,49.499316],[86.092969,49.505469],[86.02959,49.503418],[85.974414,49.499316],[85.933594,49.550439],[85.880469,49.556543],[85.498438,49.605371],[85.371582,49.623926],[85.291895,49.599463],[85.232617,49.61582],[85.210156,49.664844],[85.136523,49.750732],[85.076465,49.821631],[85.000781,49.894141],[84.975195,49.951074],[84.999707,50.010303],[84.989453,50.061426],[84.924023,50.087988],[84.838965,50.091309],[84.607324,50.202393],[84.499023,50.21875],[84.400977,50.23916],[84.323242,50.23916],[84.257812,50.288232],[84.194531,50.437451],[84.175977,50.520557],[84.099316,50.604736],[84.002344,50.676855],[83.945117,50.774658],[83.859766,50.818018],[83.717773,50.887158],[83.581445,50.935742],[83.357324,50.99458],[83.27373,50.99458],[83.160254,50.989209],[83.092773,50.960596],[83.019238,50.897266],[82.919043,50.893115],[82.76084,50.893359],[82.718555,50.869482],[82.692969,50.826318],[82.611719,50.771484],[82.493945,50.727588],[82.326367,50.741895],[82.211914,50.719434],[82.098047,50.71084],[81.933691,50.766357],[81.752051,50.764404],[81.633887,50.739111],[81.465918,50.739844],[81.431445,50.771143],[81.451563,50.823682],[81.437695,50.871045],[81.410156,50.909766],[81.388281,50.956494],[81.319141,50.966406],[81.124609,50.946289],[81.071484,50.96875],[81.077539,51.014941],[81.112402,51.072363],[81.141016,51.146582],[81.127246,51.191064],[81.026758,51.185693],[80.965625,51.189795],[80.934082,51.242773],[80.877344,51.281445],[80.813086,51.283496],[80.735254,51.293408],[80.650488,51.277344],[80.605469,51.224219],[80.550684,51.216602],[80.491016,51.201758],[80.448047,51.18335],[80.421484,51.136377],[80.433594,51.092627],[80.452246,50.997607],[80.423633,50.946289],[80.345215,50.919092],[80.27041,50.924609],[80.220215,50.911768],[80.127246,50.85835],[80.086328,50.83999],[80.07207,50.807275],[80.065918,50.758203],[79.98623,50.774561],[79.859668,50.955469],[79.716406,51.16001],[79.554297,51.377979],[79.468848,51.493115],[79.14873,51.868115],[78.99209,52.047412],[78.721484,52.357031],[78.475488,52.638428],[78.198047,52.929688],[78.033496,53.094971],[77.859961,53.269189],[77.799414,53.317432],[77.704395,53.37915],[77.469238,53.498779],[77.132422,53.670117],[76.820703,53.822656],[76.575684,53.942529],[76.513086,53.993213],[76.484766,54.022559],[76.458594,54.055273],[76.42207,54.113525],[76.42168,54.151514],[76.65459,54.145264],[76.703027,54.182471],[76.788965,54.321875],[76.837305,54.442383],[76.759375,54.436865],[76.615527,54.387109],[76.53916,54.351074],[76.496484,54.335693],[76.266602,54.311963],[76.140527,54.258545],[75.880664,54.167969],[75.692871,54.114795],[75.656836,54.106006],[75.437207,54.089648],[75.398145,54.068506],[75.392383,54.021729],[75.377051,53.970117],[75.220215,53.893799],[75.052148,53.826709],[74.988965,53.819238],[74.886816,53.834033],[74.83418,53.825684],[74.681445,53.754395],[74.451953,53.647266],[74.430469,53.603711],[74.429297,53.550732],[74.402734,53.504443],[74.351562,53.487646],[74.277344,53.527734],[74.209961,53.576465],[74.068652,53.611426],[73.858984,53.619727],[73.731152,53.602783],[73.642969,53.57627],[73.469922,53.468896],[73.406934,53.447559],[73.371875,53.454395],[73.361914,53.506201],[73.326855,53.543164],[73.285742,53.598389],[73.305664,53.707227],[73.399414,53.811475],[73.554199,53.868311],[73.678906,53.929443],[73.715527,53.996191],[73.712402,54.042383],[73.666406,54.063477],[73.617969,54.067383],[73.589941,54.044971],[73.505664,53.999316],[73.380664,53.962842],[73.276563,53.955615],[73.229883,53.957812],[73.119336,53.980762],[72.914062,54.107324],[72.741016,54.124512],[72.622266,54.134326],[72.582715,54.121582],[72.564258,54.09043],[72.575586,54.056494],[72.599219,54.023047],[72.585938,53.995947],[72.530273,53.975781],[72.446777,53.941846],[72.404297,53.964453],[72.383008,54.053662],[72.387305,54.123047],[72.329492,54.181445],[72.269141,54.272119],[72.186035,54.325635],[72.105371,54.308447],[72.065625,54.231641],[72.004492,54.205664],[71.887402,54.221484],[71.677148,54.178027],[71.336426,54.15835],[71.093164,54.212207],[71.052734,54.260498],[71.152148,54.364062],[71.159766,54.45542],[71.15918,54.538623],[71.185547,54.599316],[71.12627,54.715039],[70.991797,54.950488],[70.910156,55.127979],[70.790332,55.261133],[70.738086,55.305176],[70.486328,55.282373],[70.417188,55.253174],[70.371484,55.212256],[70.293359,55.183594],[70.182422,55.162451],[70.087402,55.176758],[69.981738,55.199072],[69.870215,55.245654],[69.740234,55.307373],[69.493262,55.356885],[69.246973,55.37251],[68.977246,55.3896],[68.842969,55.35835],[68.712891,55.308496],[68.524805,55.204834],[68.438477,55.194434],[68.301953,55.186523],[68.20625,55.160937],[68.225293,55.115234],[68.244043,55.052441],[68.209375,55.003027],[68.155859,54.976709],[68.073828,54.95957],[67.939941,54.953711],[67.829883,54.943555],[67.693359,54.872412],[67.484668,54.854492],[67.257324,54.828809],[67.09834,54.788184],[66.754492,54.737891],[66.555371,54.71543],[66.222656,54.667383],[65.954688,54.659521],[65.914258,54.693311],[65.707813,54.618701],[65.476953,54.623291],[65.434375,54.593311],[65.378125,54.564453],[65.315918,54.551562],[65.237402,54.516064],[65.192188,54.441113],[65.157813,54.364404],[65.088379,54.340186],[64.99541,54.36875],[64.926758,54.396631],[64.809277,54.368555],[64.649902,54.352246],[64.525098,54.362158],[64.46123,54.38418],[64.199414,54.347412],[64.062891,54.30293],[64.037402,54.279736],[64.003906,54.26709],[63.84707,54.236475],[63.721191,54.24502],[63.701367,54.243213],[63.582031,54.221924],[63.413672,54.183203],[63.292676,54.170459],[63.191309,54.171045],[63.126563,54.139258],[63.073926,54.105225],[62.632715,54.069287],[62.588281,54.044434],[62.499023,54.013184],[62.040234,54.002637],[62.002344,53.979932],[61.985645,53.954395],[61.928711,53.946484],[61.598145,53.994922],[61.333691,54.049268],[61.231055,54.019482],[61.14375,53.963818],[61.113184,53.882471],[61.113184,53.812988],[61.113184,53.753467],[61.073535,53.710449],[60.985547,53.657422],[60.979492,53.621729],[61.098535,53.583105],[61.247949,53.550977],[61.336133,53.565186],[61.409961,53.587061],[61.474121,53.580273],[61.519141,53.554492],[61.534961,53.523291],[61.526563,53.501562],[61.498535,53.484668],[61.400977,53.455811],[61.311621,53.465723],[61.228906,53.445898],[61.185938,53.406201],[61.162793,53.336768],[61.199219,53.287158],[61.310938,53.275195],[61.436816,53.239404],[61.576172,53.222461],[61.659863,53.228467],[61.766211,53.173926],[62.014648,53.107861],[62.081055,53.057422],[62.082715,53.00542],[62.037109,52.966113],[61.974219,52.94375],[61.888574,52.955908],[61.719336,52.969385],[61.533594,52.978516],[61.400781,52.995996],[61.206934,52.989062],[61.047461,52.972461],[61.006543,52.93335],[60.944727,52.860156],[60.893262,52.819434],[60.802344,52.744727],[60.774414,52.675781],[60.821289,52.569824],[60.979492,52.394775],[60.994531,52.336865],[60.937598,52.280566],[60.828418,52.233398],[60.670313,52.15083],[60.499316,52.146338],[60.425488,52.125586],[60.233691,52.024512],[60.065527,51.976465],[60.030273,51.933252],[60.06748,51.890625],[60.280371,51.834619],[60.3875,51.772998],[60.418359,51.703906],[60.464746,51.651172],[60.630371,51.616943],[60.973535,51.537061],[60.993359,51.528711],[61.014844,51.492383],[61.363086,51.441895],[61.411328,51.414746],[61.554688,51.324609],[61.585059,51.229687],[61.512207,51.137012],[61.465039,50.990234],[61.389453,50.861035],[61.226855,50.774805],[60.942285,50.695508],[60.637988,50.663721],[60.508496,50.669189],[60.424805,50.67915],[60.288086,50.70415],[60.186719,50.769775],[60.112109,50.83418],[60.058594,50.850293],[60.005273,50.839697],[59.955176,50.799268],[59.887793,50.690186],[59.812402,50.582031],[59.751172,50.543945],[59.523047,50.492871],[59.497852,50.511084],[59.523926,50.582812],[59.495117,50.604297],[59.452344,50.62041],[59.170898,50.6479],[59.064355,50.668213],[58.984863,50.676123],[58.883691,50.694434],[58.814063,50.737207],[58.664551,50.868311],[58.547461,50.971045],[58.35918,51.063818],[58.188477,51.081738],[58.174707,51.072266],[58.045117,51.068848],[57.838867,51.09165],[57.828906,51.089014],[57.764844,51.046875],[57.716992,50.980957],[57.653809,50.925146],[57.557813,50.895557],[57.442188,50.888867],[57.3125,50.946533],[57.179004,51.036035],[57.011719,51.065186],[56.849609,51.045557],[56.790332,51.031592],[56.620215,50.980859],[56.566895,51.004492],[56.491406,51.019531],[56.325586,50.936084],[56.143945,50.844629],[56.104492,50.77627],[56.049707,50.713525],[55.929199,50.65376],[55.797656,50.602051],[55.68623,50.582861],[55.542285,50.601807],[55.361133,50.665283],[55.195215,50.744727],[55.014844,50.869775],[54.867969,50.941357],[54.727148,50.998096],[54.641602,51.011572],[54.572949,50.990234],[54.546094,50.946045],[54.565625,50.911279],[54.60625,50.879883],[54.637891,50.781055],[54.65,50.660156],[54.636133,50.591602],[54.596191,50.550684],[54.555273,50.535791],[54.517383,50.541162],[54.471484,50.583789],[54.443359,50.673926],[54.421484,50.780322],[54.297852,50.914062],[54.191113,50.995703],[54.139746,51.040771],[54.041504,51.115186],[53.956836,51.161182],[53.776465,51.213721],[53.688086,51.251807],[53.534668,51.399561],[53.448633,51.444531],[53.338086,51.482373],[53.247266,51.493604],[53.227344,51.484961],[53.038379,51.463721],[52.902637,51.466943],[52.820508,51.49458],[52.735059,51.4979],[52.728125,51.498145],[52.635156,51.479541],[52.617773,51.480762],[52.571191,51.481641],[52.496191,51.512158],[52.423047,51.594238],[52.331055,51.681299],[52.219141,51.709375],[52.007129,51.672705],[51.775391,51.554248],[51.609082,51.483984],[51.473438,51.482031],[51.395996,51.471289],[51.344531,51.475342],[51.301074,51.497412],[51.290723,51.540186],[51.269922,51.594482],[51.163477,51.647461],[51.017871,51.681641],[50.882422,51.719189],[50.793945,51.729199],[50.756152,51.675146],[50.643945,51.58916],[50.516309,51.505615],[50.353711,51.369727],[50.309277,51.321582],[50.246875,51.289502],[50.104883,51.25459],[49.932324,51.197168],[49.822266,51.131885],[49.666309,51.102295],[49.498047,51.083594],[49.424609,51.027002],[49.379492,50.934668],[49.323438,50.851709],[49.058691,50.726074],[48.91377,50.64458],[48.808398,50.601318],[48.734766,50.606885],[48.655176,50.619873],[48.625098,50.612695],[48.666016,50.550342],[48.700488,50.35376],[48.749414,50.228467],[48.784766,50.156445],[48.817969,50.099854],[48.843262,50.013135],[48.810254,49.962402],[48.758984,49.92832],[48.6,49.874707],[48.434277,49.828516],[48.334961,49.858252],[48.224805,49.931934],[48.181348,49.97002],[48.060742,50.093604],[47.849609,50.282324],[47.705762,50.377979],[47.599609,50.413574],[47.503613,50.402734],[47.429199,50.357959],[47.376367,50.318115],[47.326465,50.273535],[47.294727,50.21748],[47.297656,50.140234],[47.295215,50.058496],[47.24834,50.000879],[47.12959,49.939062],[46.991992,49.852734],[46.889551,49.696973],[46.823145,49.502246],[46.802051,49.36709],[46.85293,49.303857],[46.953418,49.252588],[47.018164,49.199902],[47.031348,49.150293],[47.014258,49.09834],[46.962207,49.03833],[46.85293,48.969629],[46.702637,48.805566],[46.60918,48.573877],[46.660938,48.412256],[46.853125,48.323584],[47.004297,48.284473],[47.064648,48.232471],[47.119043,48.127002],[47.111523,48.020117],[47.093262,47.947705],[47.130762,47.876758],[47.202051,47.79248],[47.292383,47.740918],[47.387305,47.768652],[47.481934,47.803906],[47.600195,47.78999],[47.934668,47.760693],[48.109961,47.74541],[48.166992,47.708789],[48.275684,47.589941],[48.413086,47.456494],[48.552539,47.320996],[48.600684,47.262305],[48.714355,47.100488],[48.831836,46.954932],[48.959375,46.774609],[48.950293,46.725781],[48.883594,46.70542],[48.776367,46.710352],[48.693555,46.736816],[48.64707,46.758691],[48.605273,46.765918],[48.558398,46.757129],[48.518555,46.734326],[48.502344,46.698633],[48.50918,46.649951],[48.541211,46.605615],[48.586035,46.5771],[48.610156,46.566455],[48.774316,46.507959],[48.958984,46.442139],[49.184277,46.348828],[49.232227,46.337158],[49.245898,46.291602],[49.125488,46.281738],[49.110645,46.228467],[49.07959,46.189209],[48.809961,46.100488],[48.742578,46.100732],[48.683691,46.086182],[48.687305,46.02876],[48.703418,45.976221],[48.749609,45.920557],[48.72959,45.896826],[48.689648,45.888867],[48.637402,45.905762],[48.589063,45.934863],[48.537305,45.942139],[48.487012,45.934863],[48.257617,45.777783],[48.15918,45.737012],[48.052832,45.720996],[47.830176,45.663037],[47.763965,45.665967],[47.701074,45.686182],[47.649805,45.656738],[47.633301,45.584033],[47.574023,45.634277],[47.508398,45.67417],[47.479395,45.687598],[47.463281,45.679688],[47.524219,45.601709],[47.529492,45.530225],[47.514551,45.490918],[47.488672,45.455078],[47.454492,45.433057],[47.413086,45.421045],[47.391113,45.294775],[47.35127,45.217725],[47.296191,45.149463],[47.221484,45.024268],[47.161523,44.969629],[47.114746,44.905957],[47.083789,44.816992],[47.039258,44.837891],[47.00293,44.876074],[46.983691,44.825586],[46.957422,44.782568],[46.841211,44.718262],[46.755273,44.656543],[46.716113,44.560693],[46.707227,44.50332],[46.720898,44.45166],[46.753027,44.420654],[46.915723,44.387158],[47.023633,44.343262],[47.122656,44.26167],[47.229883,44.192383],[47.307031,44.103125],[47.361523,43.993359],[47.429199,43.779883],[47.462793,43.555029],[47.562598,43.834668],[47.646484,43.884619],[47.627832,43.805957],[47.567969,43.684961],[47.508984,43.509717],[47.489844,43.381689],[47.511621,43.270752],[47.512891,43.21875],[47.463184,43.035059],[47.488867,42.999756],[47.529004,42.967139],[47.634863,42.903467],[47.709082,42.810937],[47.727734,42.680713],[47.769727,42.644775],[47.822363,42.613477],[48.080176,42.353711],[48.228613,42.180957],[48.303027,42.080225],[48.383789,41.953418],[48.426367,41.923975],[48.476758,41.905127],[48.572852,41.844482],[48.518652,41.779346],[48.430664,41.66333],[48.391406,41.601904],[48.298145,41.54502],[48.142285,41.484766],[48.056055,41.458691],[47.963672,41.333984],[47.861133,41.212744],[47.791016,41.199268],[47.591797,41.218115],[47.520605,41.229053],[47.317676,41.282422],[47.261133,41.315088],[47.205273,41.455615],[47.142578,41.516064],[47.063965,41.554688],[47.010156,41.5875],[46.987793,41.621387],[46.930859,41.67041],[46.825586,41.743408],[46.749316,41.812598],[46.690332,41.831348],[46.616016,41.806934],[46.571289,41.800098],[46.552148,41.812305],[46.537695,41.87041],[46.429883,41.890967],[46.411523,41.904639],[46.267773,41.960352],[46.212695,41.989893],[46.159766,41.992041],[46.048438,42.00874],[45.954004,42.0354],[45.910352,42.070703],[45.845996,42.109961],[45.726562,42.158887],[45.638574,42.205078],[45.634277,42.234717],[45.688379,42.357373],[45.727539,42.475049],[45.705273,42.498096],[45.655566,42.517676],[45.562891,42.535742],[45.34375,42.529785],[45.208203,42.648242],[45.160254,42.675],[45.071582,42.694141],[44.943359,42.730273],[44.870996,42.756396],[44.850488,42.746826],[44.771094,42.616797],[44.691797,42.709619],[44.644336,42.734717],[44.576465,42.748486],[44.505859,42.748633],[44.329492,42.703516],[44.199707,42.653613],[44.102734,42.616357],[44.004688,42.595605],[43.957422,42.566553],[43.825977,42.571533],[43.759863,42.593848],[43.738379,42.616992],[43.749902,42.65752],[43.79541,42.702979],[43.79873,42.727783],[43.782617,42.747021],[43.623047,42.807715],[43.557813,42.844482],[43.347949,42.89668],[43.08916,42.989062],[43.000195,43.049658],[42.991602,43.091504],[42.890039,43.132617],[42.760645,43.16958],[42.660254,43.159082],[42.566016,43.155127],[42.419043,43.224219],[42.279688,43.228076],[42.122266,43.207324],[42.087793,43.199121],[42.05,43.190137],[41.580566,43.219238],[41.460742,43.276318],[41.358203,43.333398],[41.083105,43.374463],[40.941992,43.418066],[40.80166,43.479932],[40.648047,43.533887],[40.518945,43.512012],[40.342285,43.542725],[40.150195,43.569775],[40.08457,43.553125],[40.02373,43.484863],[39.97832,43.419824],[39.873633,43.472803],[39.516699,43.727881],[39.329395,43.897266],[38.717285,44.288086],[38.63584,44.318018],[38.311816,44.374463],[38.18125,44.419678],[37.851465,44.698828],[37.704883,44.661377],[37.572461,44.67085],[37.495117,44.695264],[37.411328,44.735352],[37.352344,44.788379],[37.284082,44.905029],[37.204785,44.971973],[36.944434,45.06958],[36.650781,45.126465],[36.627637,45.151318],[36.619141,45.185498],[36.873047,45.251758],[36.941211,45.289697],[36.811035,45.340039],[36.761621,45.34834],[36.72041,45.371875],[36.79375,45.409717],[36.865918,45.427051],[36.977832,45.383594],[37.103516,45.302881],[37.213574,45.272314],[37.264258,45.310937],[37.647168,45.377197],[37.672949,45.429736],[37.671875,45.488379],[37.634375,45.486328],[37.609961,45.499512],[37.612402,45.564697],[37.669238,45.654053],[37.840918,45.799561],[37.933105,46.001709],[38.014258,46.047754],[38.073828,46.01709],[38.069727,45.969873],[38.07959,45.934814],[38.132812,46.002832],[38.183594,46.094824],[38.311816,46.095361],[38.400391,46.080029],[38.492285,46.090527],[38.315234,46.241943],[38.077734,46.394336],[37.977539,46.382861],[37.913867,46.406494],[37.80957,46.53208],[37.766504,46.636133],[37.867383,46.633789],[37.967969,46.618018],[38.159473,46.690674],[38.22998,46.70127],[38.343457,46.67832],[38.500977,46.663672],[38.487988,46.732178],[38.438672,46.813086],[38.630762,46.873047],[38.801074,46.906152],[39.126758,47.023438],[39.270703,47.044141],[39.289062,47.070898],[39.293457,47.105762],[39.244531,47.199512],[39.195703,47.268848],[39.02373,47.272217],[38.92832,47.175684],[38.668164,47.143945],[38.552441,47.150342],[38.644336,47.212207],[38.736035,47.23584],[38.761914,47.261621],[38.577246,47.239111],[38.484766,47.175537],[38.214355,47.091455],[38.205859,47.135596],[38.201367,47.175244],[38.221191,47.212744],[38.265332,47.236963],[38.280762,47.259033],[38.280762,47.27666],[38.241016,47.287695],[38.208008,47.296533],[38.201367,47.320801],[38.212402,47.342773],[38.243262,47.373682],[38.256543,47.408936],[38.258789,47.479541],[38.287402,47.55918],[38.368848,47.609961],[38.510938,47.622412],[38.640625,47.665918],[38.718945,47.714111],[38.822266,47.837012],[38.900293,47.855127],[39.057813,47.848486],[39.158496,47.837402],[39.391016,47.83374],[39.658496,47.841211],[39.735938,47.844824],[39.778711,47.887549],[39.775781,47.964453],[39.813965,48.035303],[39.885059,48.168359],[39.961035,48.237939],[39.95791,48.268896],[39.918164,48.281934],[39.866309,48.288428],[39.847461,48.302783],[39.849902,48.331934],[39.889844,48.360449],[39.882617,48.419092],[39.85752,48.484229],[39.835645,48.542773],[39.76543,48.571875],[39.644727,48.591211],[39.67041,48.662451],[39.70459,48.739355],[39.755859,48.78208],[39.792871,48.807715],[39.904102,48.79375],[39.984473,48.807373],[40.003613,48.82207],[39.98916,48.851416],[39.86377,48.877979],[39.75332,48.914453],[39.705664,48.95957],[39.686523,49.00791],[39.759473,49.036572],[39.889746,49.064062],[39.976367,49.129834],[40.07002,49.200293],[40.108789,49.251562],[40.12832,49.307227],[40.126172,49.368848],[40.057813,49.431543],[40.057813,49.49707],[40.094922,49.542676],[40.080664,49.576855],[40.030664,49.596729],[39.958496,49.590771],[39.876855,49.567676],[39.780566,49.572021],[39.626563,49.650684],[39.462793,49.728027],[39.368457,49.730664],[39.30293,49.742041],[39.245996,49.781934],[39.211816,49.833203],[39.174805,49.855957],[39.114941,49.841748],[39.027734,49.818408],[38.918359,49.824707],[38.77666,49.884326],[38.647754,49.952881],[38.551953,49.95459],[38.451172,49.964062],[38.258594,50.052344],[38.208691,50.051465],[38.177539,50.025391],[38.162695,49.954541],[38.146777,49.939404],[38.1125,49.927832],[38.046875,49.92002],[37.950293,49.964209],[37.704199,50.109082],[37.605078,50.214941],[37.582324,50.291846],[37.501367,50.340723],[37.422852,50.411475],[37.343164,50.417627],[37.254883,50.394971],[37.171094,50.360889],[37.13125,50.351514],[36.988477,50.339551],[36.759082,50.291846],[36.696387,50.24624],[36.619434,50.209229],[36.559668,50.234863],[36.499805,50.280469],[36.368848,50.296826],[36.306055,50.280469],[36.243359,50.311768],[36.189453,50.367822],[36.116406,50.408545],[36.007812,50.419678],[35.890234,50.437109],[35.796191,50.405762],[35.67373,50.345996],[35.591113,50.36875],[35.545508,50.43999],[35.488477,50.459912],[35.411621,50.539697],[35.391699,50.610937],[35.411621,50.642236],[35.440137,50.68208],[35.440137,50.727686],[35.417383,50.767578],[35.383203,50.798926],[35.346094,50.904297],[35.314746,50.949902],[35.309082,50.986914],[35.334766,51.021143],[35.311914,51.043896],[35.269141,51.046777],[35.198047,51.043896],[35.158105,51.060986],[35.115332,51.12085],[35.092578,51.180664],[35.064063,51.203418],[34.990234,51.201758],[34.868555,51.189209],[34.760352,51.169336],[34.712305,51.172217],[34.616797,51.203125],[34.491016,51.237061],[34.23418,51.243799],[34.213867,51.255371],[34.228418,51.276855],[34.280664,51.31167],[34.275,51.340186],[34.229883,51.363232],[34.206543,51.419922],[34.209277,51.484082],[34.200879,51.553809],[34.146777,51.607959],[34.11543,51.644971],[34.121094,51.67915],[34.23916,51.692236],[34.379297,51.716504],[34.402734,51.741504],[34.397852,51.78042],[34.113086,51.979639],[34.015332,52.155957],[33.92207,52.251465],[33.818848,52.315625],[33.735254,52.344775],[33.613379,52.332617],[33.451855,52.333789],[33.287109,52.353564],[33.148438,52.34043],[32.899707,52.256348],[32.806445,52.252637],[32.64541,52.279102],[32.50791,52.308545],[32.435449,52.307227],[32.391309,52.294824],[32.362988,52.272119],[32.282813,52.114014],[32.216797,52.082959],[32.122266,52.050586],[32.041602,52.04502],[31.973828,52.046631],[31.875586,52.070898],[31.782422,52.099414],[31.763379,52.101074],[31.758594,52.12583],[31.690625,52.220654],[31.649902,52.262207],[31.601562,52.284814],[31.577344,52.312305],[31.576563,52.426025],[31.585547,52.532471],[31.615918,52.546191],[31.526172,52.633008],[31.519434,52.69873],[31.563477,52.731445],[31.564844,52.759229],[31.535156,52.798242],[31.442773,52.861816],[31.353027,52.933447],[31.295117,52.989795],[31.258789,53.016699],[31.30293,53.060889],[31.364551,53.138965],[31.388379,53.184814],[31.417871,53.196045],[31.562988,53.20249],[31.668262,53.200928],[31.747461,53.18418],[31.777441,53.146875],[31.849707,53.106201],[32.055469,53.089453],[32.141992,53.091162],[32.250684,53.128369],[32.42627,53.210596],[32.469336,53.270312],[32.578027,53.312402],[32.644434,53.328906],[32.704297,53.336328],[32.710254,53.371436],[32.706445,53.419434],[32.685742,53.448145],[32.469629,53.546973],[32.442383,53.579248],[32.425195,53.617285],[32.450977,53.65332],[32.450195,53.69292],[32.200391,53.78125],[31.992188,53.796875],[31.820801,53.791943],[31.754199,53.810449],[31.783008,53.85498],[31.825293,53.93501],[31.837793,54.000781],[31.825977,54.030713],[31.791992,54.055908],[31.628418,54.111182],[31.403613,54.195947],[31.299121,54.291699],[31.245508,54.39165],[31.184766,54.452979],[31.074805,54.491797],[31.081934,54.51709],[31.154883,54.610937],[31.152148,54.625342],[31.121289,54.648486],[30.98418,54.695898],[30.798828,54.783252],[30.791016,54.806006],[30.804492,54.860937],[30.829883,54.91499],[30.866797,54.940723],[30.977734,55.050488],[30.977734,55.087793],[30.958887,55.137598],[30.877441,55.223437],[30.814453,55.278711],[30.810547,55.306982],[30.820996,55.330273],[30.861816,55.3604],[30.900586,55.397412],[30.908789,55.525342],[30.906836,55.57002],[30.882227,55.596387],[30.855957,55.60752],[30.800781,55.601123],[30.72168,55.622119],[30.662305,55.655469],[30.625586,55.66626],[30.586719,55.700293],[30.475391,55.768799],[30.45625,55.786816],[30.233594,55.845215],[30.042676,55.836426],[29.937012,55.845264],[29.881641,55.832324],[29.823926,55.795117],[29.744141,55.77041],[29.68457,55.769727],[29.630078,55.751172],[29.482227,55.68457],[29.412988,55.724854],[29.353418,55.784375],[29.373145,55.834717],[29.397949,55.881055],[29.396094,55.912207],[29.375,55.938721],[29.283008,55.967871],[29.087402,56.021143],[29.031738,56.021777],[28.947461,56.0021],[28.794727,55.942578],[28.74082,55.955371],[28.69082,56.002637],[28.636914,56.061768],[28.563965,56.091992],[28.407031,56.089014],[28.39209,56.086719],[28.316309,56.052539],[28.284277,56.055908],[28.147949,56.14292],[28.17334,56.190332],[28.202051,56.2604],[28.191699,56.315576],[28.169238,56.386865],[28.11084,56.510693],[28.103125,56.545703],[28.00752,56.599854],[27.991602,56.645312],[27.941406,56.703711],[27.89209,56.741064],[27.881543,56.82417],[27.848633,56.853418],[27.806055,56.86709],[27.655664,56.843213],[27.639453,56.845654],[27.711133,56.978076],[27.717383,57.054639],[27.762793,57.135107],[27.814551,57.166895],[27.830273,57.194482],[27.838281,57.247705],[27.828613,57.293311],[27.796875,57.316943],[27.672754,57.368115],[27.538672,57.429785],[27.511133,57.508154],[27.469727,57.524023],[27.351953,57.528125],[27.354297,57.550293],[27.371777,57.612549],[27.4,57.666797],[27.491992,57.724951],[27.514746,57.764209],[27.54209,57.799414],[27.752832,57.841016],[27.776953,57.856738],[27.778516,57.870703],[27.76875,57.884131],[27.721973,57.905469],[27.673438,57.934619],[27.644141,58.013916],[27.571094,58.138086],[27.502441,58.221338],[27.487793,58.270068],[27.505566,58.32627],[27.530078,58.381494],[27.531348,58.435254],[27.427051,58.733057],[27.43418,58.787256],[27.464453,58.841309],[27.513086,58.886279],[27.621777,58.944971],[27.757617,59.052002],[27.849512,59.192676],[27.897656,59.277637],[27.938184,59.297021],[28.016406,59.301709],[28.046094,59.327832],[28.061328,59.343262],[28.12832,59.357568],[28.151074,59.374414],[28.133008,59.403076],[28.06582,59.453174],[28.0125,59.484277],[28.063965,59.554004],[28.046289,59.647168],[28.013965,59.724756],[28.058008,59.781543],[28.131152,59.786523],[28.2125,59.724658],[28.33457,59.692529],[28.42373,59.734082],[28.453906,59.814258],[28.518164,59.849561],[28.603906,59.818066],[28.747656,59.806689],[28.866895,59.811914],[28.947266,59.82876],[28.981543,59.854785],[29.013379,59.901562],[29.079102,59.960986],[29.147266,59.999756],[29.669727,59.955664],[30.122559,59.873584],[30.156836,59.904297],[30.172656,59.957129],[30.059961,60.002588],[29.976758,60.026367],[29.872266,60.12085],[29.721191,60.195312],[29.569336,60.201855],[29.37041,60.175928],[29.069141,60.191455],[28.812695,60.331543],[28.643164,60.375293],[28.522266,60.482959],[28.491602,60.540137],[28.622461,60.491602],[28.640332,60.542871],[28.650586,60.610986],[28.577832,60.652539],[28.512793,60.677295],[28.179297,60.570996],[27.797656,60.536133],[28.151953,60.74585],[28.407422,60.896924],[28.455078,60.919629],[28.568164,60.960205],[28.662891,61.002832],[28.739063,61.05874],[28.992969,61.169043],[29.25166,61.287793],[29.492383,61.444238],[29.579395,61.493457],[29.690137,61.546094],[29.933203,61.711572],[30.009961,61.757373],[30.306445,61.964844],[30.479688,62.068213],[30.565625,62.127588],[30.935742,62.323779],[31.186719,62.481396],[31.285645,62.567822],[31.382422,62.69165],[31.437305,62.776123],[31.533984,62.8854],[31.536523,62.921631],[31.509277,62.955322],[31.437012,63.007715],[31.336719,63.068066],[31.247461,63.141895],[31.180859,63.208301],[30.974805,63.300635],[30.655273,63.41748],[30.418555,63.504053],[30.055371,63.689014],[29.991504,63.735156],[30.004102,63.747314],[30.210254,63.80332],[30.415332,63.94751],[30.503906,64.020605],[30.526074,64.077295],[30.52793,64.141113],[30.51377,64.2],[30.487891,64.236523],[30.390625,64.282422],[30.108105,64.366113],[30.041895,64.443359],[29.986621,64.524268],[29.985547,64.557715],[30.120117,64.644629],[30.126172,64.688086],[30.110254,64.732568],[30.072852,64.765039],[29.783203,64.804297],[29.70166,64.845752],[29.6375,64.911768],[29.604199,64.968408],[29.600879,65.001953],[29.622461,65.039502],[29.72002,65.080322],[29.81084,65.10791],[29.826953,65.145068],[29.826172,65.185303],[29.810547,65.204736],[29.629688,65.223877],[29.612402,65.234766],[29.608008,65.248682],[29.617188,65.265332],[29.714844,65.336963],[29.728027,65.473438],[29.819434,65.56875],[29.715918,65.624561],[29.723926,65.634375],[29.882617,65.663623],[30.029004,65.670703],[30.095313,65.681689],[30.102734,65.72627],[30.0875,65.786523],[29.936621,66.022949],[29.903418,66.091064],[29.803516,66.177051],[29.720703,66.234863],[29.670898,66.276123],[29.590723,66.356836],[29.544336,66.439697],[29.464355,66.532178],[29.371191,66.617041],[29.293262,66.695508],[29.093066,66.849219],[29.066211,66.891748],[29.069043,66.930225],[29.087012,66.970947],[29.243359,67.096582],[29.387695,67.201416],[29.572266,67.324365],[29.750586,67.426416],[29.941211,67.547461],[29.988086,67.668262],[29.979199,67.688574],[29.821582,67.754004],[29.524219,67.929102],[29.343848,68.061865],[29.062988,68.117969],[28.685156,68.189795],[28.560156,68.351367],[28.470703,68.488379],[28.479297,68.537646],[28.752051,68.771436],[28.777637,68.813818],[28.772852,68.840039],[28.744824,68.856445],[28.705957,68.865527],[28.453516,68.872266],[28.414062,68.90415],[28.566016,68.928223],[28.692188,68.961035],[28.898926,69.009668],[28.96582,69.021973],[29.118555,69.049951],[29.170898,69.071533],[29.209961,69.097021],[29.353027,69.270605],[29.388281,69.298145],[29.832715,69.360449],[29.994043,69.39248],[30.087305,69.432861],[30.131836,69.464258],[30.16377,69.501611],[30.186719,69.542773],[30.196484,69.580566],[30.159766,69.629883],[30.180176,69.63584],[30.227539,69.633789],[30.379688,69.584717],[30.61543,69.532568],[30.788867,69.528516],[30.860742,69.538428],[30.89668,69.56123],[30.922461,69.605811],[30.924121,69.651758],[30.869727,69.783447],[31.049512,69.769238],[31.452734,69.6896],[31.546973,69.696924],[31.666211,69.720996],[31.788574,69.815771],[31.879395,69.831982],[31.997949,69.809912],[32.030566,69.835303],[31.969336,69.913916],[31.98457,69.953662],[32.391602,69.868701],[32.56543,69.806494],[32.941699,69.751855],[33.007812,69.722119],[33.012598,69.670508],[32.994629,69.626172],[32.915039,69.601709],[32.754297,69.605713],[32.176758,69.674023],[32.091504,69.632568],[32.161328,69.596631],[32.330566,69.554248],[32.377734,69.479102],[32.636816,69.489453],[32.883789,69.46084],[32.999805,69.470117],[33.020996,69.445605],[32.941602,69.38335],[32.978906,69.367334],[33.255859,69.427734],[33.384863,69.444287],[33.454297,69.428174],[33.463672,69.378174],[33.417969,69.315283],[33.412988,69.267432],[33.327734,69.151855],[33.196387,69.116846],[33.141211,69.068701],[33.333398,69.098193],[33.435645,69.130371],[33.627051,69.28916],[33.684375,69.310254],[34.229395,69.313135],[34.352734,69.30293],[34.863965,69.228076],[35.00957,69.22124],[35.175879,69.230811],[35.233203,69.265576],[35.289844,69.275439],[35.85791,69.191748],[36.618262,69.003467],[37.730566,68.692139],[38.357617,68.415137],[38.430176,68.355615],[38.656836,68.321875],[38.705566,68.344727],[38.831543,68.324902],[39.568945,68.071729],[39.82334,68.058594],[39.789746,68.112158],[39.746289,68.162207],[39.809277,68.15083],[39.895605,68.114502],[40.035742,68.015381],[40.206641,67.941895],[40.380664,67.831885],[40.525781,67.789697],[40.656543,67.774072],[40.766309,67.743018],[40.966406,67.713477],[41.060938,67.444189],[41.133887,67.386035],[41.133887,67.266943],[41.261719,67.218457],[41.358789,67.209668],[41.354297,67.121436],[41.275586,66.914307],[41.188965,66.826172],[40.521582,66.446631],[40.10332,66.299951],[39.289062,66.132031],[38.653906,66.069043],[38.397559,66.064453],[37.900684,66.095605],[37.628223,66.12959],[37.294824,66.225049],[36.983691,66.272559],[36.769922,66.293555],[36.373438,66.302295],[35.513477,66.395801],[35.363965,66.428662],[34.824609,66.611133],[34.610254,66.559619],[34.482617,66.550342],[34.396094,66.613184],[34.430859,66.629785],[34.451563,66.651221],[34.146094,66.703271],[33.893652,66.706738],[33.75957,66.750977],[33.59541,66.784619],[33.522949,66.764355],[33.482031,66.764551],[33.150195,66.843945],[33.001953,66.908301],[32.847559,67.021533],[32.885254,67.061133],[32.930469,67.086816],[32.399902,67.152686],[31.895313,67.161426],[31.983008,67.129834],[32.201563,67.113232],[32.340625,67.067871],[32.500977,67.003857],[32.463672,66.916309],[32.686426,66.829541],[32.857324,66.746924],[32.862402,66.721387],[32.928711,66.704102],[33.180566,66.679932],[33.224414,66.603857],[33.18291,66.573877],[33.217383,66.531641],[33.405273,66.484277],[33.517676,66.471387],[33.655957,66.442627],[33.593262,66.38457],[33.476953,66.346875],[33.360547,66.329541],[33.41582,66.315625],[33.566699,66.320996],[34.112695,66.225244],[34.399805,66.128418],[34.691797,65.951855],[34.786328,65.864551],[34.793164,65.816357],[34.776953,65.768262],[34.734766,65.716309],[34.715527,65.664062],[34.615723,65.509912],[34.544141,65.456689],[34.406445,65.395752],[34.535938,65.27793],[34.671094,65.168115],[34.803516,64.985986],[34.827148,64.912695],[34.832617,64.800195],[34.952246,64.755957],[34.905469,64.738672],[34.858301,64.706689],[34.869531,64.56001],[35.035352,64.440234],[35.284082,64.362549],[35.432031,64.346777],[35.64707,64.37832],[35.802051,64.335352],[36.146484,64.189014],[36.301953,64.034375],[36.364941,64.002832],[36.71377,63.945068],[36.975195,63.909521],[37.372754,63.816748],[37.442188,63.813379],[37.635352,63.893408],[37.967969,63.949121],[38.070801,64.02583],[38.062207,64.091016],[37.977148,64.207031],[37.953711,64.320117],[37.843555,64.366309],[37.740625,64.396973],[37.42959,64.373584],[37.289551,64.37793],[37.183691,64.408496],[37.04043,64.48916],[36.769336,64.685254],[36.624219,64.750537],[36.578711,64.790967],[36.528223,64.847363],[36.53457,64.938623],[36.65293,64.935449],[36.785938,64.987158],[36.882812,65.172363],[37.050195,65.195898],[37.14082,65.194287],[37.528125,65.108252],[38.009375,64.87876],[38.115723,64.85459],[38.228223,64.851221],[38.412109,64.85708],[38.441992,64.827148],[38.540918,64.79126],[38.613086,64.78667],[39.053516,64.713916],[39.567383,64.570557],[39.758008,64.577051],[39.833008,64.656396],[39.848633,64.690527],[40.057813,64.770752],[40.203711,64.784033],[40.407813,64.754883],[40.444922,64.778711],[40.375391,64.896289],[40.28125,64.998096],[40.142676,65.063281],[39.896484,65.254785],[39.798047,65.349854],[39.749121,65.447949],[39.781152,65.534717],[39.816504,65.597949],[40.327832,65.751709],[40.512793,65.843799],[40.691602,65.963428],[40.774414,65.987891],[41.076074,66.021094],[41.475781,66.123437],[41.780859,66.259326],[42.083594,66.465918],[42.210547,66.519678],[42.313672,66.514746],[42.450781,66.482422],[42.602148,66.42251],[42.806543,66.411328],[43.005957,66.420947],[43.233203,66.415527],[43.550879,66.321289],[43.60332,66.291211],[43.653125,66.250977],[43.550391,66.173389],[43.541895,66.123389],[43.623926,66.146729],[43.737012,66.158398],[43.84375,66.142383],[43.944141,66.098682],[44.016699,66.049756],[44.104395,66.008594],[44.132422,66.064551],[44.145313,66.112744],[44.097168,66.235059],[44.220703,66.40708],[44.316406,66.481689],[44.488672,66.671777],[44.437109,66.794629],[44.429297,66.937744],[44.403906,67.004199],[44.291797,67.099658],[44.074414,67.167334],[43.855371,67.188623],[43.782422,67.254492],[43.795703,67.32959],[43.856348,67.439307],[44.036426,67.670654],[44.225391,67.995605],[44.231543,68.07124],[44.213867,68.112598],[44.226465,68.154443],[44.204688,68.25376],[44.169141,68.3271],[43.404004,68.608545],[43.358008,68.635791],[43.333203,68.673389],[43.413281,68.681738],[43.471973,68.679834],[44.048047,68.548828],[44.175293,68.541748],[45.078125,68.578174],[45.519434,68.546533],[45.891992,68.479687],[46.158398,68.291357],[46.429688,68.118848],[46.683594,67.970459],[46.69043,67.848828],[46.428906,67.823682],[46.174219,67.818164],[45.528711,67.757568],[45.374121,67.688867],[44.939453,67.477441],[44.902148,67.413135],[44.939453,67.350781],[45.138867,67.284717],[45.562207,67.185596],[45.752539,66.98916],[45.885352,66.891064],[45.986035,66.853125],[46.083984,66.843506],[46.297754,66.842822],[46.448535,66.818994],[46.492383,66.800195],[46.552344,66.818994],[46.69082,66.825537],[47.496484,66.929834],[47.655859,66.975928],[47.709082,67.04502],[47.768066,67.275635],[47.839258,67.355713],[47.908203,67.454688],[47.882617,67.515332],[47.874707,67.58418],[48.278711,67.650391],[48.653809,67.695264],[48.833203,67.681494],[48.87793,67.731348],[48.762695,67.827002],[48.695703,67.874219],[48.754297,67.895947],[48.840625,67.869727],[48.953906,67.853809],[49.155273,67.87041],[49.93125,68.065137],[50.233203,68.175342],[50.414062,68.218359],[50.699414,68.317725],[50.838867,68.349951],[51.078516,68.36333],[51.336133,68.402441],[51.616699,68.476318],[51.994727,68.53877],[52.055664,68.541309],[52.128809,68.532031],[52.285352,68.459375],[52.227441,68.418604],[52.183496,68.374268],[52.25918,68.350928],[52.322266,68.339697],[52.39668,68.351709],[52.475,68.382129],[52.669727,68.426758],[52.722656,68.484033],[52.647656,68.506152],[52.550098,68.592432],[52.435059,68.610205],[52.344043,68.608154],[52.683594,68.731201],[53.412891,68.912549],[53.801953,68.995898],[54.18584,69.00332],[54.491211,68.992334],[54.37627,68.964746],[53.874414,68.926611],[53.797656,68.907471],[53.798242,68.884668],[53.919531,68.87124],[53.970605,68.844287],[53.929297,68.811865],[53.891211,68.801514],[53.833887,68.708936],[53.758887,68.633984],[53.917676,68.536963],[53.930859,68.435547],[53.829492,68.382666],[53.690039,68.402539],[53.566699,68.36709],[53.342578,68.343213],[53.293359,68.31167],[53.260547,68.26748],[53.403125,68.256836],[53.515137,68.259668],[53.913672,68.231201],[53.967871,68.227344],[54.099219,68.259033],[54.23291,68.266309],[54.393945,68.275098],[54.476172,68.294141],[54.56123,68.273047],[54.717969,68.18418],[54.861328,68.201855],[54.923047,68.373828],[55.150879,68.480029],[55.418066,68.567822],[55.675293,68.575879],[55.924609,68.637305],[56.043652,68.648877],[56.275684,68.624072],[56.620215,68.619043],[56.909375,68.566699],[57.126855,68.554004],[57.444336,68.641504],[58.173047,68.889746],[58.237012,68.833936],[58.353906,68.916211],[58.918945,69.003809],[59.057324,69.006055],[59.059863,68.972559],[59.110156,68.896289],[59.22041,68.849609],[59.370508,68.738379],[59.29834,68.708447],[59.222559,68.691309],[59.112305,68.616309],[59.099023,68.444336],[59.310742,68.400293],[59.604297,68.351123],[59.725684,68.351611],[59.827539,68.380322],[59.858789,68.396045],[59.897363,68.421924],[59.922852,68.471338],[59.941406,68.510498],[59.865137,68.604932],[59.895996,68.706348],[60.160254,68.699512],[60.48916,68.728955],[60.637695,68.787012],[60.815137,68.895215],[60.933594,68.986768],[60.858594,69.145508],[60.664551,69.110254],[60.337305,69.457031],[60.170605,69.590918],[60.276465,69.652637],[60.558691,69.692334],[60.812988,69.821143],[60.909082,69.847119],[61.015918,69.851465],[61.770508,69.763037],[62.63125,69.743115],[63.361426,69.675293],[64.19043,69.534668],[64.592188,69.435645],[64.928516,69.325391],[64.896289,69.247803],[65.031543,69.269824],[65.326758,69.201367],[65.52793,69.173438],[65.735742,69.132324],[65.812695,69.077002],[66.084766,69.036328],[66.365625,68.961328],[66.416113,68.947852],[66.756445,68.891992],[67.002441,68.873584],[67.149219,68.753955],[67.639648,68.579297],[67.730762,68.513672],[68.156934,68.403662],[68.371191,68.314258],[68.504199,68.348438],[68.829492,68.567432],[69.024316,68.817969],[69.140527,68.950635],[68.924414,68.956201],[68.762891,68.917383],[68.65957,68.927393],[68.542773,68.96709],[68.355078,69.067578],[68.117383,69.23623],[68.073047,69.420801],[68.005859,69.480029],[67.774316,69.52998],[67.624121,69.584424],[67.064453,69.693701],[66.964063,69.655566],[66.93418,69.59668],[66.89668,69.553809],[66.840234,69.60918],[66.804004,69.659229],[66.80293,69.740137],[66.832227,69.842187],[66.926367,70.014258],[67.069043,70.005615],[67.144434,70.030615],[67.239258,70.108057],[67.197461,70.171631],[67.146484,70.219922],[67.156836,70.295117],[67.246875,70.500098],[67.284766,70.738721],[67.211523,70.798438],[67.143359,70.837549],[66.822461,70.797363],[66.702246,70.818506],[66.675195,70.864697],[66.666113,70.900586],[66.758789,70.962354],[66.84707,71.063721],[66.692578,71.041699],[66.639648,71.081396],[66.768066,71.139893],[66.917578,71.282373],[67.274219,71.347852],[67.541797,71.412012],[67.959375,71.548389],[68.269238,71.682812],[68.469434,71.852637],[68.607422,72.012744],[68.829688,72.391553],[69.039062,72.669922],[69.391406,72.955518],[69.611816,72.981934],[69.694336,72.977539],[69.708984,72.956396],[69.658789,72.931836],[69.645117,72.897559],[69.738281,72.884961],[69.8875,72.882568],[70.172168,72.901172],[70.655371,72.890381],[71.500195,72.913672],[71.616992,72.9021],[71.92959,72.819678],[72.100977,72.829004],[72.446387,72.790332],[72.633789,72.744482],[72.812109,72.691406],[72.787402,72.482959],[72.75293,72.343164],[72.624414,72.079443],[72.574121,72.012549],[72.375,71.821631],[72.279492,71.695508],[72.129688,71.60918],[71.912012,71.547949],[71.884375,71.511377],[71.867285,71.457373],[72.079297,71.306689],[72.581348,71.151123],[72.704492,70.963232],[72.731641,70.822852],[72.7,70.457324],[72.65332,70.403418],[72.561914,70.345557],[72.469434,70.274951],[72.529688,70.17251],[72.599414,69.793213],[72.615625,69.484033],[72.557324,69.378418],[72.527051,69.154248],[72.527344,69.080518],[72.576758,68.968701],[72.67832,68.874854],[72.811914,68.815234],[73.190723,68.706787],[73.548047,68.574512],[73.573438,68.532617],[73.591699,68.481885],[73.465234,68.430762],[73.266406,68.294482],[73.139453,68.181348],[73.129395,68.090918],[73.173047,67.973047],[73.152148,67.865039],[73.066797,67.766943],[72.94873,67.69624],[72.594336,67.586963],[71.847461,67.007617],[71.668164,66.939697],[71.365234,66.961523],[71.448926,66.878955],[71.551172,66.760449],[71.539551,66.683105],[71.341992,66.686719],[71.065625,66.604492],[70.939453,66.548145],[70.724902,66.519434],[70.561426,66.548682],[70.382812,66.60249],[70.408887,66.647607],[70.442578,66.668262],[70.567969,66.700879],[70.690723,66.745312],[70.630762,66.754199],[70.579102,66.75376],[70.443945,66.697314],[70.283398,66.685791],[70.09375,66.754346],[69.948633,66.82998],[69.877148,66.845459],[69.74043,66.8146],[69.217773,66.828613],[69.078711,66.815918],[69.013477,66.78833],[69.051172,66.766357],[69.091113,66.723584],[69.143945,66.640723],[69.194336,66.578662],[69.412012,66.510742],[69.700977,66.48457],[69.982422,66.401416],[70.339453,66.342383],[71.145508,66.36665],[71.358008,66.359424],[71.565625,66.33374],[71.916992,66.246729],[72.067578,66.25332],[72.321582,66.332129],[72.383984,66.506543],[72.417383,66.560791],[73.341602,66.806836],[73.513574,66.861084],[73.79209,66.995312],[73.883301,67.084961],[73.98623,67.327686],[74.074512,67.414111],[74.676074,67.694629],[74.769531,67.766357],[74.787305,67.89751],[74.778223,67.985938],[74.742676,68.073535],[74.632422,68.218311],[74.51123,68.303076],[74.391406,68.420605],[74.480957,68.658887],[74.57959,68.751221],[75.124609,68.861719],[75.589551,68.901172],[76.10752,68.975732],[76.316016,68.991504],[76.45918,68.978271],[76.605762,68.897607],[76.735059,68.776904],[77.111719,68.596191],[77.238477,68.46958],[77.261035,68.315576],[77.248438,67.941016],[77.174414,67.778516],[77.325098,67.735645],[77.395605,67.698682],[77.579199,67.643945],[77.675098,67.5896],[77.771582,67.570264],[77.985547,67.55918],[78.589551,67.578467],[78.922461,67.589111],[78.887598,67.613135],[78.839063,67.631201],[78.559082,67.639111],[78.16123,67.678369],[77.588281,67.751904],[77.520117,67.909619],[77.535937,68.007666],[77.664844,68.190381],[77.756836,68.222363],[77.868262,68.234717],[77.995117,68.259473],[77.958691,68.377051],[77.906836,68.482275],[77.785254,68.630469],[77.650684,68.903027],[77.466309,68.905127],[77.32832,68.958643],[76.644922,69.117383],[76.000977,69.235059],[75.561133,69.251807],[75.42002,69.238623],[75.053516,69.116309],[74.814844,69.090576],[74.362598,69.14458],[73.977441,69.114648],[73.836035,69.143213],[73.775684,69.198242],[73.890918,69.417969],[73.832715,69.503906],[73.663281,69.61709],[73.560156,69.707227],[73.578125,69.802979],[73.830176,70.175684],[73.937402,70.272852],[74.206738,70.445459],[74.343359,70.578711],[74.310938,70.653613],[73.731543,71.068701],[73.576563,71.216504],[73.507227,71.263525],[73.365234,71.319775],[73.150488,71.385205],[73.08623,71.444922],[73.671777,71.845068],[73.939453,71.914746],[74.31123,71.957813],[74.489063,71.997021],[74.804102,72.077393],[74.992188,72.144824],[75.053223,72.199219],[75.089941,72.263135],[75.09707,72.420654],[75.060352,72.548779],[75.008008,72.619434],[74.896875,72.710107],[74.786816,72.811865],[74.864941,72.838428],[74.942188,72.853809],[75.152441,72.852734],[75.369336,72.796631],[75.474902,72.68501],[75.603516,72.581055],[75.603125,72.512158],[75.591406,72.457227],[75.644336,72.382275],[75.691113,72.35],[75.741406,72.29624],[75.694434,72.253516],[75.644336,72.232324],[75.550195,72.170801],[75.394531,71.983203],[75.273828,71.958936],[75.247461,71.813379],[75.503223,71.654639],[75.468555,71.534375],[75.417188,71.494678],[75.280273,71.430078],[75.298047,71.378467],[75.332031,71.341748],[75.733594,71.265918],[76.110449,71.218555],[76.741992,71.202051],[76.929004,71.127881],[76.995215,71.181055],[77.589648,71.16792],[78.068262,70.986328],[78.320605,70.93042],[78.525781,70.911816],[78.942187,70.933789],[79.01543,70.950195],[79.083887,71.002002],[78.888672,70.997168],[78.803516,70.973535],[78.723926,70.975977],[78.587695,70.993896],[78.491406,71.025391],[78.386523,71.087109],[78.212598,71.266309],[77.908398,71.324072],[77.706641,71.300586],[77.481055,71.311572],[77.113672,71.409375],[76.871191,71.446582],[76.433398,71.55249],[76.312109,71.595459],[76.215723,71.682861],[76.103613,71.829004],[76.032422,71.9104],[76.124023,71.926611],[76.42168,72.006006],[76.871387,72.033008],[77.061328,72.004199],[77.550781,71.84209],[77.777539,71.836426],[78.186914,71.90708],[78.232422,71.952295],[78.14082,72.044678],[78.016406,72.092041],[77.780664,72.114307],[77.492871,72.071729],[77.41084,72.107764],[77.439746,72.156543],[77.471582,72.192139],[77.625293,72.201416],[77.733203,72.229199],[77.968164,72.328711],[78.225391,72.377441],[78.482617,72.394971],[79.42207,72.380762],[79.953906,72.223047],[80.474023,72.153125],[80.699219,72.098291],[80.7625,72.08916],[80.814746,72.054297],[80.856055,71.970215],[81.51123,71.746143],[81.661621,71.715967],[82.079883,71.706836],[82.547266,71.758594],[82.757812,71.764111],[82.986133,71.748682],[83.106641,71.720508],[83.233594,71.668164],[83.165527,71.602197],[83.105664,71.562451],[82.977051,71.451367],[82.917969,71.419922],[82.493164,71.292871],[82.322852,71.26001],[82.276953,71.093457],[82.254297,71.056201],[82.23916,70.997705],[82.316016,70.879443],[82.335938,70.807373],[82.270703,70.706738],[82.163184,70.598145],[82.182422,70.511475],[82.221191,70.395703],[82.23584,70.430273],[82.231445,70.48291],[82.258398,70.543604],[82.45166,70.690088],[82.59248,70.889941],[82.737793,70.94209],[82.869141,70.954834],[83.010156,70.89541],[83.051074,70.815234],[83.058398,70.694727],[83.030176,70.580518],[82.919824,70.407422],[82.74248,70.286475],[82.682324,70.217725],[82.767285,70.154053],[82.856543,70.104541],[82.961035,70.088281],[83.080762,70.093018],[83.10957,70.10957],[83.132031,70.157178],[83.094141,70.221094],[83.073828,70.276709],[83.293457,70.321338],[83.49707,70.345264],[83.659863,70.418359],[83.700488,70.466406],[83.735938,70.546484],[83.65127,70.672217],[83.578906,70.765918],[83.333887,70.988525],[83.15127,71.103613],[83.266016,71.275879],[83.457617,71.467529],[83.531055,71.514258],[83.550488,71.543652],[83.571289,71.594385],[83.553516,71.649805],[83.534375,71.683936],[83.34043,71.827539],[83.200293,71.874707],[82.755078,71.902832],[82.64541,71.925244],[82.319141,72.071826],[82.280664,72.105127],[82.209277,72.211182],[82.183594,72.237549],[82.093652,72.26543],[81.792871,72.326611],[81.58623,72.351709],[81.282715,72.358838],[81.098145,72.389746],[80.827051,72.488281],[80.797754,72.519971],[80.719629,72.6479],[80.65625,72.712012],[80.675391,72.75918],[80.77373,72.860791],[80.841602,72.94917],[80.757422,73.025244],[80.638672,73.04917],[80.509668,73.086084],[80.455469,73.155225],[80.424512,73.231152],[80.418945,73.289648],[80.398047,73.356836],[80.458301,73.413721],[80.595898,73.474023],[80.561914,73.51499],[80.583203,73.568457],[81.468848,73.64043],[81.816992,73.658838],[83.544727,73.666504],[83.666992,73.686475],[84.417383,73.722021],[84.737891,73.762842],[85.077441,73.719531],[85.200586,73.721533],[85.44834,73.734619],[85.611426,73.821582],[85.979297,73.856934],[86.591406,73.894287],[86.892969,73.887109],[86.961328,73.860742],[87.029492,73.82417],[86.697656,73.716846],[86.365918,73.619775],[86.094141,73.57832],[85.827051,73.492773],[85.800488,73.458936],[85.792578,73.43833],[85.802441,73.37168],[85.818164,73.326953],[86.098145,73.272607],[86.30791,73.195752],[86.514355,73.140479],[86.677051,73.106787],[86.715039,73.12583],[86.12168,73.306738],[85.970801,73.34707],[85.910059,73.39043],[85.938965,73.456494],[85.998926,73.48584],[86.092383,73.519141],[86.155078,73.534668],[86.37627,73.568848],[87.120117,73.615039],[87.294434,73.704688],[87.369531,73.755908],[87.571191,73.810742],[87.503223,73.832471],[87.3375,73.846045],[87.209668,73.878662],[86.69707,74.195312],[86.571094,74.24375],[86.177832,74.279395],[86.001367,74.316016],[86.18291,74.423047],[86.395801,74.450098],[86.538477,74.444238],[86.664746,74.414258],[86.897949,74.325342],[87.229688,74.363867],[87.106152,74.403564],[86.894238,74.449707],[86.700098,74.522461],[86.425684,74.585498],[86.116113,74.628564],[85.791016,74.645117],[85.880762,74.740234],[86.058887,74.728223],[86.119531,74.757422],[86.20127,74.816211],[86.651465,74.682422],[86.862891,74.717871],[87.041797,74.778857],[87.419336,74.940918],[87.467578,75.013232],[87.287402,75.052539],[87.140723,75.072266],[86.939063,75.068115],[86.92168,75.112793],[87.005957,75.169824],[87.170801,75.191748],[87.671387,75.12959],[88.503711,75.290479],[88.733105,75.369189],[89.310254,75.470117],[89.595117,75.458252],[90.184961,75.591064],[91.004687,75.649561],[91.479492,75.649658],[91.84541,75.723682],[92.40752,75.749658],[92.602539,75.779102],[93.549805,75.854102],[94.075195,75.912891],[94.156348,75.959229],[93.687012,75.921582],[93.574023,75.956299],[93.475488,75.932861],[93.406055,75.90127],[93.178125,75.958984],[93.116309,75.944629],[93.068652,75.912842],[92.986621,75.902686],[92.89043,75.909961],[92.858594,75.979492],[92.971582,76.075098],[93.104883,76.02583],[93.259277,76.098779],[93.35957,76.100732],[93.648438,76.05415],[93.842871,76.101318],[94.102344,76.123584],[94.388281,76.102783],[94.506738,76.107959],[94.575586,76.151758],[95.038477,76.113525],[95.359277,76.1396],[95.578711,76.137305],[95.919922,76.113135],[96.075488,76.081982],[95.986035,76.009668],[95.65332,75.892188],[95.743848,75.872314],[95.934766,75.926025],[96.508594,76.005566],[96.600586,75.989893],[96.537695,75.921631],[96.49707,75.891211],[96.879199,75.931055],[97.205469,76.018701],[97.350684,76.033398],[97.499219,75.980225],[97.637695,76.029053],[97.669824,76.078027],[97.918359,76.088672],[98.02002,76.133691],[98.194629,76.166406],[98.341992,76.180566],[98.662012,76.242676],[98.771289,76.224023],[98.984668,76.207568],[99.187305,76.177637],[99.562695,76.109326],[99.615625,76.082324],[99.663184,76.078027],[99.77041,76.02876],[99.689258,75.956348],[99.602344,75.852051],[99.442187,75.803174],[99.540723,75.798584],[99.609375,75.811279],[99.7375,75.880664],[99.851367,75.930273],[99.825391,76.135937],[99.616797,76.240186],[99.460645,76.275098],[99.093848,76.384326],[98.969531,76.430811],[98.805664,76.480664],[98.869434,76.50957],[99.57627,76.471436],[99.935742,76.489893],[100.322363,76.47915],[100.84375,76.525195],[101.060742,76.477246],[101.310742,76.478906],[101.597754,76.439209],[101.683789,76.485498],[101.212988,76.535693],[101.002637,76.530518],[100.928027,76.556738],[101.00625,76.615088],[101.099316,76.704004],[101.008203,76.781348],[100.92041,76.82251],[100.905859,76.900684],[100.989941,76.990479],[101.185742,77.028564],[101.292871,77.101562],[101.517676,77.198096],[102.610156,77.508545],[103.131445,77.626465],[103.33125,77.641064],[103.560742,77.631934],[104.014551,77.73042],[104.184863,77.730469],[104.814258,77.6521],[104.965234,77.594727],[105.308984,77.549219],[105.710254,77.525244],[105.894531,77.488867],[105.983398,77.447607],[106.05957,77.390527],[105.73418,77.352002],[105.38457,77.237842],[104.911914,77.174707],[104.323633,77.132666],[104.202441,77.101807],[105.320215,77.092334],[105.645898,77.100684],[105.712012,77.001465],[105.822168,76.99751],[106.14541,77.045312],[106.338672,77.047852],[106.705078,77.01377],[106.783691,77.031787],[106.941602,77.034375],[107.278906,76.990967],[107.429785,76.926563],[107.190234,76.822021],[106.940918,76.730469],[106.63877,76.573389],[106.545508,76.586279],[106.384668,76.589453],[106.413574,76.512256],[106.683203,76.514697],[106.825391,76.480078],[107.157715,76.524072],[107.624219,76.510107],[107.722168,76.522314],[107.902246,76.569678],[107.949902,76.660645],[108.02793,76.718457],[108.181641,76.737842],[108.352051,76.719531],[108.638379,76.720117],[109.369336,76.749219],[109.981152,76.711865],[110.471484,76.758398],[111.114844,76.723047],[111.39248,76.68667],[111.600586,76.622314],[111.786133,76.603564],[111.938672,76.553418],[112.093945,76.480322],[112.016797,76.420557],[111.942676,76.380469],[112.142773,76.423975],[112.29707,76.434668],[112.413281,76.408301],[112.619531,76.383545],[112.68418,76.218848],[112.742578,76.186914],[112.798438,76.129639],[112.721875,76.077197],[112.65625,76.053564],[112.818945,76.058594],[113.04668,76.114111],[113.094043,76.13291],[113.150391,76.174512],[113.066016,76.215234],[112.987988,76.239746],[113.086035,76.258105],[113.272656,76.25166],[113.365527,76.178857],[113.427734,76.112109],[113.563867,75.89165],[113.857227,75.921289],[113.870996,75.856006],[113.74873,75.704785],[113.619922,75.592676],[113.567578,75.568408],[113.485938,75.563965],[113.517188,75.621875],[113.469043,75.656689],[113.391602,75.677881],[113.126367,75.698682],[112.629199,75.8354],[112.49668,75.849902],[112.466113,75.843652],[112.453027,75.830176],[112.72959,75.737646],[112.955664,75.571924],[113.161523,75.620508],[113.242969,75.611426],[113.35625,75.534277],[113.558887,75.502051],[113.726172,75.450635],[113.613574,75.292969],[112.924902,75.015039],[112.191992,74.853174],[111.868262,74.740039],[111.299023,74.658447],[110.892773,74.548096],[110.373535,74.466064],[110.225879,74.378662],[109.840332,74.321973],[109.866406,74.293066],[109.911328,74.261328],[109.863867,74.208887],[109.810254,74.169189],[109.51084,74.088818],[109.075,74.032324],[108.199512,73.694092],[107.76543,73.625],[107.271094,73.621045],[107.166992,73.589404],[106.794238,73.37666],[106.679395,73.330664],[106.188672,73.308008],[105.677148,72.959277],[105.392773,72.841016],[105.143945,72.777051],[105.402734,72.789941],[105.708203,72.83667],[106.066699,72.949854],[106.15957,73.002002],[106.208789,73.060547],[106.315039,73.106396],[106.47793,73.139404],[107.108789,73.177295],[107.36875,73.163135],[107.750391,73.173145],[108.00127,73.235596],[108.150977,73.25791],[108.285352,73.265869],[108.351465,73.310205],[108.575391,73.319043],[109.089941,73.378418],[109.165625,73.399609],[109.331055,73.487451],[109.637109,73.454004],[109.855273,73.472461],[110.428711,73.628906],[110.77334,73.68916],[110.868164,73.730713],[110.799219,73.759766],[110.722363,73.779932],[110.388281,73.726025],[110.091211,73.708545],[109.752734,73.722559],[109.706738,73.74375],[109.665625,73.800244],[109.774121,73.88125],[109.869141,73.930615],[110.083887,73.994385],[110.261426,74.017432],[110.920117,73.9479],[111.05625,73.939355],[111.130859,74.052832],[111.341406,74.047363],[111.550586,74.028516],[111.459961,74.004834],[111.228125,73.968555],[111.299512,73.884863],[111.400391,73.827734],[111.803711,73.745264],[112.147266,73.708936],[112.4,73.711133],[112.79541,73.746094],[112.855957,73.771143],[112.939648,73.835645],[112.835938,73.962061],[112.934961,73.945703],[113.032813,73.913867],[113.181543,73.837402],[113.326855,73.707422],[113.416211,73.647607],[113.364453,73.582764],[113.156934,73.45957],[113.276953,73.391504],[113.490918,73.346094],[113.487598,73.145117],[113.474609,73.047852],[113.369336,72.941895],[113.247363,72.897217],[113.127832,72.830664],[113.158203,72.769482],[113.186133,72.730176],[113.312207,72.657373],[113.664551,72.634521],[113.711914,72.65415],[113.630078,72.6771],[113.391406,72.711035],[113.298145,72.738867],[113.215527,72.805859],[113.311523,72.87832],[113.41748,72.932178],[113.542773,73.054346],[113.581445,73.142236],[113.558887,73.232617],[113.63916,73.273584],[113.765234,73.317969],[113.829297,73.326562],[113.88623,73.345801],[113.795117,73.367432],[113.711328,73.378564],[113.539453,73.433643],[113.510352,73.50498],[113.856934,73.533398],[114.060547,73.584668],[114.816016,73.607178],[115.337695,73.702588],[116.495508,73.676074],[117.308594,73.59917],[118.450195,73.589795],[118.870898,73.537891],[118.91123,73.518359],[118.936426,73.481201],[118.754492,73.464502],[118.457031,73.464404],[118.376563,73.367236],[118.430273,73.246533],[118.960352,73.117285],[119.425293,73.063965],[119.750391,72.979102],[119.92168,72.971338],[120.597949,72.981104],[120.997168,72.936719],[121.354297,72.97085],[121.747852,72.969678],[121.886035,72.960889],[122.029785,72.897217],[122.260156,72.880566],[122.5375,72.877783],[122.69209,72.89082],[122.751953,72.906494],[122.730859,72.931299],[122.501953,72.970654],[122.526758,73.016699],[122.615234,73.02793],[122.999316,72.964648],[123.160352,72.954883],[123.301172,73.001807],[123.40459,73.085645],[123.461621,73.144189],[123.521875,73.1729],[123.572461,73.177344],[123.622266,73.193262],[123.500977,73.261621],[123.383887,73.347314],[123.355273,73.40249],[123.322656,73.430811],[123.305078,73.53291],[123.416211,73.636865],[123.491113,73.666357],[123.796875,73.626758],[123.933887,73.689307],[124.019043,73.712305],[124.388086,73.754834],[124.541211,73.75127],[124.796289,73.711768],[125.61709,73.520605],[125.598535,73.447412],[125.794434,73.468457],[125.887891,73.498096],[126.107422,73.51748],[126.254492,73.548193],[126.295996,73.53667],[126.344922,73.506299],[126.308887,73.463672],[126.257422,73.419775],[126.29248,73.394189],[126.335449,73.38877],[126.552539,73.334912],[126.838477,73.43418],[126.955176,73.528223],[127.031348,73.547461],[127.740332,73.481543],[127.955078,73.445557],[127.996875,73.425635],[128.025684,73.390771],[128.141699,73.352393],[128.281445,73.330566],[128.26416,73.300732],[128.257812,73.26748],[128.587012,73.262402],[128.730469,73.233398],[128.888672,73.190234],[128.87168,73.139355],[128.913379,73.110596],[129.05918,73.10752],[129.100586,73.112354],[129.053711,73.04541],[128.853516,72.972607],[128.735254,72.943262],[128.599023,72.895166],[128.674023,72.885889],[129.017285,72.872461],[129.229102,72.775732],[129.250391,72.705176],[129.117578,72.676953],[128.815332,72.585889],[128.633398,72.550146],[128.508496,72.547314],[128.418262,72.535156],[128.549414,72.49585],[129.116602,72.485742],[129.281348,72.437695],[129.411719,72.315479],[129.410645,72.166309],[129.283496,72.092041],[128.934961,72.079492],[128.475195,72.245557],[128.196973,72.309619],[127.803418,72.434033],[127.726074,72.413184],[127.841406,72.308252],[128.026563,72.25],[128.358789,72.08833],[128.911426,71.755322],[129.040137,71.782422],[129.116602,71.824609],[129.154199,71.878662],[129.121582,71.953223],[129.210254,71.916943],[129.291797,71.850195],[129.46084,71.739307],[129.23418,71.744824],[128.949023,71.707568],[128.843262,71.663477],[128.922656,71.601758],[129.134277,71.592871],[129.224512,71.508838],[129.389844,71.404883],[129.761914,71.119531],[130.025977,71.065381],[130.28125,70.947314],[130.537109,70.892529],[130.668457,70.88833],[130.757129,70.962354],[130.831934,70.935889],[130.898047,70.803564],[131.021582,70.746094],[131.157422,70.742188],[131.268262,70.765527],[131.432324,70.828271],[131.562012,70.901025],[131.769043,71.101416],[131.906445,71.202637],[132.035352,71.244043],[131.99082,71.293213],[132.003711,71.350195],[132.098828,71.483984],[132.227637,71.642773],[132.325781,71.726221],[132.562305,71.895313],[132.653906,71.925977],[132.71582,71.871484],[132.768555,71.79873],[132.803613,71.767578],[132.839258,71.755176],[133.130859,71.606689],[133.426172,71.490967],[133.688867,71.434229],[134.102832,71.378955],[134.702734,71.386816],[134.813867,71.460596],[135.022363,71.515039],[135.359375,71.543506],[135.55918,71.610352],[135.884766,71.630566],[136.090332,71.61958],[136.406152,71.570752],[137.11582,71.415674],[137.31543,71.359424],[137.41748,71.299023],[137.650586,71.208154],[137.797852,71.163916],[137.939648,71.133398],[137.991699,71.142725],[137.97373,71.168652],[137.901953,71.194043],[137.844043,71.226807],[138.012695,71.26084],[138.03252,71.28584],[138.090625,71.307422],[138.314063,71.325537],[138.097168,71.358594],[138.022168,71.363428],[137.918359,71.384082],[137.927344,71.429785],[137.995703,71.463525],[138.04834,71.525977],[138.118457,71.566162],[138.23418,71.596338],[138.318066,71.602832],[138.525195,71.562744],[138.67002,71.634814],[138.780176,71.629004],[139.004883,71.556055],[139.209375,71.444775],[139.320215,71.444727],[139.632129,71.489258],[139.98418,71.491504],[139.93877,71.557666],[139.695117,71.700439],[139.722949,71.884961],[139.552344,71.926709],[139.359277,71.951367],[139.640234,71.99834],[139.84707,72.148584],[140.014063,72.162109],[140.187695,72.191309],[140.134375,72.209619],[139.616992,72.225684],[139.505273,72.207666],[139.430469,72.163477],[139.176367,72.163477],[139.14502,72.264404],[139.14082,72.329736],[139.473633,72.466504],[139.601172,72.496094],[140.450586,72.493115],[140.705078,72.518945],[141.079297,72.586914],[140.983203,72.630029],[140.972852,72.716992],[140.652344,72.842822],[140.675977,72.871631],[140.708105,72.890039],[140.808203,72.890967],[141.309766,72.857715],[141.518359,72.788672],[142.061426,72.720801],[143.51582,72.698242],[143.680957,72.673193],[144.303906,72.643018],[144.568652,72.609912],[145.199316,72.570215],[145.485742,72.54209],[145.71416,72.497363],[146.083301,72.471387],[146.25293,72.442236],[146.234766,72.349707],[145.46709,72.362061],[145.212891,72.392676],[144.897461,72.39624],[144.776367,72.382275],[144.587598,72.305518],[144.360938,72.265332],[144.169238,72.258789],[144.294922,72.192627],[144.470703,72.174756],[145.03916,72.259863],[146.594141,72.302441],[146.831836,72.29541],[146.807031,72.236572],[146.599219,72.123535],[146.40166,72.035498],[146.113281,71.944971],[146.005859,71.945459],[146.230273,72.1375],[146.137305,72.146484],[146.051465,72.142285],[145.799414,72.221875],[145.758594,72.225879],[145.709668,72.206348],[145.710156,72.177588],[145.664062,72.066992],[145.756738,72.020654],[145.756738,71.941309],[145.407227,71.890137],[145.271191,71.894629],[145.125781,71.927148],[145.063965,71.926074],[145.046875,71.901025],[145.077734,71.854639],[145.07373,71.830859],[145.017871,71.793701],[144.989648,71.753369],[145.075586,71.707373],[145.188574,71.695801],[145.804785,71.746484],[146.073242,71.80835],[146.367969,71.92207],[146.894727,72.19751],[147.127051,72.292041],[147.261816,72.327881],[147.433984,72.340918],[148.402051,72.311963],[148.964844,72.252344],[149.501563,72.164307],[149.766211,72.09126],[149.963086,71.992188],[149.998145,71.950488],[150.016895,71.895654],[149.881055,71.843018],[149.279688,71.825537],[149.04873,71.795752],[148.965332,71.762793],[148.954883,71.744141],[148.92334,71.714648],[148.968164,71.690479],[149.237891,71.687939],[149.498047,71.664014],[149.857129,71.601465],[149.912695,71.580713],[150.026465,71.521338],[150.06084,71.51084],[150.599805,71.520117],[150.634863,71.498877],[150.667773,71.455225],[150.525098,71.38584],[150.384766,71.338818],[150.097656,71.226562],[150.242969,71.267188],[150.82168,71.362891],[150.967773,71.380469],[151.145313,71.37373],[151.582422,71.286963],[151.759766,71.217822],[152.092773,71.023291],[151.999805,71.00249],[151.762012,70.982471],[152.508789,70.834473],[152.79834,70.835645],[153.460645,70.878613],[153.794141,70.87998],[154.413965,70.974463],[155.029492,71.034229],[155.595898,71.038623],[155.895215,71.095508],[156.68457,71.09375],[157.447363,71.074512],[158.037012,71.039258],[158.702148,70.93501],[159.350684,70.790723],[159.72793,70.649658],[159.804688,70.604932],[159.911816,70.506104],[159.958594,70.423633],[160.006445,70.309668],[159.983398,70.221387],[159.889648,70.158789],[159.831445,70.081445],[159.83916,69.98999],[159.729395,69.870215],[159.83252,69.784961],[160.119141,69.729785],[160.739453,69.655176],[160.910742,69.606348],[160.928906,69.458545],[160.982031,69.334473],[161.035547,69.098193],[161.14082,69.038867],[161.309863,68.982275],[161.340625,68.905176],[161.129004,68.653857],[160.99668,68.60752],[160.856055,68.53833],[161.104492,68.5625],[161.230176,68.653906],[161.365137,68.822998],[161.495313,68.849854],[161.565625,68.905176],[161.565625,69.063965],[161.480078,69.201709],[161.480078,69.300098],[161.536914,69.379541],[161.945117,69.545117],[162.166016,69.611572],[162.375684,69.649072],[162.944629,69.682764],[163.201367,69.714746],[163.498047,69.693262],[163.705273,69.701807],[163.945996,69.735156],[164.15957,69.719287],[164.513281,69.609131],[165.760742,69.584424],[165.980469,69.545996],[166.820312,69.499561],[166.884375,69.499902],[167.073145,69.554443],[167.628125,69.740332],[167.856836,69.728223],[167.950098,69.69917],[168.047656,69.625635],[168.15,69.577393],[168.22998,69.447021],[168.303027,69.271484],[168.423047,69.239502],[168.587598,69.228369],[168.946191,69.16333],[169.310645,69.079541],[169.414648,68.919629],[169.609863,68.786035],[170.065625,68.798682],[170.537598,68.825391],[170.99541,69.045312],[170.99668,69.134717],[170.883789,69.263623],[170.71416,69.388232],[170.582227,69.58335],[170.160938,69.626563],[170.201172,69.683203],[170.35957,69.750977],[170.503125,69.856543],[170.525391,69.937891],[170.486816,70.107568],[170.867969,70.096045],[171.24668,70.076123],[171.970508,70.000342],[172.55957,69.968359],[172.869238,69.919775],[173.056348,69.864941],[173.277441,69.823828],[173.35332,69.924023],[173.438672,69.946826],[173.733398,69.891113],[173.948047,69.874121],[174.319434,69.881641],[174.785547,69.855664],[175.295605,69.860059],[175.751172,69.90415],[175.921484,69.895313],[176.10752,69.860303],[176.410449,69.768506],[176.924414,69.645996],[177.394531,69.611621],[177.933691,69.495605],[178.442773,69.452979],[178.84834,69.387207],[178.906934,69.362109],[178.925,69.325977],[178.950684,69.295801],[179.272656,69.259668],[179.868262,69.012695],[180,68.983447],[180,65.067236],[179.827344,65.03418],[179.651367,64.920947],[179.448242,64.822021],[179.15,64.781592],[178.698438,64.631104],[178.519531,64.602979],[178.285352,64.672266],[177.748633,64.717041],[177.581641,64.777881],[177.337012,64.931348],[177.251855,64.953613],[177.179199,65.014111],[176.880859,65.081934],[176.624805,65.037598],[176.413086,65.07124],[176.341016,65.047314],[176.452148,65.025244],[176.645508,65.007178],[176.940039,65.016016],[177.037305,64.999658],[177.123438,64.947021],[177.222852,64.86167],[177.148242,64.804834],[177.06875,64.78667],[176.831055,64.849219],[176.556641,64.83999],[176.429492,64.855176],[176.061133,64.960889],[175.781152,64.844043],[175.396484,64.783691],[175.097754,64.776855],[174.548828,64.683887],[174.698633,64.681445],[175.09707,64.746631],[175.330664,64.746631],[175.67793,64.782471],[175.858594,64.825293],[175.945898,64.865186],[176.056543,64.904736],[176.169238,64.884766],[176.246973,64.843018],[176.300879,64.783838],[176.350977,64.705127],[176.283203,64.663818],[176.219434,64.641943],[176.140918,64.58584],[176.507617,64.682422],[176.730957,64.624854],[176.842871,64.633789],[177.049805,64.719238],[177.3875,64.774023],[177.427441,64.763379],[177.467188,64.736816],[177.409863,64.572803],[177.43291,64.444482],[177.6875,64.304736],[177.95332,64.222266],[178.044727,64.21958],[178.130566,64.235254],[178.163965,64.309082],[178.229492,64.364404],[178.312988,64.314404],[178.381445,64.260889],[178.477148,64.127881],[178.474805,64.089014],[178.451367,64.011377],[178.536035,63.975635],[178.650293,63.965283],[178.69248,63.842334],[178.731445,63.66709],[178.681348,63.650732],[178.625977,63.650732],[178.44043,63.605566],[178.466113,63.574072],[178.653711,63.556641],[178.706445,63.521533],[178.668848,63.439941],[178.678711,63.402295],[178.744043,63.394775],[178.786719,63.442432],[178.775391,63.510254],[178.792969,63.540332],[178.918555,63.400244],[178.921484,63.34502],[179.028125,63.282422],[179.332324,63.190186],[179.388574,63.147217],[179.405078,63.077734],[179.329004,63.05791],[179.25957,63.008301],[179.302148,62.939844],[179.381055,62.883691],[179.510938,62.862793],[179.570508,62.773486],[179.570508,62.6875],[179.477246,62.613086],[179.288672,62.510352],[179.176953,62.469189],[179.133887,62.396436],[179.120703,62.320361],[179.044629,62.323682],[178.963867,62.355273],[178.019238,62.546973],[177.663086,62.582813],[177.35127,62.587451],[177.292578,62.599023],[177.295898,62.644482],[177.31582,62.685254],[177.359668,62.736963],[177.338965,62.781348],[177.29834,62.784229],[177.258691,62.750439],[177.172656,62.750342],[177.091211,62.789551],[177.023535,62.777246],[176.990039,62.722217],[176.963477,62.693262],[176.964746,62.658643],[177.008008,62.626562],[177.189648,62.591602],[177.159473,62.560986],[176.907422,62.536084],[176.702539,62.505762],[176.436523,62.41084],[176.328418,62.346045],[175.613867,62.184375],[175.441992,62.12793],[175.36582,62.121338],[175.267871,62.102393],[175.192383,62.034424],[174.797559,61.938867],[174.715039,61.9479],[174.610547,61.867627],[174.514355,61.823633],[174.284961,61.817529],[174.138867,61.795166],[173.822363,61.679395],[173.623438,61.716064],[173.390723,61.556738],[173.131836,61.406641],[173.05459,61.406201],[172.856543,61.469189],[172.806836,61.436133],[172.837891,61.375586],[172.908008,61.311621],[172.867773,61.293066],[172.789062,61.310693],[172.730664,61.314404],[172.690039,61.295166],[172.696973,61.249316],[172.584766,61.19043],[172.49707,61.185889],[172.396094,61.167383],[172.362402,61.116602],[172.392773,61.061768],[172.213281,60.997852],[172.067285,60.915674],[171.997656,60.900684],[171.917969,60.864111],[171.830566,60.837354],[171.729492,60.843115],[171.489746,60.725732],[170.949316,60.522949],[170.799316,60.496484],[170.608203,60.434912],[170.589746,60.393701],[170.588574,60.342871],[170.512305,60.259521],[170.423438,60.047803],[170.396484,60.009766],[170.350977,59.965527],[170.154102,59.986084],[169.982617,60.06709],[169.927246,60.104248],[169.897559,60.147852],[169.887012,60.21792],[169.854297,60.250244],[169.814746,60.265381],[169.618359,60.438037],[169.275684,60.556641],[169.226758,60.595947],[168.788281,60.563818],[168.670313,60.562891],[168.462793,60.592236],[168.1375,60.573926],[167.745996,60.509326],[167.626074,60.468945],[167.226758,60.406299],[166.964063,60.307031],[166.452539,59.947021],[166.331836,59.872412],[166.273047,59.85625],[166.186523,59.849463],[166.148926,59.92207],[166.136035,59.979346],[166.168359,60.088818],[166.229785,60.17832],[166.29248,60.346094],[166.308105,60.414258],[166.352148,60.484814],[166.180176,60.480371],[165.941992,60.356885],[165.583008,60.236475],[165.41582,60.205176],[165.285254,60.134912],[165.192578,60.124756],[165.08457,60.098584],[165.073633,59.945605],[165.018945,59.860742],[164.953711,59.843604],[164.854297,59.840967],[164.779395,59.874219],[164.669727,59.997461],[164.525293,60.061279],[164.440039,60.072705],[164.376855,60.058057],[164.251563,59.973779],[164.113281,59.897559],[164.135059,59.984375],[164.017578,60.017334],[163.912891,60.037061],[163.780078,60.041113],[163.743848,60.028027],[163.690039,59.978418],[163.574316,59.914062],[163.49375,59.886768],[163.409961,59.834961],[163.364844,59.781445],[163.321191,59.70542],[163.269043,59.52002],[163.272852,59.302588],[163.084863,59.131396],[163.010156,59.148291],[162.974902,59.137061],[162.940039,59.114307],[163.004297,59.020166],[162.969824,58.986475],[162.93457,58.963965],[162.847266,58.939258],[162.643359,58.799902],[162.453027,58.708594],[162.141602,58.447412],[162.049219,58.272852],[161.960059,58.076904],[162.001953,57.980957],[162.039648,57.918262],[162.097949,57.874658],[162.197461,57.82915],[162.411426,57.778369],[162.392188,57.74502],[162.391406,57.717236],[162.466992,57.766211],[162.521973,57.904102],[162.654297,57.948242],[162.718359,57.946094],[163.14502,57.837305],[163.225781,57.790381],[163.213867,57.686816],[163.187891,57.637402],[163.108789,57.564844],[162.957031,57.47749],[162.779297,57.357617],[162.762305,57.284082],[162.761523,57.243945],[162.808105,57.102783],[162.814844,57.023389],[162.791113,56.875391],[162.802637,56.811475],[162.849902,56.756836],[162.92207,56.722656],[163.046387,56.741309],[163.16543,56.725488],[163.256543,56.688037],[163.243262,56.564551],[163.294043,56.447705],[163.335547,56.23252],[163.261328,56.17373],[163.189258,56.137012],[163.047363,56.044678],[162.97168,56.033789],[162.840332,56.065625],[162.628125,56.232275],[162.713184,56.330859],[162.893262,56.399463],[162.975195,56.449023],[163.038379,56.521875],[162.944141,56.508057],[162.877637,56.476367],[162.671484,56.490088],[162.589063,56.454932],[162.488672,56.399121],[162.528223,56.260693],[162.461133,56.235498],[162.334082,56.187744],[162.146094,56.128271],[162.084961,56.089648],[161.924023,55.840381],[161.775586,55.654834],[161.723926,55.496143],[161.729395,55.358008],[161.784961,55.205322],[161.824219,55.138916],[161.996094,54.997998],[162.080273,54.886133],[162.105566,54.752148],[161.966895,54.688672],[161.725684,54.532959],[161.624805,54.51626],[161.294043,54.520557],[161.129883,54.598242],[160.935547,54.578369],[160.772656,54.541357],[160.517188,54.430859],[160.288867,54.288232],[160.074414,54.18916],[160.010156,54.130859],[159.921777,54.008398],[159.84375,53.783643],[159.870898,53.672656],[159.914258,53.62085],[159.955859,53.552197],[159.899121,53.447705],[159.897656,53.380762],[160.002148,53.274902],[160.025098,53.12959],[159.947461,53.125098],[159.771582,53.229687],[159.585938,53.237695],[159.136133,53.117139],[158.952051,53.047559],[158.74541,52.908936],[158.683691,52.9354],[158.639551,53.014795],[158.564648,53.05],[158.47207,53.032373],[158.432324,52.957422],[158.560156,52.922168],[158.608789,52.873633],[158.533691,52.688428],[158.480762,52.62666],[158.500391,52.460303],[158.493164,52.383154],[158.463477,52.30498],[158.331641,52.090869],[158.103516,51.809619],[157.823242,51.605322],[157.628906,51.53457],[157.530957,51.479883],[157.489844,51.408936],[157.202246,51.212744],[156.847461,51.006592],[156.747754,50.969287],[156.724316,51.04707],[156.713477,51.124121],[156.670801,51.226855],[156.543457,51.311621],[156.521191,51.380273],[156.500391,51.475098],[156.489844,51.913037],[156.377344,52.366553],[156.364746,52.509375],[156.228613,52.62627],[156.154395,52.747266],[156.110352,52.866162],[156.098828,53.006494],[155.950195,53.744287],[155.904883,53.928125],[155.706445,54.521484],[155.620313,54.864551],[155.563867,55.199121],[155.554883,55.348486],[155.643457,55.793555],[155.716602,56.072217],[155.98252,56.695215],[156.025391,56.752002],[156.06748,56.781592],[156.529297,57.021191],[156.728418,57.152246],[156.848828,57.290186],[156.976758,57.466309],[156.963574,57.560938],[156.948242,57.615771],[156.899902,57.676904],[156.791602,57.747949],[156.829883,57.779639],[156.871973,57.803662],[156.985742,57.830176],[157.216797,57.776807],[157.450391,57.799268],[157.666406,58.019775],[157.974609,57.985937],[158.210449,58.025293],[158.275195,58.008984],[158.321094,58.083447],[158.449414,58.162842],[158.687012,58.281348],[159.036914,58.423926],[159.210645,58.519434],[159.308398,58.610547],[159.452637,58.695947],[159.591504,58.803662],[159.847363,59.127148],[160.350391,59.394043],[160.547461,59.547363],[160.711426,59.60166],[160.855273,59.626855],[161.218945,59.845605],[161.449316,60.027344],[161.753516,60.152295],[161.845996,60.232227],[162.003613,60.420166],[162.068164,60.466406],[162.266309,60.536719],[162.713184,60.659473],[162.973145,60.78291],[163.352344,60.800439],[163.466406,60.849756],[163.585156,60.877148],[163.709961,60.916797],[163.553516,61.025635],[163.589258,61.084375],[163.619629,61.111328],[163.893359,61.240479],[164.005469,61.343799],[163.99209,61.388232],[163.972754,61.419873],[163.804395,61.461377],[163.837109,61.558252],[163.882715,61.640137],[164.019531,61.710693],[164.067969,61.873877],[164.074219,62.04502],[164.207227,62.292236],[164.2875,62.346631],[164.59834,62.470557],[164.670703,62.473779],[164.887695,62.431885],[165.124121,62.411523],[165.208105,62.373975],[165.225684,62.405762],[165.213867,62.448193],[165.280371,62.462988],[165.417383,62.44707],[165.396582,62.493896],[165.044043,62.516992],[164.792383,62.571094],[164.566992,62.675488],[164.418359,62.704639],[164.255664,62.696582],[163.331738,62.550928],[163.287109,62.511426],[163.244238,62.455371],[163.302148,62.372998],[163.258008,62.336914],[163.213281,62.313428],[163.163477,62.25957],[163.118457,62.15293],[163.131055,62.049902],[163.017676,61.891064],[163.009277,61.791504],[163.207617,61.736572],[163.257812,61.699463],[163.197852,61.644775],[163.138867,61.611426],[163.085254,61.570557],[163.047266,61.554053],[162.993945,61.544189],[162.92168,61.597705],[162.855957,61.705029],[162.752344,61.711279],[162.717871,61.695117],[162.699023,61.652588],[162.607617,61.650049],[162.506445,61.670117],[162.392578,61.662109],[162.188379,61.540674],[161.037109,60.962891],[160.915039,60.892676],[160.766602,60.75332],[160.482031,60.739844],[160.368164,60.708545],[160.287305,60.667041],[160.173633,60.638428],[160.177344,60.690723],[160.201074,60.729639],[160.225781,60.831543],[160.378906,61.025488],[160.28125,61.044775],[160.184277,61.047656],[160.004004,61.007422],[159.883105,60.943408],[159.79043,60.956641],[159.83457,61.013965],[159.949219,61.128613],[159.913965,61.234473],[159.883105,61.291797],[159.930859,61.323926],[160.162695,61.5375],[160.246875,61.647607],[160.317383,61.793359],[160.321484,61.838574],[160.309375,61.894385],[160.237793,61.903857],[160.18252,61.902832],[159.722168,61.758398],[159.552344,61.719482],[159.496289,61.781445],[159.423047,61.808057],[159.29502,61.91416],[159.189258,61.929395],[159.07666,61.922266],[158.824316,61.850244],[158.547168,61.810889],[158.333691,61.825684],[158.151563,61.764844],[158.070117,61.753613],[157.799316,61.795264],[157.469336,61.798926],[157.370703,61.74707],[157.08418,61.675684],[156.891797,61.565186],[156.790625,61.529639],[156.680273,61.480615],[156.629688,61.272461],[156.482617,61.206006],[156.344141,61.155078],[156.055957,60.995605],[155.85332,60.777148],[155.716113,60.682373],[155.427832,60.549854],[154.970801,60.37666],[154.578223,60.09502],[154.440723,59.883789],[154.389844,59.876758],[154.293066,59.83335],[154.266602,59.730371],[154.268848,59.658398],[154.20918,59.600342],[154.149805,59.528516],[154.212891,59.483398],[154.272168,59.475146],[154.357617,59.481445],[154.58252,59.540088],[154.971289,59.449609],[155.166699,59.360156],[155.153027,59.270215],[155.160449,59.190137],[155.016699,59.195605],[154.82373,59.187549],[154.703516,59.141309],[154.458008,59.216553],[154.375977,59.187842],[154.24668,59.108594],[154.010938,59.075537],[153.891699,59.11416],[153.695215,59.224756],[153.361133,59.214795],[153.272949,59.091309],[153.196094,59.094434],[153.077734,59.081885],[152.882227,58.939062],[152.817871,58.92627],[152.575586,58.954102],[152.400684,59.026416],[152.319629,59.030762],[152.165234,58.997021],[152.087891,58.910449],[151.70459,58.866699],[151.326758,58.875098],[151.121094,59.08252],[151.50498,59.164014],[151.733496,59.14668],[151.990039,59.160059],[152.260645,59.223584],[152.169531,59.27793],[152.104492,59.290576],[151.942383,59.284082],[151.798047,59.323242],[151.485742,59.524121],[151.348242,59.561133],[151.170313,59.583252],[151.033594,59.585645],[150.98252,59.571338],[150.911914,59.523047],[150.863281,59.475439],[150.823438,59.460742],[150.729492,59.469141],[150.615234,59.506543],[150.483594,59.494385],[150.539844,59.524951],[150.667285,59.556348],[150.457227,59.590723],[150.325586,59.638867],[150.202539,59.65127],[149.642578,59.77041],[149.424512,59.760986],[149.29043,59.728467],[149.065234,59.630518],[149.127734,59.558789],[149.175391,59.526758],[149.20498,59.488184],[149.133008,59.480518],[148.925,59.475],[148.79707,59.532324],[148.708887,59.448535],[148.744141,59.373535],[148.889648,59.4],[148.964648,59.369141],[148.914062,59.282715],[148.72666,59.25791],[148.491211,59.262305],[148.257422,59.414209],[147.874609,59.388037],[147.687891,59.290674],[147.514453,59.268555],[147.040039,59.365723],[146.803711,59.372949],[146.537207,59.456982],[146.444336,59.430469],[146.273438,59.221484],[146.049512,59.170557],[145.931641,59.198389],[145.829102,59.330322],[145.756445,59.37373],[145.55459,59.413525],[144.483398,59.37627],[144.123438,59.408301],[143.86875,59.411377],[143.523828,59.343652],[143.192188,59.370117],[142.580273,59.240137],[142.330371,59.152637],[142.025391,58.999658],[141.754688,58.745264],[141.60293,58.649023],[141.34707,58.528076],[140.987695,58.416846],[140.790234,58.303467],[140.684961,58.212158],[140.495117,57.86543],[140.446875,57.813672],[140.002344,57.6875],[139.861523,57.549316],[139.80332,57.51416],[139.619238,57.455713],[139.506641,57.358301],[139.443848,57.329687],[139.181641,57.261523],[138.965723,57.088135],[138.662109,56.965527],[138.217773,56.629004],[138.180078,56.588525],[138.140625,56.498682],[138.073828,56.433105],[137.691504,56.139355],[137.572949,56.112109],[137.384082,55.974756],[137.189844,55.892285],[137.012109,55.795264],[136.793555,55.694189],[136.460254,55.576709],[136.351172,55.51001],[136.175195,55.352246],[135.750781,55.160645],[135.540625,55.11377],[135.2625,54.943311],[135.234766,54.903223],[135.211523,54.84082],[135.257715,54.731494],[135.325391,54.707422],[135.437793,54.69248],[135.851562,54.583936],[136.237988,54.614062],[136.580273,54.613623],[136.714551,54.624316],[136.797266,54.620996],[136.82373,54.561475],[136.82041,54.452344],[136.77041,54.35332],[136.729395,54.060645],[136.683008,53.931299],[136.718848,53.804102],[136.802637,53.781982],[136.886426,53.839355],[137.01875,53.848145],[137.155371,53.82168],[137.258008,54.025244],[137.172461,54.056885],[137.096191,54.128564],[137.141602,54.182227],[137.377734,54.282324],[137.525098,54.291211],[137.666016,54.283301],[137.513184,54.156396],[137.45127,54.130469],[137.403418,54.123535],[137.339258,54.100537],[137.476465,54.027588],[137.622754,53.970459],[137.834766,53.946729],[137.786133,53.90332],[137.644824,53.86582],[137.516992,53.70708],[137.313672,53.631592],[137.221484,53.579199],[137.253711,53.546143],[137.32832,53.538965],[137.738184,53.560303],[137.950488,53.603564],[138.25293,53.726416],[138.378906,53.909277],[138.493555,53.959668],[138.52793,53.959863],[138.568164,53.947168],[138.569141,53.818799],[138.407031,53.67417],[138.292188,53.592432],[138.249707,53.524023],[138.320312,53.5229],[138.450684,53.537012],[138.510938,53.57002],[138.660742,53.744775],[138.699414,53.869727],[138.72168,54.04375],[138.704688,54.147656],[138.715918,54.222656],[138.657227,54.29834],[138.695703,54.32002],[139.105078,54.217822],[139.319727,54.192969],[139.707422,54.277148],[139.795508,54.256445],[139.858398,54.205322],[140.178711,54.051562],[140.241699,54.001025],[140.34707,53.812598],[140.687598,53.596436],[141.005664,53.49458],[141.015039,53.454248],[141.217676,53.334473],[141.37373,53.292773],[141.402051,53.183984],[141.32793,53.097266],[141.18125,53.015283],[140.887305,53.091504],[140.839648,53.087891],[140.874512,53.039844],[141.086816,52.897559],[141.255859,52.840137],[141.265918,52.652588],[141.24502,52.550146],[141.132422,52.435693],[141.169824,52.368408],[141.329688,52.271143],[141.409082,52.234326],[141.485254,52.178516],[141.385547,52.057227],[141.366895,51.920654],[141.258398,51.860693],[141.129395,51.727783],[140.932617,51.619922],[140.838574,51.41416],[140.687695,51.232275],[140.670703,51.051318],[140.645605,50.986768],[140.520898,50.800195],[140.476367,50.545996],[140.535449,50.130762],[140.564063,50.106689],[140.624512,50.082422],[140.613281,50.053711],[140.58457,50.03335],[140.462695,49.911475],[140.464551,49.825586],[140.511328,49.76167],[140.517188,49.596143],[140.431055,49.331494],[140.399121,49.289795],[140.364355,49.22085],[140.348633,49.15918],[140.325586,49.12002],[140.308984,49.053906],[140.333691,48.994824],[140.37832,48.964111],[140.224219,48.772852],[140.170605,48.523682],[140.113281,48.422656],[139.998438,48.323779],[139.760742,48.180566],[139.67627,48.089893],[139.520508,47.975293],[139.372656,47.887354],[139.166992,47.634863],[139.001367,47.383301],[138.586816,47.057227],[138.529688,46.976221],[138.500488,46.889844],[138.391797,46.745068],[138.336914,46.543408],[138.210156,46.462939],[138.106348,46.250732],[137.769141,45.928516],[137.685449,45.818359],[137.425195,45.63999],[137.146973,45.393506],[136.803516,45.171143],[136.737207,45.080029],[136.604102,44.978174],[136.460449,44.822119],[136.251172,44.666797],[136.208691,44.562012],[136.142285,44.489111],[135.987012,44.439844],[135.874609,44.373535],[135.533203,43.971484],[135.489063,43.898828],[135.483398,43.83501],[135.260156,43.684619],[135.131055,43.525732],[134.916992,43.426562],[134.691797,43.290576],[134.156445,43.042139],[134.010449,42.947461],[133.709375,42.829932],[133.586719,42.828223],[133.329492,42.763867],[133.159961,42.696973],[133.059375,42.722803],[132.996582,42.808008],[132.923926,42.805273],[132.863574,42.79375],[132.708984,42.87583],[132.576465,42.871582],[132.481348,42.909766],[132.303809,42.883301],[132.334375,43.238672],[132.30957,43.313525],[132.233203,43.245068],[132.028711,43.118945],[131.947266,43.09541],[131.866602,43.095166],[131.89834,43.170752],[132.013086,43.280029],[131.97627,43.296045],[131.938965,43.301953],[131.794727,43.255273],[131.72207,43.202637],[131.516406,42.996436],[131.393262,42.822314],[131.29248,42.772119],[131.245313,42.697412],[131.158301,42.626025],[131.024805,42.645166],[130.945703,42.633936],[130.756152,42.673291],[130.709375,42.656396],[130.83418,42.522949],[130.729883,42.325781],[130.687305,42.302539]]],[[[47.441992,80.853662],[47.899512,80.812695],[48.243262,80.823486],[48.345215,80.818994],[48.445703,80.806006],[48.547363,80.779053],[48.686523,80.717773],[48.683594,80.633252],[48.625488,80.629297],[48.044336,80.668164],[47.777344,80.75625],[47.705273,80.765186],[47.600098,80.741943],[47.512305,80.687939],[47.41416,80.674512],[47.303906,80.606201],[47.198242,80.614941],[47.144922,80.609033],[47.011035,80.562109],[46.677539,80.561328],[46.623926,80.540674],[46.513672,80.475537],[46.378125,80.456787],[46.141406,80.446729],[46.059863,80.483789],[46.023633,80.540869],[45.969043,80.569482],[45.64082,80.536963],[45.389258,80.560303],[45.149219,80.59873],[44.90498,80.611279],[45.124512,80.652246],[46.327441,80.735156],[46.799121,80.755225],[47.020605,80.814404],[47.352344,80.85293],[47.441992,80.853662]]],[[[50.278125,80.927246],[50.431445,80.910889],[50.801074,80.91416],[50.917676,80.89043],[51.454785,80.744678],[51.591016,80.740771],[51.703613,80.687646],[51.146191,80.603955],[50.96084,80.540479],[50.279688,80.527344],[49.845996,80.497656],[49.749805,80.47207],[49.794141,80.425342],[49.585938,80.376563],[48.896094,80.369189],[48.811035,80.353711],[48.677051,80.300049],[48.688965,80.290283],[48.921973,80.276807],[48.95957,80.265674],[48.99082,80.242383],[49.010742,80.207422],[48.977539,80.162598],[48.891895,80.155322],[48.797363,80.161133],[48.581738,80.195361],[48.55459,80.183301],[48.532617,80.158252],[48.466797,80.110107],[48.38623,80.095801],[48.167188,80.132764],[48.095898,80.122314],[48.025781,80.099463],[47.939941,80.088623],[47.737305,80.081689],[47.632422,80.111963],[47.723145,80.151367],[47.977539,80.212549],[47.892969,80.239258],[47.642383,80.245312],[47.444336,80.230127],[47.343066,80.188525],[47.248633,80.180225],[46.991016,80.182764],[46.845898,80.237207],[46.738184,80.257666],[46.644434,80.300342],[47.40293,80.444775],[47.656055,80.500537],[47.895801,80.529053],[48.208203,80.543896],[48.306152,80.561572],[48.402637,80.568799],[48.464746,80.558057],[48.625098,80.508301],[49.087793,80.515771],[49.185254,80.558643],[49.192676,80.656006],[49.147461,80.712109],[49.244336,80.821387],[49.507812,80.865332],[50.124316,80.923877],[50.278125,80.927246]]],[[[67.765332,76.237598],[67.365234,76.161279],[67.126953,76.108154],[66.893164,76.072266],[66.657422,76.047021],[66.282422,75.983691],[65.619141,75.904639],[65.201563,75.839453],[64.744531,75.788232],[64.262598,75.719678],[63.779297,75.672607],[63.659473,75.66875],[63.316699,75.603076],[63.045996,75.575732],[62.066113,75.427734],[61.616211,75.319629],[61.486523,75.31084],[61.355957,75.314844],[61.248828,75.281006],[61.147266,75.222559],[60.935645,75.163672],[60.829199,75.11084],[60.719238,75.068604],[60.655371,75.055029],[60.533789,75.059277],[60.475586,75.054736],[60.276855,75.007568],[60.241113,74.970752],[60.454883,74.946143],[60.501367,74.904639],[60.43916,74.875342],[60.300781,74.837012],[60.222461,74.796582],[60.080078,74.755859],[59.982324,74.744629],[59.747266,74.745898],[59.734668,74.695459],[59.771484,74.664453],[59.752734,74.637012],[59.674023,74.610156],[59.595996,74.613721],[59.240137,74.692969],[59.182031,74.665771],[59.157031,74.61084],[59.146094,74.551904],[59.100977,74.50752],[59.04043,74.485547],[58.928223,74.462695],[58.534668,74.498926],[58.502148,74.464209],[58.562012,74.421826],[58.645703,74.328027],[58.665039,74.289258],[58.617871,74.227393],[58.441406,74.128857],[57.767383,74.013818],[57.778418,73.973926],[57.853418,73.897852],[57.872266,73.850439],[57.844922,73.805078],[57.755957,73.769189],[57.657422,73.768164],[57.603711,73.775488],[57.448535,73.825635],[57.313086,73.838037],[57.290918,73.814551],[57.464258,73.746045],[57.542578,73.658203],[57.459766,73.610303],[57.134375,73.504395],[56.963867,73.366553],[56.63418,73.304297],[56.430371,73.297217],[56.22832,73.314111],[56.03457,73.345898],[55.549219,73.356836],[55.280176,73.392041],[55.006836,73.453857],[54.768652,73.449414],[54.56582,73.418506],[54.299902,73.350977],[54.131543,73.481006],[54.20459,73.542041],[53.838672,73.697119],[53.762891,73.766162],[53.851367,73.800537],[53.963477,73.822314],[54.174023,73.885742],[54.386328,73.935645],[54.605664,73.951318],[54.642676,73.95957],[54.733398,74.033984],[54.83125,74.095752],[54.920313,74.129102],[55.022852,74.186621],[55.340918,74.419629],[55.416406,74.436133],[56.07832,74.481299],[56.137109,74.496094],[55.947461,74.542187],[55.751758,74.541211],[55.661523,74.556104],[55.610352,74.590527],[55.582227,74.627686],[55.659668,74.656299],[55.913672,74.796094],[56.217871,74.89751],[56.49873,74.95708],[56.428516,74.972949],[56.340039,75.013477],[55.998047,75.003369],[55.863184,75.05874],[55.821191,75.090625],[55.810059,75.124902],[55.920703,75.168359],[56.035547,75.194238],[56.162207,75.186572],[56.288672,75.164307],[56.389063,75.138184],[56.485254,75.096094],[56.570312,75.097754],[56.87627,75.244385],[56.829297,75.277734],[56.809473,75.328418],[56.844434,75.351416],[56.989453,75.375098],[57.0875,75.383838],[57.301758,75.373242],[57.606836,75.34126],[57.631543,75.356445],[57.708203,75.454492],[57.783398,75.506689],[58.093652,75.592529],[58.072559,75.618994],[58.058301,75.663086],[58.418359,75.719775],[58.652734,75.776807],[58.88125,75.854785],[58.994727,75.871729],[59.110449,75.87373],[59.346582,75.907031],[59.781934,75.94585],[60.036133,75.983838],[60.118164,76.066553],[60.279297,76.09624],[60.606152,76.108643],[60.730566,76.104053],[60.801172,76.068799],[60.942188,76.071289],[60.997754,76.089258],[61.053906,76.119873],[61.036914,76.169043],[61.034375,76.232959],[61.156934,76.273535],[61.20166,76.282031],[61.569434,76.298486],[61.787109,76.291016],[62.237305,76.241602],[62.471094,76.230469],[62.782031,76.245215],[62.971484,76.23667],[63.526172,76.309521],[64.463477,76.378174],[64.707617,76.426025],[64.95,76.484326],[65.072852,76.496729],[65.197168,76.499658],[65.309766,76.51792],[65.528418,76.567822],[65.636914,76.578662],[65.755176,76.579297],[65.862891,76.61333],[65.958887,76.687939],[66.062988,76.746094],[66.345215,76.821045],[66.828809,76.923828],[67.263672,76.96377],[67.534961,77.007764],[67.651855,77.011572],[68.017285,76.990625],[68.485742,76.933691],[68.699121,76.870654],[68.87334,76.7896],[68.911719,76.760547],[68.941699,76.707666],[68.890527,76.659717],[68.858008,76.610498],[68.899805,76.572949],[68.558594,76.449414],[68.222363,76.313477],[68.16543,76.284863],[67.765332,76.237598]]],[[[55.319824,73.308301],[55.787305,73.268604],[56.137695,73.256152],[56.350488,73.225537],[56.42959,73.201172],[56.397461,73.13916],[56.334668,73.113672],[56.188965,73.033008],[56.166992,72.983203],[56.192871,72.90498],[56.170508,72.848096],[56.12168,72.806592],[56.083789,72.789404],[55.819727,72.789502],[55.723438,72.766406],[55.718457,72.721533],[55.700977,72.671729],[55.616406,72.599072],[55.441309,72.575391],[55.40332,72.549072],[55.416895,72.501318],[55.355957,72.465088],[55.35957,72.408691],[55.39043,72.377832],[55.399121,72.313623],[55.518066,72.220654],[55.494922,72.182324],[55.40332,72.106885],[55.375,72.014893],[55.297852,71.935352],[55.471094,71.869238],[55.54668,71.78335],[55.613672,71.689893],[55.819336,71.507568],[56.043164,71.345605],[56.454395,71.107373],[56.894824,70.927002],[57.065625,70.876025],[57.483594,70.792285],[57.556445,70.76582],[57.625391,70.728809],[57.447168,70.661035],[57.263672,70.636035],[57.246973,70.605127],[57.145898,70.589111],[56.648828,70.646533],[56.62168,70.655371],[56.568652,70.697461],[56.510059,70.728809],[56.385742,70.734131],[56.260059,70.714746],[56.334766,70.676709],[56.417188,70.664941],[56.561328,70.593555],[56.499707,70.566406],[56.43457,70.562988],[56.14248,70.657861],[56.114746,70.646143],[56.087109,70.618359],[55.941602,70.649268],[55.907227,70.626318],[55.796875,70.615576],[55.706738,70.641895],[55.706445,70.675244],[55.687305,70.692188],[55.236914,70.666016],[55.05166,70.666748],[54.86709,70.678125],[54.645117,70.741846],[54.608203,70.713232],[54.601172,70.680078],[54.517383,70.693311],[54.332617,70.744678],[54.199414,70.764893],[53.722363,70.814453],[53.383594,70.873535],[53.467773,70.900586],[53.613574,70.914648],[53.615625,70.95083],[53.592578,71.000684],[53.587793,71.052295],[53.670508,71.086914],[53.857031,71.07041],[53.834277,71.126709],[53.922266,71.137598],[54.093945,71.105225],[54.155664,71.125488],[53.886133,71.196289],[53.59082,71.29668],[53.622168,71.332764],[53.515234,71.342529],[53.409961,71.340137],[53.319043,71.39917],[53.33252,71.477246],[53.411621,71.530127],[53.363867,71.54165],[52.908984,71.49502],[52.678711,71.505664],[52.418848,71.536865],[52.17998,71.490234],[51.937891,71.474707],[51.812598,71.491309],[51.691602,71.525146],[51.59043,71.571143],[51.511328,71.648096],[51.438672,71.776807],[51.428613,71.825537],[51.443555,71.934375],[51.482227,71.979785],[51.58252,72.071191],[51.653125,72.099365],[51.805469,72.142139],[51.885449,72.153223],[52.068652,72.131152],[52.252051,72.129736],[52.332324,72.153955],[52.406738,72.196729],[52.461914,72.252344],[52.586133,72.284033],[52.62207,72.300977],[52.661914,72.336865],[52.705762,72.390967],[52.713867,72.436963],[52.74873,72.482959],[52.863672,72.549854],[52.823242,72.59126],[52.839063,72.619287],[52.916602,72.668896],[52.683105,72.682324],[52.60498,72.704053],[52.528516,72.737354],[52.550586,72.768555],[52.579297,72.791357],[52.812207,72.875244],[52.913184,72.899951],[53.024219,72.913574],[53.134961,72.913232],[53.253516,72.90376],[53.369824,72.916748],[53.247266,72.973145],[53.237109,73.011182],[53.188965,73.104004],[53.197949,73.147559],[53.251172,73.182959],[53.357617,73.224561],[53.512207,73.238379],[53.633691,73.260254],[53.753223,73.293262],[53.865625,73.298975],[54.091016,73.276465],[54.202344,73.281348],[54.327637,73.299463],[54.676074,73.37002],[54.803906,73.387646],[54.940625,73.383252],[55.121387,73.356836],[55.319824,73.308301]]],[[[96.526563,81.075586],[96.563086,81.030078],[96.693262,80.994189],[96.75498,80.957861],[97.413672,80.841846],[97.703027,80.826709],[97.831836,80.798291],[97.869922,80.763281],[97.856445,80.698096],[97.747168,80.698682],[97.66543,80.678076],[97.221387,80.652441],[97.113086,80.614063],[97.025391,80.535547],[97.072559,80.519873],[97.115039,80.496582],[97.250195,80.362988],[97.286816,80.342529],[97.416992,80.323145],[97.298438,80.272754],[97.175195,80.241016],[95.855762,80.176953],[94.961328,80.150391],[94.66123,80.122803],[94.565039,80.126074],[94.328418,80.076025],[93.872363,80.010107],[93.654688,80.009619],[93.002344,80.1021],[92.201563,80.179297],[92.092188,80.22334],[91.891602,80.249268],[91.637402,80.269922],[91.523828,80.358545],[91.687793,80.418506],[91.89668,80.477539],[92.24668,80.499121],[92.57793,80.533252],[92.826758,80.618555],[92.981055,80.702979],[93.2625,80.79126],[92.772949,80.768652],[92.592578,80.780859],[92.610156,80.81001],[92.710352,80.872168],[92.764648,80.893066],[92.938672,80.92583],[93.065137,80.988477],[93.358691,81.031689],[93.497363,81.039209],[93.636719,81.038135],[93.888867,81.058398],[94.140137,81.089453],[94.375488,81.107373],[94.611621,81.114648],[94.837891,81.139404],[95.060938,81.188086],[95.15957,81.270996],[95.800684,81.280469],[95.901953,81.260596],[95.983984,81.211426],[96.075195,81.192773],[96.186914,81.183936],[96.471094,81.099268],[96.526563,81.075586]]],[[[97.674512,80.158252],[97.903613,80.09502],[98.017773,80.022852],[97.906738,80.00376],[97.80791,79.956299],[97.759961,79.89585],[97.626953,79.850439],[97.591309,79.774951],[97.65166,79.760645],[97.724512,79.781396],[97.870703,79.852637],[98.064551,79.901074],[98.273242,79.874121],[98.353125,79.884326],[98.499023,79.953125],[98.471875,80.009131],[98.531836,80.043604],[98.596484,80.052197],[98.865918,80.04541],[99.294922,80.016357],[99.370703,79.986377],[99.473047,79.970166],[99.536133,79.941309],[99.726562,79.919922],[99.818359,79.898193],[99.946582,79.848975],[100.06123,79.7771],[99.91582,79.73833],[99.839258,79.668945],[99.805469,79.653076],[99.781641,79.628271],[99.771094,79.567725],[99.748828,79.515186],[99.721191,79.491846],[99.70625,79.463477],[99.721582,79.385107],[99.680664,79.32334],[99.537305,79.276562],[99.387793,79.274756],[99.16709,79.306299],[99.104395,79.305371],[99.041797,79.293018],[99.317383,79.227197],[99.517285,79.130176],[99.750781,79.107666],[99.814648,79.09585],[99.899609,79.006396],[99.929297,78.961426],[99.54082,78.852734],[99.439551,78.834229],[98.819531,78.818262],[98.411133,78.787793],[98.28252,78.79502],[98.054199,78.820996],[97.905176,78.810205],[97.688574,78.827344],[97.555469,78.826562],[97.248145,78.868018],[96.93291,78.933936],[96.871191,78.963818],[96.807813,78.984961],[96.42998,79.003027],[96.347363,79.015869],[95.796484,79.001416],[95.702832,79.012012],[95.531055,79.098096],[95.436914,79.099316],[95.133203,79.049609],[95.02041,79.052686],[94.791016,79.086621],[94.652344,79.12749],[94.631641,79.140869],[94.619727,79.192383],[94.482129,79.218604],[94.31377,79.30752],[94.21875,79.402344],[93.758594,79.451416],[93.478711,79.462744],[93.272266,79.458398],[93.070801,79.495312],[93.404688,79.631592],[93.847266,79.70166],[94.038184,79.756006],[94.257129,79.829736],[94.347266,79.941943],[94.719434,80.01123],[94.815039,80.034814],[94.946777,80.089258],[94.987305,80.096826],[95.281348,80.030518],[95.337988,80.042139],[95.390723,80.072803],[95.497559,80.105615],[95.857813,80.11001],[96.1625,80.096826],[96.277344,80.110059],[96.416602,80.104346],[97.120508,80.153027],[97.586816,80.168262],[97.674512,80.158252]]],[[[102.884766,79.253955],[102.787305,79.176416],[102.745801,79.106055],[102.447852,78.87666],[102.412305,78.835449],[102.587305,78.871289],[102.747656,78.949561],[102.844824,79.014355],[102.950391,79.055762],[103.075684,79.056494],[103.199121,79.071289],[103.433398,79.126123],[103.672852,79.15],[103.800781,79.149268],[103.925684,79.123242],[104.004004,79.062549],[104.091113,79.013184],[104.404199,78.9771],[104.449219,78.963916],[104.476953,78.92334],[104.452051,78.880029],[104.633203,78.835156],[104.881055,78.854883],[105.014648,78.843311],[105.145996,78.818848],[105.20459,78.779932],[105.256055,78.733008],[105.310156,78.666162],[105.342676,78.593945],[105.312598,78.499902],[104.832617,78.352734],[104.741797,78.339746],[104.519434,78.349219],[104.297461,78.335059],[103.719336,78.258252],[103.003125,78.255859],[102.79668,78.187891],[102.734375,78.189893],[102.673145,78.201709],[102.617188,78.224609],[102.180469,78.205322],[101.692383,78.194336],[101.204102,78.191943],[101.039941,78.142969],[100.541211,78.04751],[100.082227,77.975],[99.84502,77.956836],[99.500293,77.976074],[99.391699,78.000684],[99.287109,78.038086],[99.438672,78.083936],[99.545605,78.178564],[99.67793,78.233496],[100.018945,78.338916],[100.05752,78.380371],[100.123535,78.470459],[100.162988,78.503955],[100.215039,78.535791],[100.257227,78.573828],[100.262695,78.631494],[100.283984,78.679199],[100.416406,78.753174],[100.515625,78.787793],[100.619629,78.797412],[100.875586,78.783594],[100.955762,78.788477],[100.897949,78.812451],[100.85625,78.897754],[100.864551,78.92583],[100.901367,78.980078],[100.96543,79.006543],[101.030859,79.023291],[101.068164,79.09624],[101.052246,79.123242],[101.148828,79.156885],[101.196094,79.204443],[101.310449,79.232617],[101.543066,79.254443],[101.555273,79.312646],[101.590625,79.350439],[101.643359,79.361377],[101.761328,79.371973],[101.824219,79.370215],[101.912109,79.311621],[102.005273,79.263672],[102.128516,79.25249],[102.25127,79.256055],[102.177246,79.312598],[102.180664,79.373389],[102.225098,79.412939],[102.282422,79.430078],[102.404883,79.433203],[102.789844,79.392139],[103.041602,79.331543],[103.097949,79.299121],[103.052441,79.28252],[102.939648,79.271191],[102.884766,79.253955]]],[[[140.04873,75.828955],[140.152148,75.809814],[140.274414,75.822412],[140.389063,75.79585],[140.496289,75.689795],[140.54668,75.663184],[140.602148,75.643945],[140.656738,75.634131],[140.815918,75.630713],[140.889258,75.652002],[140.944141,75.700488],[140.94043,75.749512],[140.926563,75.798926],[140.925781,75.866846],[140.950293,75.927344],[140.985352,75.964502],[141.032617,75.988965],[141.299316,76.06377],[141.485449,76.137158],[141.742285,76.108057],[142.001465,76.043555],[142.460352,75.903613],[142.669531,75.863428],[142.926758,75.826904],[143.185156,75.813623],[143.311133,75.822314],[143.559961,75.8604],[143.68584,75.863672],[145.255273,75.585596],[145.309766,75.564063],[145.359961,75.530469],[145.023438,75.489746],[144.803125,75.416064],[144.726758,75.365576],[144.814258,75.324512],[144.883496,75.268945],[144.407813,75.102295],[144.216016,75.05918],[144.019727,75.044678],[143.625879,75.083984],[143.396094,75.082861],[143.170313,75.116895],[142.92207,75.217432],[142.820117,75.267822],[142.729492,75.337646],[142.699609,75.448877],[142.734473,75.54458],[142.867578,75.571777],[142.986035,75.633252],[143.002441,75.659863],[142.941797,75.713281],[142.551563,75.720898],[142.30791,75.691699],[142.08623,75.660645],[142.151074,75.457568],[142.198828,75.392676],[142.264746,75.346143],[142.616797,75.133252],[142.696973,75.103076],[142.929688,75.062402],[143.12793,74.970313],[142.778223,74.867773],[142.626074,74.837402],[142.472754,74.82041],[142.378418,74.828564],[142.287402,74.849902],[142.18418,74.899609],[142.1,74.950977],[141.987305,74.99126],[141.748438,74.982568],[141.52998,74.947168],[141.310449,74.923193],[140.660742,74.881836],[140.463867,74.856055],[140.267871,74.846924],[140.011035,74.894775],[139.758203,74.96377],[139.68125,74.964062],[139.605859,74.945605],[139.548047,74.904053],[139.512305,74.837793],[139.430078,74.749219],[139.325586,74.686816],[139.215332,74.659668],[139.099121,74.656543],[138.981738,74.673682],[138.865625,74.700928],[138.092285,74.797461],[138.001367,74.827002],[137.915039,74.87085],[137.683008,75.008545],[137.568066,75.040576],[137.446973,75.054199],[137.217969,75.12373],[137.00625,75.23501],[136.962305,75.270361],[136.947656,75.325537],[136.982422,75.365332],[137.166016,75.346582],[137.289746,75.348633],[137.215234,75.554395],[137.268848,75.749414],[137.358496,75.781641],[137.706543,75.75957],[137.593555,75.823389],[137.501172,75.909668],[137.560547,75.955225],[137.625391,75.988184],[137.774414,76.015674],[137.977051,76.027783],[138.038672,76.047266],[138.095996,76.080518],[138.207617,76.114941],[138.430664,76.130078],[138.813965,76.199707],[138.919531,76.196729],[139.017578,76.160107],[139.10918,76.10835],[139.211328,76.080713],[139.528516,76.013428],[139.743359,75.953076],[140.04873,75.828955]]],[[[146.795215,75.370752],[147.060352,75.364307],[147.443555,75.437988],[147.496973,75.440527],[148.432422,75.413525],[148.508887,75.387451],[148.518848,75.336475],[148.48916,75.309375],[148.475,75.272412],[148.590137,75.236377],[148.892188,75.228125],[149.083203,75.262061],[149.645313,75.24458],[150.103906,75.219238],[150.280664,75.164014],[150.417188,75.134326],[150.530566,75.099854],[150.612891,75.120166],[150.690332,75.155322],[150.756934,75.162402],[150.822363,75.156543],[150.646289,74.94458],[150.580273,74.918945],[150.33125,74.866797],[149.838086,74.795312],[149.596875,74.772607],[149.050195,74.772461],[148.296875,74.800439],[148.092383,74.825684],[147.971875,74.857324],[147.740918,74.931982],[147.626855,74.958936],[147.257031,74.984277],[147.144043,74.998437],[146.924902,75.0625],[146.70332,75.114209],[146.148535,75.198291],[146.186133,75.295557],[146.257617,75.39375],[146.342969,75.480908],[146.438477,75.558203],[146.5375,75.581787],[146.750977,75.510449],[146.748242,75.428662],[146.795215,75.370752]]],[[[178.861523,70.826416],[178.792578,70.82207],[178.648242,71.000586],[178.62832,71.047363],[178.683887,71.105664],[178.829004,71.177881],[178.891113,71.231104],[179.235059,71.324512],[179.547656,71.447656],[179.715918,71.466211],[179.886426,71.52334],[180,71.537744],[180,70.993018],[179.881348,70.975684],[179.647656,70.898926],[179.152539,70.880273],[178.861523,70.826416]]],[[[142.761035,54.393945],[142.976172,54.140967],[142.985938,54.085693],[142.96709,54.028809],[142.926563,53.955615],[142.911426,53.878369],[142.936426,53.810938],[142.917969,53.794238],[143.095508,53.488672],[143.223633,53.296045],[143.259961,53.217285],[143.287891,53.134375],[143.324707,52.963086],[143.332617,52.700049],[143.323633,52.613574],[143.295117,52.52915],[143.264258,52.478662],[143.200977,52.44292],[143.172266,52.349365],[143.155566,52.08374],[143.190625,51.944482],[143.250586,51.8479],[143.294727,51.744336],[143.299512,51.632373],[143.320508,51.583252],[143.417773,51.520605],[143.455469,51.471484],[143.467383,51.401904],[143.472949,51.299219],[143.48877,51.277051],[143.53418,51.246289],[143.736035,50.506738],[143.816016,50.282617],[144.047949,49.895752],[144.141309,49.661475],[144.199609,49.549756],[144.239941,49.432031],[144.27207,49.311328],[144.341211,49.180518],[144.431738,49.051074],[144.606836,48.93584],[144.685547,48.87124],[144.706641,48.819531],[144.71377,48.640283],[144.672656,48.678564],[144.620996,48.814844],[144.536328,48.893555],[144.411816,48.986377],[144.283789,49.069775],[144.125488,49.208545],[144.04873,49.24917],[143.967773,49.276318],[143.819141,49.308594],[143.732324,49.312012],[143.382227,49.290674],[143.236328,49.262842],[143.10498,49.198828],[143.026855,49.10542],[142.97168,48.917773],[142.650977,48.246875],[142.574219,48.072168],[142.545898,47.884912],[142.556934,47.737891],[142.579004,47.683984],[142.670117,47.536914],[142.74541,47.452393],[142.800781,47.416162],[142.863965,47.391797],[142.905469,47.361865],[142.940332,47.322754],[143.005566,47.222705],[143.089258,47.000781],[143.17793,46.844043],[143.217676,46.794873],[143.318652,46.807373],[143.384375,46.805664],[143.447266,46.791992],[143.485645,46.752051],[143.540332,46.575098],[143.578711,46.406055],[143.580664,46.360693],[143.508594,46.230176],[143.490625,46.174609],[143.482324,46.11582],[143.463477,46.069482],[143.431641,46.028662],[143.418652,46.222021],[143.370313,46.358496],[143.352148,46.476221],[143.282324,46.558984],[143.047852,46.592627],[142.829297,46.605273],[142.795508,46.620215],[142.747363,46.670654],[142.691895,46.71084],[142.635742,46.716211],[142.578027,46.700781],[142.478809,46.644238],[142.406445,46.554688],[142.35,46.458691],[142.304004,46.357568],[142.208594,46.088867],[142.149707,45.999268],[142.077148,45.917041],[142.015625,45.961621],[141.961621,46.013477],[141.92998,46.088281],[141.916309,46.170752],[141.830371,46.451074],[141.866504,46.694189],[142.011035,47.030322],[142.038672,47.140283],[142.016895,47.244678],[141.98418,47.347705],[141.9625,47.543799],[141.964063,47.587451],[142.015625,47.700635],[142.075977,47.80835],[142.149219,47.902148],[142.181738,48.013379],[142.135352,48.290088],[142.028711,48.4771],[141.897266,48.654687],[141.873047,48.701953],[141.866309,48.750098],[141.97959,48.972168],[142.020117,49.078467],[142.066504,49.312061],[142.108691,49.439648],[142.142285,49.569141],[142.153125,50.216748],[142.143066,50.312109],[142.071094,50.51499],[142.066016,50.630469],[142.100488,50.776465],[142.147266,50.890186],[142.20791,50.998486],[142.206738,51.222559],[142.090723,51.429395],[142.005957,51.520508],[141.872949,51.630029],[141.771875,51.690186],[141.722363,51.736328],[141.771875,51.751807],[141.808105,51.789209],[141.720996,51.846777],[141.668457,51.93335],[141.66084,52.272949],[141.682422,52.359131],[141.747559,52.454834],[141.80332,52.555615],[141.855566,52.793506],[141.873633,53.038916],[141.838867,53.138477],[141.823535,53.339502],[141.852441,53.389453],[141.964453,53.456396],[142.141992,53.495605],[142.179883,53.484033],[142.318945,53.405469],[142.370508,53.402539],[142.424023,53.410742],[142.526172,53.447461],[142.583496,53.536768],[142.50918,53.587598],[142.552539,53.652637],[142.67959,53.674365],[142.688867,53.730176],[142.642871,53.736768],[142.683008,53.816016],[142.705957,53.895703],[142.670215,53.968408],[142.466602,54.148535],[142.334961,54.280713],[142.55166,54.278955],[142.615625,54.303613],[142.666211,54.358203],[142.692773,54.416113],[142.761035,54.393945]]],[[[-178.876465,71.577051],[-178.438965,71.541162],[-178.353564,71.529199],[-178.214697,71.481641],[-178.133887,71.465479],[-178.056641,71.437598],[-177.974805,71.390527],[-177.816992,71.33999],[-177.584131,71.281689],[-177.532178,71.263086],[-177.498486,71.219141],[-177.523584,71.166895],[-177.821777,71.067578],[-178.062695,71.041943],[-178.527979,71.014795],[-179.156885,70.939844],[-179.415674,70.918994],[-179.506689,70.923438],[-179.734033,70.97168],[-179.999951,70.993018],[-179.999951,71.184229],[-179.999951,71.399707],[-179.999951,71.537744],[-179.844873,71.550977],[-179.691016,71.577979],[-179.546387,71.582422],[-179.402051,71.56665],[-179.256494,71.57168],[-179.111572,71.596191],[-178.994043,71.593213],[-178.876465,71.577051]]],[[[35.816113,65.18208],[35.848438,65.142676],[35.858398,65.07793],[35.827344,65.036475],[35.842285,65.001465],[35.778711,64.97666],[35.680078,65.057617],[35.621387,65.058789],[35.558594,65.093604],[35.528906,65.151074],[35.585742,65.16709],[35.608691,65.157129],[35.729102,65.197559],[35.816113,65.18208]]],[[[42.713672,66.701709],[42.675586,66.688086],[42.477344,66.735059],[42.460059,66.770361],[42.468555,66.785547],[42.547461,66.795508],[42.631445,66.782227],[42.690723,66.735303],[42.713672,66.701709]]],[[[52.90332,71.36499],[52.994141,71.29126],[53.074023,71.237939],[53.141406,71.241895],[53.192578,71.215283],[53.205176,71.159717],[53.071484,71.065039],[53.048145,71.030957],[53.105762,70.999268],[53.120996,70.982031],[53.022656,70.968701],[53.004492,71.011621],[52.949609,71.053613],[52.835352,71.08584],[52.788965,71.114941],[52.738379,71.180664],[52.546582,71.250439],[52.425488,71.239258],[52.289453,71.270361],[52.249609,71.284912],[52.239844,71.325049],[52.296582,71.356836],[52.512598,71.385059],[52.617383,71.38335],[52.729688,71.355127],[52.720313,71.389795],[52.732227,71.403711],[52.776758,71.399805],[52.90332,71.36499]]],[[[168.039062,54.56499],[168.081348,54.512744],[167.677344,54.697656],[167.488086,54.794971],[167.441504,54.855859],[167.511719,54.856934],[167.59248,54.797754],[167.710645,54.770166],[167.882617,54.690479],[168.039062,54.56499]]],[[[160.718945,70.822705],[160.651367,70.805859],[160.504785,70.819727],[160.436914,70.851025],[160.44043,70.922656],[160.448535,70.934033],[160.56582,70.923779],[160.644922,70.883545],[160.718945,70.822705]]],[[[161.46709,68.900977],[161.422461,68.899658],[161.45625,68.966016],[161.461133,68.995605],[161.364063,69.044434],[161.18252,69.081592],[161.136523,69.110254],[161.125488,69.197021],[161.164551,69.333594],[161.082813,69.405664],[161.110742,69.469824],[161.32334,69.540918],[161.409766,69.595703],[161.505176,69.639453],[161.520703,69.634033],[161.617773,69.592432],[161.609277,69.500928],[161.540332,69.436523],[161.374414,69.413672],[161.350879,69.369336],[161.372656,69.292822],[161.377539,69.194434],[161.394238,69.106445],[161.494727,69.016016],[161.516992,68.96958],[161.506738,68.927588],[161.46709,68.900977]]],[[[152.885938,76.121729],[152.786328,76.085791],[152.558594,76.143604],[152.642773,76.174805],[152.799414,76.194824],[152.835059,76.185156],[152.86377,76.163428],[152.885938,76.121729]]],[[[149.150195,76.659912],[148.398633,76.648242],[148.448145,76.676953],[148.719629,76.746582],[149.406445,76.78208],[149.268359,76.747217],[149.204785,76.677002],[149.150195,76.659912]]],[[[137.959863,71.507666],[137.711816,71.423242],[137.612891,71.433936],[137.511816,71.474609],[137.457813,71.483496],[137.403223,71.477295],[137.344238,71.460547],[137.265527,71.455908],[137.078711,71.502197],[137.064063,71.529883],[137.081836,71.542725],[137.129492,71.556152],[137.168164,71.557129],[137.281836,71.579932],[137.816797,71.587891],[137.857617,71.583057],[137.933789,71.542773],[137.959863,71.507666]]],[[[107.695508,78.130908],[107.60625,78.082568],[107.481641,78.057764],[107.343848,78.098584],[107.00166,78.095654],[106.415527,78.139844],[106.583301,78.167578],[107.508301,78.189404],[107.573242,78.185547],[107.695508,78.130908]]],[[[112.478027,76.620898],[112.63252,76.552979],[112.66084,76.50957],[112.61416,76.499268],[112.586523,76.482959],[112.574805,76.452393],[112.531641,76.450049],[112.394824,76.483789],[112.296875,76.537988],[112.153809,76.549316],[112.002734,76.602979],[111.968945,76.626172],[112.011133,76.632861],[112.281445,76.618359],[112.394141,76.643799],[112.478027,76.620898]]],[[[96.532422,76.278125],[96.613965,76.263818],[96.589648,76.22124],[96.486719,76.23374],[96.350781,76.212158],[96.353418,76.17749],[96.300586,76.121729],[96.108789,76.155469],[95.844531,76.160254],[95.678613,76.193652],[95.311133,76.214746],[95.32207,76.261621],[95.379883,76.289062],[95.594434,76.249609],[95.78623,76.293896],[96.150977,76.271875],[96.270703,76.305371],[96.532422,76.278125]]],[[[96.285449,77.02666],[96.253516,77.007275],[96.209863,76.992139],[96.091406,77.002539],[95.854688,76.974951],[95.76582,76.990625],[95.680859,77.021338],[95.364062,77.011523],[95.270312,77.018848],[95.420703,77.056494],[95.854102,77.097559],[96.528418,77.205518],[96.561914,77.154053],[96.561328,77.12959],[96.424316,77.071191],[96.285449,77.02666]]],[[[89.514258,77.188818],[89.299512,77.183984],[89.179297,77.209912],[89.141699,77.226807],[89.200488,77.271973],[89.281543,77.301465],[89.616211,77.311035],[89.67959,77.280322],[89.66582,77.254492],[89.514258,77.188818]]],[[[74.660547,72.873437],[74.638379,72.86377],[74.588086,72.881152],[74.434766,72.907666],[74.180664,72.975342],[74.100195,73.021533],[74.142383,73.074365],[74.198535,73.109082],[74.408789,73.130469],[74.599902,73.121777],[74.725293,73.108154],[74.961523,73.0625],[74.742578,73.032715],[74.647266,72.969043],[74.660156,72.929297],[74.697168,72.907715],[74.660547,72.873437]]],[[[75.503711,73.456641],[75.344336,73.432275],[75.375,73.477393],[75.569727,73.540625],[75.930176,73.573633],[76.039453,73.559912],[76.051562,73.549268],[75.900977,73.481494],[75.827148,73.459131],[75.503711,73.456641]]],[[[83.549023,74.071777],[83.495801,74.048438],[83.45,74.05166],[83.410645,74.039551],[83.158984,74.075342],[82.817773,74.091602],[82.90293,74.128906],[83.149805,74.151611],[83.513477,74.122363],[83.618359,74.089453],[83.549023,74.071777]]],[[[67.344922,69.529834],[67.263965,69.442529],[67.097852,69.447168],[67.047266,69.467041],[67.025879,69.483203],[67.216113,69.575391],[67.328906,69.572119],[67.344922,69.529834]]],[[[66.560938,70.541748],[66.568555,70.501465],[66.51582,70.514893],[66.448633,70.561035],[66.407617,70.615771],[66.394824,70.727295],[66.418164,70.757129],[66.440234,70.772656],[66.462891,70.769336],[66.457715,70.698779],[66.560938,70.541748]]],[[[70.020703,66.502197],[69.844727,66.489746],[69.651367,66.565332],[69.469336,66.715967],[69.502734,66.751074],[69.616406,66.739014],[69.800391,66.736475],[69.917578,66.71167],[70.07666,66.695898],[70.057617,66.627197],[70.057227,66.599463],[70.110059,66.569092],[70.05918,66.517578],[70.020703,66.502197]]],[[[50.051758,80.074316],[49.970898,80.060742],[49.588281,80.136133],[49.556055,80.158936],[49.883691,80.230225],[50.250977,80.219482],[50.309961,80.185645],[50.319141,80.172363],[50.072266,80.109473],[50.051758,80.074316]]],[[[51.409277,79.944238],[51.435156,79.931934],[51.43125,79.920508],[51.07627,79.931982],[50.454102,79.924414],[50.091406,79.980566],[50.472656,80.035449],[50.675781,80.048535],[50.936328,80.094238],[51.254395,80.048633],[51.237891,80.010352],[51.242773,79.99126],[51.326953,79.972314],[51.409277,79.944238]]],[[[50.753711,81.047412],[50.616016,81.04126],[50.518164,81.045557],[50.411914,81.084375],[50.377441,81.102734],[50.368457,81.12251],[50.464941,81.126221],[50.505957,81.144238],[50.521582,81.158203],[50.591797,81.169434],[50.715918,81.170654],[50.878613,81.150879],[50.946191,81.108154],[50.78877,81.071826],[50.753711,81.047412]]],[[[55.479688,80.273828],[55.195117,80.226807],[55.048438,80.228369],[54.979688,80.256445],[55.091602,80.295557],[55.240039,80.325391],[55.353223,80.317676],[55.434766,80.302246],[55.479688,80.273828]]],[[[54.415332,80.472803],[54.275879,80.421338],[53.811914,80.476221],[53.85,80.503857],[53.900195,80.51543],[53.901563,80.54248],[53.858887,80.563037],[53.877246,80.605273],[54.176758,80.574365],[54.205371,80.561768],[54.407129,80.540137],[54.437305,80.498682],[54.415332,80.472803]]],[[[59.688867,79.955811],[59.330664,79.923047],[59.202637,79.932959],[59.169238,79.948291],[59.100391,79.96416],[58.919238,79.984619],[58.946094,80.042334],[59.001465,80.053906],[59.544531,80.118848],[59.80166,80.082666],[59.911035,79.994287],[59.688867,79.955811]]],[[[58.622363,81.04165],[58.761523,80.990967],[58.815332,80.933594],[58.902539,80.897656],[58.930566,80.831689],[58.859961,80.779395],[58.641895,80.767969],[58.285645,80.764893],[57.937891,80.793359],[57.749805,80.889062],[57.405176,80.915137],[57.210938,81.01709],[57.410254,81.046777],[57.65625,81.031543],[58.049512,81.118457],[58.102344,81.114258],[58.189941,81.09458],[58.507617,81.061768],[58.622363,81.04165]]],[[[47.983008,45.488232],[47.967676,45.469971],[47.920313,45.562061],[47.917578,45.618164],[47.947168,45.64707],[47.987109,45.554053],[47.983008,45.488232]]],[[[50.265234,69.185596],[50.283008,69.088867],[50.220605,69.048779],[50.164453,69.037549],[50.140918,69.098145],[50.093945,69.125537],[49.920801,69.053271],[49.839844,68.973779],[49.62627,68.859717],[49.180469,68.778418],[48.910352,68.743066],[48.666992,68.733154],[48.439063,68.804883],[48.315918,68.942383],[48.294434,68.984229],[48.278809,69.040332],[48.280273,69.096631],[48.296289,69.183887],[48.319922,69.269238],[48.413867,69.345654],[48.631348,69.436035],[48.844922,69.494727],[48.95332,69.509277],[49.225195,69.51123],[49.996289,69.309424],[50.167285,69.25708],[50.265234,69.185596]]],[[[63.373828,80.700098],[63.187598,80.697607],[63.002148,80.712842],[62.760449,80.762695],[62.520313,80.821875],[62.592578,80.853027],[62.819336,80.893799],[63.11582,80.966797],[63.614746,80.980908],[63.855957,80.981152],[64.095703,80.99834],[64.165918,81.035742],[64.210449,81.106348],[64.255859,81.144434],[64.310156,81.175195],[64.575391,81.198486],[64.802051,81.197266],[65.027734,81.169482],[65.171973,81.144043],[65.309766,81.096436],[65.382031,81.056738],[65.360059,81.008203],[65.37207,80.968018],[65.437402,80.930713],[64.997461,80.818896],[64.54834,80.75542],[63.373828,80.700098]]],[[[57.95625,80.123242],[57.800098,80.104053],[57.392285,80.13916],[57.332324,80.158105],[57.281445,80.193896],[57.214063,80.328271],[57.211719,80.368457],[57.18623,80.39624],[57.083398,80.445215],[57.011133,80.468311],[57.075,80.493945],[57.521973,80.475391],[58.480469,80.464746],[58.97168,80.415869],[59.115918,80.388428],[59.255469,80.343213],[58.397949,80.31875],[58.283887,80.297803],[58.285742,80.248145],[58.255469,80.201807],[58.163184,80.196533],[57.95625,80.123242]]],[[[62.167773,80.834766],[62.227734,80.794385],[62.191797,80.730225],[62.114551,80.683691],[62.075781,80.616943],[61.769141,80.601025],[61.68125,80.586328],[61.597461,80.534961],[61.285156,80.504736],[61.05127,80.418604],[60.722266,80.434668],[60.27832,80.494434],[59.900195,80.446094],[59.649805,80.43125],[59.346387,80.505029],[59.304395,80.521533],[59.288184,80.572656],[59.30625,80.617773],[59.386523,80.712549],[59.495117,80.766504],[59.549414,80.783594],[59.592285,80.816504],[59.71582,80.836377],[60.094531,80.848584],[60.234961,80.837744],[60.278027,80.801465],[60.481543,80.804248],[60.820215,80.826562],[61.313184,80.862646],[61.597461,80.89292],[61.850586,80.885937],[62.10293,80.866602],[62.167773,80.834766]]],[[[61.14082,80.950342],[60.826758,80.929688],[60.321094,80.955518],[60.058203,80.984619],[60.07832,80.99917],[60.147559,81.01665],[60.586621,81.087695],[61.457422,81.103955],[61.567383,81.050293],[61.471973,81.011035],[61.14082,80.950342]]],[[[53.521387,80.185205],[52.856348,80.173242],[52.635938,80.178857],[52.607031,80.191162],[52.550488,80.201855],[52.343555,80.213232],[52.213379,80.263721],[52.270215,80.276318],[52.57666,80.296924],[52.680566,80.318506],[52.716016,80.347559],[52.853906,80.402393],[53.185645,80.412646],[53.329199,80.402393],[53.345898,80.366309],[53.486133,80.323389],[53.85166,80.268359],[53.77793,80.22832],[53.65293,80.222559],[53.521387,80.185205]]],[[[57.078711,80.350928],[57.122656,80.316992],[57.118945,80.193945],[57.072754,80.139404],[57.080176,80.094678],[56.986914,80.071484],[56.200586,80.076465],[55.811621,80.087158],[55.724023,80.104736],[55.942285,80.163281],[56.012207,80.203906],[55.989844,80.320068],[56.024414,80.341309],[56.655078,80.330322],[56.707227,80.363281],[56.944531,80.366162],[57.078711,80.350928]]],[[[57.810254,81.546045],[57.862695,81.506445],[58.016602,81.483789],[58.436035,81.46416],[58.563867,81.418408],[58.371875,81.386963],[57.858691,81.368066],[57.911914,81.303271],[58.015332,81.254834],[57.912891,81.19751],[57.769727,81.169727],[57.450977,81.135547],[57.159473,81.178467],[56.821875,81.237939],[56.669238,81.198291],[56.5125,81.175244],[56.363965,81.178613],[56.191992,81.223975],[55.716699,81.188477],[55.572656,81.228076],[55.466016,81.311182],[55.781934,81.329443],[56.156836,81.303076],[56.404688,81.387012],[56.71875,81.423389],[56.973047,81.510547],[57.091504,81.541211],[57.365039,81.535254],[57.456445,81.542871],[57.716602,81.564648],[57.810254,81.546045]]],[[[54.718945,81.115967],[55.470703,81.019873],[56.170117,81.02915],[56.472266,80.998242],[56.909668,80.912891],[57.567773,80.819727],[57.694141,80.792285],[57.580371,80.755469],[56.814746,80.663623],[56.315527,80.632861],[55.883398,80.628418],[55.7125,80.637305],[55.540625,80.70332],[55.117188,80.751904],[54.668164,80.738672],[54.62334,80.765234],[54.532813,80.783008],[54.376074,80.786963],[54.066602,80.813623],[54.04541,80.871973],[54.240527,80.901855],[54.367285,80.903809],[54.416797,80.986523],[54.633984,81.113184],[54.718945,81.115967]]],[[[63.650977,81.609326],[63.528516,81.596582],[62.884961,81.608887],[62.573047,81.633057],[62.53125,81.647021],[62.515234,81.659131],[62.106445,81.679346],[62.283984,81.706543],[62.794922,81.718945],[63.70957,81.687305],[63.767383,81.66416],[63.782422,81.649805],[63.650977,81.609326]]],[[[58.29541,81.715186],[57.964844,81.695654],[57.920605,81.710498],[57.909277,81.721924],[57.945117,81.747852],[57.984961,81.797021],[58.13457,81.827979],[59.261816,81.854199],[59.408496,81.825439],[59.356836,81.780957],[59.356445,81.758984],[58.29541,81.715186]]],[[[92.683496,79.685205],[92.440625,79.675488],[92.153711,79.684668],[91.683594,79.790576],[91.37627,79.835498],[91.126074,79.904932],[91.070312,79.981494],[91.229297,80.030713],[91.425977,80.049219],[91.751953,80.052295],[92.173438,80.045459],[92.592773,79.996533],[93.481543,79.941113],[93.803125,79.904541],[93.603516,79.816748],[93.382031,79.783887],[93.155078,79.737598],[92.92627,79.704492],[92.683496,79.685205]]],[[[91.567187,81.141211],[91.222852,81.063818],[89.975781,81.113135],[89.919434,81.14873],[89.901172,81.170703],[90.069922,81.213721],[91.108984,81.199121],[91.477832,81.183936],[91.567187,81.141211]]],[[[141.010254,73.999463],[140.507227,73.918652],[140.409473,73.92168],[140.183203,74.00459],[140.101562,74.184277],[140.193555,74.236719],[140.300293,74.257227],[140.407422,74.266455],[140.849219,74.273779],[140.944336,74.264648],[141.038574,74.242725],[141.079492,74.209326],[141.097461,74.167822],[141.046875,74.050391],[141.010254,73.999463]]],[[[142.184863,73.895898],[142.435059,73.851562],[142.63916,73.803076],[143.34375,73.56875],[143.410742,73.52085],[143.463965,73.458887],[143.491309,73.246436],[143.451465,73.231299],[143.193262,73.220752],[142.841602,73.244824],[142.586914,73.25332],[142.342188,73.252881],[142.126367,73.281689],[141.59668,73.31084],[141.182715,73.389209],[140.754004,73.446045],[140.662793,73.452002],[140.39248,73.435352],[140.026953,73.361426],[139.925098,73.355225],[139.785547,73.355225],[139.685547,73.425732],[139.920117,73.448584],[140.155176,73.45752],[140.380664,73.483008],[140.593555,73.564551],[140.697461,73.62915],[140.883789,73.777539],[140.983594,73.831543],[141.084766,73.865869],[141.189941,73.876465],[141.311914,73.871875],[141.681934,73.904199],[141.931836,73.914941],[142.184863,73.895898]]],[[[135.948633,75.40957],[135.745898,75.381982],[135.451953,75.389551],[135.473047,75.463232],[135.523438,75.49585],[135.592676,75.576465],[135.56123,75.636475],[135.578418,75.709961],[135.613867,75.766309],[135.698633,75.845264],[135.788281,75.798486],[135.849219,75.729248],[135.904785,75.694385],[136.127344,75.625586],[136.168945,75.605566],[135.983398,75.521924],[135.965137,75.486133],[136.020508,75.438379],[135.948633,75.40957]]],[[[136.197461,73.913623],[136.12168,73.88501],[136.051465,73.929102],[135.714551,74.059521],[135.633398,74.121436],[135.448633,74.179688],[135.402441,74.201709],[135.387012,74.253369],[135.62832,74.219922],[136.036816,74.090332],[136.25918,73.984961],[136.197461,73.913623]]],[[[137.940527,55.092627],[138.03125,55.05332],[138.17207,55.060059],[138.206152,55.033545],[138.096484,54.990918],[138.016602,54.900879],[137.991211,54.820703],[137.959473,54.789014],[137.870117,54.749561],[137.790234,54.696924],[137.721484,54.663232],[137.661133,54.653271],[137.525586,54.82583],[137.462695,54.873389],[137.276074,54.792383],[137.23291,54.790576],[137.275195,54.891016],[137.384375,55.000684],[137.435547,55.016016],[137.543652,55.163086],[137.577344,55.197021],[137.910449,55.110059],[137.940527,55.092627]]],[[[169.200781,69.580469],[168.915723,69.571436],[168.348047,69.664355],[168.144336,69.71333],[167.992676,69.77583],[167.821289,69.819629],[167.788867,69.836865],[167.813965,69.873047],[167.864746,69.901074],[168.05957,69.974902],[168.196289,70.008398],[168.35791,70.015674],[169.374805,69.882617],[169.420703,69.856055],[169.433594,69.832178],[169.418164,69.779199],[169.332422,69.76958],[169.299121,69.734766],[169.263379,69.628711],[169.245801,69.601123],[169.200781,69.580469]]],[[[163.635156,58.603369],[163.471387,58.509375],[163.447266,58.524658],[163.431836,58.546143],[163.427246,58.578955],[163.576758,58.640869],[163.726562,58.798535],[163.784473,58.929736],[163.766602,58.972363],[163.760938,59.015039],[164.202148,59.096191],[164.517383,59.226758],[164.572656,59.221143],[164.629297,59.112207],[164.661621,58.970752],[164.615723,58.885596],[164.278809,58.838086],[163.960059,58.74375],[163.635156,58.603369]]],[[[166.650293,54.839062],[166.645117,54.694092],[166.521289,54.767627],[166.463672,54.826855],[166.381738,54.838086],[166.324805,54.864551],[166.229883,54.936523],[166.119727,55.030371],[166.082324,55.076563],[166.066309,55.135693],[165.991895,55.190479],[165.751074,55.294531],[165.830469,55.306934],[165.93125,55.351465],[166.211914,55.323975],[166.275781,55.311963],[166.22998,55.242334],[166.248047,55.16543],[166.404297,55.005615],[166.479492,54.949902],[166.577344,54.907715],[166.650293,54.839062]]],[[[154.810449,49.312012],[154.714844,49.267676],[154.610938,49.294043],[154.612988,49.380615],[154.824902,49.646924],[154.899609,49.630371],[154.883301,49.566406],[154.802344,49.468262],[154.829883,49.3479],[154.810449,49.312012]]],[[[156.405078,50.657617],[156.36543,50.633789],[156.325781,50.639062],[156.196289,50.702148],[156.167969,50.731885],[156.213086,50.784717],[156.376465,50.862109],[156.455859,50.85957],[156.4875,50.842969],[156.483105,50.751221],[156.405078,50.657617]]],[[[155.921094,50.302197],[155.792383,50.202051],[155.60752,50.177246],[155.516406,50.145605],[155.448926,50.077783],[155.397168,50.04126],[155.288672,50.061182],[155.243066,50.094629],[155.243066,50.212793],[155.195117,50.264551],[155.218359,50.297852],[155.326758,50.293262],[155.433887,50.368945],[155.680176,50.400732],[155.772754,50.482422],[155.884766,50.684131],[156.00166,50.756934],[156.096875,50.771875],[156.122852,50.671289],[156.100586,50.559277],[156.044434,50.451758],[155.921094,50.302197]]],[[[154.08125,48.790283],[154.042969,48.73877],[154.000684,48.755713],[153.992285,48.77251],[154.091699,48.832129],[154.126367,48.904443],[154.199023,48.904932],[154.228418,48.89209],[154.204688,48.857178],[154.08125,48.790283]]],[[[155.644824,50.821924],[155.553516,50.810596],[155.512793,50.837305],[155.483496,50.869629],[155.467383,50.913574],[155.568555,50.934473],[155.639648,50.910498],[155.653613,50.845361],[155.644824,50.821924]]],[[[153.101074,47.762939],[153.053809,47.706104],[153.004102,47.713477],[152.984277,47.72793],[153.049121,47.797021],[153.079199,47.80874],[153.101074,47.762939]]],[[[152.002051,46.897168],[151.815625,46.787109],[151.754102,46.78833],[151.723438,46.828809],[151.715332,46.852686],[151.864355,46.868994],[152.039844,47.01499],[152.16582,47.110449],[152.234668,47.143408],[152.288867,47.142187],[152.002051,46.897168]]],[[[149.687695,45.642041],[149.538867,45.591357],[149.44707,45.593359],[149.665918,45.839795],[149.796289,45.876074],[149.962305,46.021924],[150.308789,46.200342],[150.348633,46.213428],[150.553125,46.208545],[150.23457,46.012305],[150.19502,45.933203],[150.056641,45.849365],[149.954102,45.822461],[149.883398,45.783154],[149.687695,45.642041]]],[[[148.599512,45.317627],[148.414648,45.247168],[148.262305,45.216846],[148.005273,45.070166],[147.91377,44.990381],[147.784082,44.958594],[147.657813,44.977148],[147.621875,44.944727],[147.60957,44.886572],[147.563086,44.835547],[147.310156,44.677637],[147.207422,44.553564],[147.098438,44.53125],[146.897461,44.404297],[146.933496,44.513086],[146.974219,44.565723],[147.140918,44.66333],[147.154785,44.766211],[147.246582,44.856055],[147.430469,44.945215],[147.557813,45.062451],[147.65791,45.093018],[147.769434,45.190723],[147.885547,45.225635],[147.872656,45.300293],[147.924023,45.383301],[147.964551,45.377734],[148.056055,45.262109],[148.130078,45.258203],[148.324219,45.282422],[148.612305,45.484668],[148.706641,45.520654],[148.772656,45.526465],[148.812207,45.51001],[148.826172,45.486084],[148.825391,45.455908],[148.803027,45.413525],[148.837109,45.362695],[148.790723,45.323975],[148.599512,45.317627]]],[[[146.713965,43.743799],[146.683008,43.716357],[146.608594,43.740479],[146.613477,43.797021],[146.621973,43.812988],[146.824609,43.860498],[146.884082,43.82915],[146.899023,43.80415],[146.713965,43.743799]]],[[[146.207617,44.497656],[146.355957,44.424609],[146.567773,44.44043],[146.516211,44.374658],[146.436523,44.375684],[146.296191,44.280957],[146.172949,44.268652],[146.112305,44.245947],[145.914062,44.103711],[145.887305,44.047754],[145.766992,43.940723],[145.586816,43.845117],[145.555859,43.6646],[145.439258,43.737061],[145.426172,43.810352],[145.461719,43.870898],[145.666309,43.999072],[145.74834,44.071533],[145.77334,44.129004],[145.851953,44.193018],[145.890234,44.248584],[145.94043,44.272656],[146.112109,44.500146],[146.207617,44.497656]]],[[[113.387207,74.400439],[113.353125,74.352979],[113.299219,74.317139],[113.258887,74.272705],[113.190234,74.239307],[112.977637,74.196826],[112.811328,74.10293],[112.782422,74.095068],[112.195801,74.14624],[112.105078,74.163232],[111.912109,74.219238],[111.642969,74.272949],[111.503418,74.353076],[111.570117,74.368311],[111.6375,74.374316],[111.879785,74.363818],[111.949219,74.38877],[111.982813,74.456299],[111.989355,74.49624],[112.007617,74.526758],[112.084473,74.548975],[112.951758,74.47959],[113.28623,74.441016],[113.387207,74.400439]]],[[[76.248926,79.651074],[76.372559,79.615234],[76.467383,79.643164],[77.360156,79.556836],[77.549316,79.524414],[77.588965,79.501904],[76.810156,79.489502],[76.649512,79.493408],[76.636523,79.544434],[76.457617,79.545459],[76.153711,79.57876],[76.071875,79.625635],[76.051562,79.644727],[76.148438,79.664453],[76.248926,79.651074]]],[[[80.02666,80.848145],[79.098535,80.812061],[79.006836,80.834814],[78.977637,80.848242],[79.109863,80.923584],[79.217383,80.960352],[79.806641,80.975391],[80.27959,80.949805],[80.42793,80.927686],[80.37334,80.882617],[80.344824,80.86792],[80.02666,80.848145]]],[[[70.673926,73.09502],[70.380371,73.048096],[70.29834,73.044482],[70.118652,73.056299],[70.040723,73.037158],[69.920117,73.084521],[69.930371,73.126611],[69.985645,73.169238],[70.01875,73.224316],[69.995898,73.359375],[70.149609,73.444727],[70.35,73.477637],[70.940234,73.514404],[71.023242,73.504199],[71.141211,73.477979],[71.231641,73.447754],[71.351172,73.372217],[71.444922,73.34209],[71.589551,73.283154],[71.630469,73.224805],[71.626172,73.173975],[71.355664,73.162451],[70.886719,73.119629],[70.673926,73.09502]]],[[[77.63252,72.29126],[77.145605,72.281885],[76.905957,72.297656],[76.871094,72.317041],[76.903125,72.365576],[77.149512,72.439209],[77.260449,72.486133],[77.377832,72.565283],[77.578711,72.630859],[77.748535,72.631201],[78.279102,72.553223],[78.35293,72.504297],[78.365137,72.482422],[78.154492,72.416992],[78.007227,72.39248],[77.780859,72.308545],[77.63252,72.29126]]],[[[79.501465,72.721924],[79.430664,72.710693],[78.880566,72.751611],[78.690234,72.803418],[78.633203,72.850732],[78.656836,72.892285],[79.164258,73.094336],[79.356543,73.038623],[79.4125,72.983105],[79.541309,72.918652],[79.537891,72.769336],[79.501465,72.721924]]],[[[82.172363,75.419385],[82.208789,75.386963],[82.221582,75.350537],[82.179297,75.338965],[82.050098,75.340967],[81.978516,75.247119],[81.905078,75.262793],[81.860547,75.316504],[81.697656,75.280518],[81.654785,75.288916],[81.579297,75.330957],[81.532129,75.339551],[81.500586,75.36792],[81.712109,75.451416],[81.842188,75.407031],[81.926562,75.409961],[81.909766,75.46001],[81.912793,75.497705],[82.021875,75.513477],[82.165625,75.515625],[82.172363,75.419385]]],[[[60.450488,69.934863],[60.480664,69.885498],[60.477246,69.793701],[60.440234,69.725928],[60.327148,69.715283],[60.215918,69.687695],[60.026172,69.717041],[59.919531,69.696973],[59.812793,69.695654],[59.724609,69.706201],[59.637012,69.721045],[59.578223,69.738623],[59.58125,69.790869],[59.502637,69.866211],[59.381543,69.89043],[59.268359,69.898438],[59.144238,69.921924],[59.08252,69.910791],[59.004004,69.883301],[58.952734,69.892773],[58.680078,70.051025],[58.63418,70.088037],[58.605566,70.129199],[58.568066,70.155664],[58.473047,70.266846],[58.519922,70.318311],[58.615332,70.35083],[58.678027,70.35957],[58.794238,70.432959],[59.005273,70.465186],[59.048047,70.460498],[59.088281,70.437109],[59.309863,70.36167],[59.425977,70.310937],[59.529102,70.248975],[59.636328,70.197021],[59.955859,70.10835],[60.172266,70.022852],[60.392578,69.962402],[60.450488,69.934863]]],[[[20.957813,55.278906],[20.859375,55.183643],[20.594824,54.982373],[20.677734,54.955664],[20.774023,54.947021],[20.8875,54.909473],[20.995898,54.902686],[21.188867,54.935205],[21.222852,55.107764],[21.235742,55.264111],[21.297559,55.264453],[21.389258,55.275537],[21.44707,55.234424],[21.554688,55.195312],[21.682715,55.160352],[21.873926,55.100732],[22.072363,55.063672],[22.137891,55.059375],[22.346387,55.064258],[22.567285,55.059131],[22.627441,54.970703],[22.736523,54.928857],[22.824707,54.871289],[22.83125,54.838477],[22.709668,54.632617],[22.684473,54.562939],[22.679883,54.493018],[22.724316,54.405615],[22.766211,54.356787],[22.731836,54.350098],[22.168457,54.359863],[21.63418,54.376465],[21.140527,54.391797],[20.664746,54.406641],[20.208203,54.420752],[19.924316,54.433984],[19.644238,54.44707],[19.604395,54.45918],[19.758496,54.544824],[19.858887,54.633838],[19.944141,54.75],[19.953223,54.830469],[19.974512,54.921191],[20.107617,54.956494],[20.39668,54.95127],[20.520313,54.994873],[20.678906,55.102637],[20.845703,55.232031],[20.899805,55.28667],[20.957813,55.278906]]]]}},{"type":"Feature","properties":{"iso":"ROU","name":"Romania"},"geometry":{"type":"Polygon","coordinates":[[[20.76785239302983,45.73219389943072],[20.7550074490723,45.74357646009],[20.73016969428217,45.7297641374991],[20.704997387716833,45.72851175533801],[20.647116297149044,45.77372881098091],[20.574833208994548,45.863931588337664],[20.52810850697126,45.89275114851487],[20.353986689625078,45.96896693315403],[20.295337512716987,46.045341859226035],[20.23568381363804,46.10345731922457],[20.23525442049823,46.11317124702716],[20.278977061206504,46.140742899728785],[20.50764777026122,46.17491746362342],[20.617233461386945,46.14266959236942],[20.65842583271779,46.153456142236394],[20.70357873399577,46.18004277547242],[20.723863689241774,46.19767295694032],[20.73070949852381,46.2218386272221],[20.758067121903792,46.253918521013134],[20.837007042017863,46.26770574219869],[21.037156824941523,46.250693600360094],[21.116621209428512,46.288850354299946],[21.142991065340947,46.307733265768285],[21.186306394135848,46.39735229756214],[21.254334496673323,46.42113749553458],[21.255233377199858,46.44647959718322],[21.244750967984395,46.489126536036224],[21.287688920229698,46.57658519478834],[21.31355544786299,46.61225632572452],[21.406489769177618,46.6544856700598],[21.48154917417714,46.70430301992449],[21.48383494423866,46.7154068487786],[21.46907069345351,46.7536022285008],[21.48710391520647,46.792961149446256],[21.577732686832697,46.883245509243174],[21.642512127430393,46.964026510366544],[21.643586787769948,47.00785165024267],[21.655010361049214,47.04865267268495],[21.77923278179418,47.14401529613316],[21.863385563867276,47.30991981884963],[21.894277454308583,47.33884536111728],[21.98557919572391,47.399902784434666],[21.99356763740816,47.51013769931964],[22.03369454336668,47.54334489841546],[22.1087021907052,47.579661112953325],[22.179522004495794,47.63494466817465],[22.239592973740645,47.70258989876734],[22.287407097745728,47.73514224885165],[22.349378668079027,47.74410751742641],[22.415769585779966,47.770450571400495],[22.490032434749825,47.78044641763443],[22.562373483126443,47.76786730026358],[22.60766498564623,47.77482708703922],[22.673522914556752,47.806531769015905],[22.84577869350375,47.928130568490175],[22.8735736681966,47.95465465505493],[22.91082034470096,47.971988607316504],[23.049932412311165,48.013965305782044],[23.085275059431282,48.05486641424901],[23.14012246728446,48.09537978633185],[23.205259982373903,48.09206401519631],[23.409982103435173,47.998295562064364],[23.669678594875617,48.00029687934938],[23.99999075065271,47.94422236163788],[24.0607912422453,47.95269559613461],[24.178848171663102,47.914320453897524],[24.28066491045286,47.91919901882408],[24.37955567824089,47.94590137110178],[24.483125463990792,47.955065723785154],[24.5799582194148,47.93899073003672],[24.65598380356111,47.882823527628936],[24.841830380039838,47.767810115644814],[24.894326304486267,47.727483183249674],[24.977906371518717,47.73208825323469],[25.070590316635137,47.75362713337423],[25.166616213399653,47.830491586041454],[25.462728786338513,47.91862920402456],[25.687867529842592,47.940374072245746],[25.90809024516267,47.97555749185822],[26.157189481902176,48.00025071563219],[26.22990606369067,48.06936104840836],[26.26899440357043,48.1162655759724],[26.302022537817606,48.21086672881054],[26.61712381858988,48.267664128286754],[26.715023289376482,48.271389699492104],[26.789545366293133,48.263478166895894],[26.903570547966268,48.21870937307609],[26.986067363411735,48.160990473289466],[27.018303418722468,48.11584946732952],[27.086857604559967,48.05235836036313],[27.158847169970343,47.96350621294534],[27.23791119078998,47.845491467220114],[27.25569062729325,47.78505292659915],[27.284888266973308,47.72214060349828],[27.34180997705924,47.64654063936331],[27.47056331755755,47.54223213359309],[27.61924135464375,47.347058736742355],[27.701504318121803,47.29241485063437],[27.773565752686604,47.233287422538574],[27.80885357484051,47.173201558530465],[27.859349777565857,47.12052278032313],[28.078783789267018,46.982245865596724],[28.15684690833504,46.79644782098945],[28.247423970015287,46.64132033820539],[28.231155905796815,46.50966959615915],[28.25217231706968,46.4497261002088],[28.127206958830985,46.137168941382825],[28.107968677838752,45.974376542881984],[28.123635983806675,45.82826260172615],[28.142372645203928,45.7918324807978],[28.16386232824339,45.71556834343092],[28.16767760960839,45.646028452144684],[28.1344875166936,45.62116013656931],[28.10141386238644,45.608166593816186],[28.095847746949033,45.598097107723554],[28.218758232946044,45.455505532150774],[28.322291096329195,45.35411261385926],[28.452412772092707,45.30036700612587],[28.75209083208314,45.243952995641045],[28.764944457652092,45.253808444385996],[28.759129487937383,45.28904017861614],[28.779222786966553,45.31744236049205],[28.8257917998183,45.31892910223993],[28.897720787828007,45.29892844641662],[29.02496352077404,45.32824134157609],[29.221205801513243,45.41056719466037],[29.40373425140992,45.42766424443933],[29.57145058665261,45.37783704891204],[29.657036559691523,45.32007513094017],[29.713831911647805,45.259440991072125],[29.642878229181893,44.976966818374166],[29.612437733886715,44.911567528056764],[29.560415984734963,44.83596736248927],[29.04726874576215,44.749641475420184],[29.04115503051881,44.76124928772288],[29.071799208662917,44.80295387615249],[29.061320409169415,44.868991272657986],[29.039798876133922,44.924977454803255],[29.064916233125075,44.955789111205355],[29.063221529264496,44.96914105894206],[28.980586874549953,44.98354786443335],[28.935879485616532,44.95934906861772],[28.903920662752444,44.921008573960464],[28.90244910431322,44.91066815645997],[28.933873537000007,44.80789703572335],[28.876809000814795,44.74501239122662],[28.85808215245831,44.71551983348205],[28.853995742580754,44.6341610253365],[28.82278677859824,44.600460606572874],[28.819365252474228,44.587817582985934],[28.82927301371075,44.576278413410165],[28.888812676547488,44.58271650027469],[28.895836221661455,44.57247382943918],[28.85800432411107,44.50112625053388],[28.705660074361656,44.369154067166185],[28.654301787675813,44.29367842267282],[28.666485793949406,43.98261743910386],[28.599107379564167,43.797056844688065],[28.59318704364582,43.74069204685166],[28.587738114796775,43.734615097400386],[28.42284545159992,43.73251187303239],[28.21940802858848,43.765265608867765],[28.045610404787585,43.815741987487314],[27.881239807108834,43.97704538041455],[27.73785700666166,43.948346262167526],[27.706968084027146,43.95756354909642],[27.66435838173672,43.99096569520152],[27.560213757870265,44.01201262631268],[27.42382659612372,44.01267684609852],[27.117889270696388,44.13864980034786],[27.082024415358614,44.158866556421515],[26.84829922476147,44.13816606202996],[26.491628566429508,44.07627579925756],[26.219692783494498,44.00005261353091],[25.938465181595543,43.86406180409829],[25.823495590299643,43.760358532950335],[25.687563248856637,43.7038922583222],[25.497393222637747,43.66281876248232],[25.159603421920096,43.67832250521784],[24.43117492191232,43.78614771601926],[24.2257376568605,43.75553454832175],[23.949287816846265,43.778807319783546],[23.533108989920713,43.845642585466784],[23.226024637456092,43.86576706710033],[22.91567201145361,43.827232532495835],[22.86038177184032,43.861305084584366],[22.848463748026106,43.898712621065286],[22.861020865572684,43.95126613974333],[22.907076944659476,43.993969918964495],[22.98079269215059,44.02383549507088],[23.01301919744285,44.04851528427569],[23.01652694724844,44.07474700663946],[22.941848625402987,44.12006347739403],[22.77162691236383,44.18806641589901],[22.68399297222593,44.2412984035613],[22.67296224810581,44.28468462281405],[22.642820825692716,44.30966709163382],[22.57769197914538,44.33150948707984],[22.52597187232594,44.37149417202197],[22.48681318261838,44.43340153168502],[22.495394495858534,44.49353658358173],[22.54953075581292,44.546949514785446],[22.619173075787693,44.57028253246498],[22.70111946964253,44.5644300274642],[22.72032909359462,44.57713512215573],[22.712625888288,44.60078911108673],[22.638624218536567,44.64369758914619],[22.49466836826672,44.69741645071529],[22.354736322596153,44.66858531418981],[22.204543149836717,44.55354758685438],[22.09143325774538,44.53412507868291],[22.021447576441723,44.613191136527576],[21.90905553691687,44.65760456516708],[21.73878643611797,44.67281024317043],[21.634209755288666,44.70267826194509],[21.591980325724965,44.74868368980031],[21.52172903986267,44.78191601342578],[21.35610450302457,44.819722715145325],[21.349942291397955,44.861043455171334],[21.35413589853438,44.868854442321464],[21.384076713679434,44.878069445953706],[21.510351532816586,44.88813000667215],[21.522511836917246,44.90048778038169],[21.51599579757909,44.91582836473997],[21.406998999344587,44.950292437165444],[21.373392257388986,44.96674413721318],[21.350413017092656,44.98629954603273],[21.345004240537286,45.008011867713556],[21.367906357620445,45.028709950265416],[21.39406553872696,45.030370850163095],[21.41296770504218,45.03924197493039],[21.42824150167046,45.080143354256116],[21.48086468141527,45.12714101580951],[21.480531520835495,45.14586602068994],[21.427726862098478,45.18512356859223],[21.223759038057675,45.23380065854353],[21.145842509975036,45.283209676516044],[21.097946183184533,45.28581480842189],[21.01969464636174,45.314671008427],[20.93725832491191,45.35876804557936],[20.866193871550504,45.42082861075566],[20.788671429129383,45.46193405412458],[20.767577542102945,45.47998863261416],[20.76454395633318,45.49891113791132],[20.778336426200276,45.52463948529071],[20.757836695229095,45.59742479997699],[20.771187930542172,45.66316041793442],[20.76785239302983,45.73219389943072]]]}},{"type":"Feature","properties":{"iso":"MDA","name":"Moldova"},"geometry":{"type":"Polygon","coordinates":[[[26.633495307272224,48.29814056128208],[26.845304963968946,48.39494545265431],[26.903373914722156,48.3799198600995],[27.224486474053798,48.379505853391365],[27.334376304785742,48.44028737239106],[27.404771378343572,48.424962267930034],[27.549926271564424,48.48568805695751],[27.577250835034572,48.472608462088466],[27.71609428408705,48.45732705023159],[27.82321689333131,48.42357475658779],[27.894645699443704,48.372284221976855],[27.964278811243847,48.34187900213494],[28.042904503803605,48.32795847428615],[28.086090432851815,48.30105513574693],[28.094452266446766,48.26834924879791],[28.102310823449564,48.26157252282093],[28.16038461561379,48.24604333097975],[28.29462235582105,48.24572234689493],[28.354028541147507,48.217122019719994],[28.339988713005905,48.17211370196102],[28.343700303571957,48.1612032039127],[28.353716078175168,48.15820085257104],[28.388440920000086,48.17003965691618],[28.42592036784953,48.154347293977246],[28.447944704280467,48.11482732027579],[28.459027247021186,48.10572690947025],[28.469959072696895,48.107390024016794],[28.52996144797835,48.15826342912261],[28.775620162509547,48.127361008682826],[28.87130021744141,48.00177580354443],[28.927682379956323,47.95806038617773],[28.973954236779324,47.94226237867509],[29.091768468245405,47.983334708443834],[29.12926000307666,47.97153904652522],[29.20209665159295,47.885724424414725],[29.219130521108287,47.774688499115825],[29.218531523136015,47.72979532418759],[29.193737998761076,47.656399100752154],[29.13277033309375,47.53174486909048],[29.142810471452513,47.49245944402458],[29.165457698662223,47.462911589650105],[29.204533915495865,47.45144708272777],[29.338118156284054,47.38244281926453],[29.38972681201809,47.333835066228716],[29.457714365042648,47.30082568559104],[29.513156599152367,47.29830421353738],[29.544858372807695,47.27659185543933],[29.557270354356145,47.24751065542369],[29.549771280923483,47.18484842163643],[29.520008393759113,47.12750061043735],[29.52214972203058,47.099560607402466],[29.570901639941123,47.05045470793277],[29.58121998763782,46.96649308533701],[29.603328180893495,46.9451121753839],[29.722144758448255,46.89060214106886],[29.88328364518616,46.83473795486991],[29.925068655579516,46.78625494824113],[29.950310157022333,46.72534611528189],[29.935446205070335,46.543373920506966],[30.134709042171252,46.430218724104996],[30.13807718371231,46.41929314024117],[30.07795000190737,46.370175100063896],[29.880208789498205,46.352367822317404],[29.837313155030348,46.342573850187385],[29.74943763856437,46.428872986191806],[29.711831443810784,46.43904910996526],[29.668002122927522,46.40954742656132],[29.614548143044562,46.39085237505064],[29.552366258265007,46.40025330880599],[29.455549694104068,46.44595632897851],[29.433755046462117,46.44724662216586],[29.39245348474008,46.42893977035777],[29.337554145581606,46.437337047192464],[29.309275269202736,46.45140945876959],[29.25956240186807,46.38637937535673],[29.2259802814162,46.36926328931061],[29.20280897797763,46.371562545562824],[29.196584472327157,46.379407076729024],[29.192877556960326,46.49953866036656],[29.177807326438316,46.51651832261878],[29.145045140189236,46.51814270632701],[29.052103604960273,46.48926779878951],[28.96443239901316,46.45227808358293],[28.93584592533747,46.4174468425691],[28.951035593454627,46.29313724977402],[29.014234357095653,46.17645611598666],[28.97901325250225,46.12342903916824],[28.954024988916267,46.045004001018334],[28.85360526215373,45.97180255351636],[28.749941878898866,45.93222777462293],[28.735328836392622,45.84676998911945],[28.672008925940585,45.78719984477943],[28.566777434386424,45.728889322910874],[28.505635130866388,45.66833228151774],[28.503018479089043,45.65867269321268],[28.517329837088017,45.619266460555885],[28.521757895605067,45.57245122236539],[28.50384002857603,45.511354530818146],[28.47263587775921,45.49929244882104],[28.31133007620393,45.49044603276377],[28.268793606072514,45.476709724164444],[28.208778335792893,45.44337294692264],[28.10705545202161,45.562500048399166],[28.066723241515408,45.59878942863959],[28.08560508065649,45.61918338034197],[28.127171549003954,45.63549735794586],[28.151068041888017,45.655933945181495],[28.147949029375074,45.71305496984425],[28.127427198848636,45.78585264326353],[28.10772375788215,45.823830526588736],[28.105484844789608,45.883017005713086],[28.091792627650854,45.973805208797124],[28.111492627866465,46.140977626498504],[28.234635130229613,46.44912470959888],[28.214673525119707,46.50827849195994],[28.2307279060594,46.63728710693296],[28.14246500532365,46.78937120783588],[28.066326552622492,46.970570974974535],[27.848513918488308,47.10851902060782],[27.79596490717647,47.163518470904165],[27.760894108890646,47.22298082600636],[27.690919536673366,47.28031875044829],[27.608294672843922,47.33501140305311],[27.45900308843442,47.53098961416615],[27.330950843126207,47.634428224976624],[27.27108307521719,47.713864148104236],[27.240661219204284,47.779424235645116],[27.223117787866812,47.838814676077156],[27.145912338119093,47.9540672233017],[27.07506985729048,48.0414920055286],[27.006207333369364,48.10523146214834],[26.97440096236038,48.14962628198548],[26.89711833505133,48.20396240434042],[26.78588876969182,48.24771946647481],[26.712653636356407,48.25542864471536],[26.61543708296271,48.252689349648435],[26.611479166795043,48.26269638593609],[26.633495307272224,48.29814056128208]]]}},{"type":"Feature","properties":{"iso":"LTU","name":"Lithuania"},"geometry":{"type":"MultiPolygon","coordinates":[[[[22.71847787992361,54.40013369136654],[22.672160346408607,54.49099688240188],[22.67674078335641,54.56493940621073],[22.702921974267117,54.63692622743285],[22.82105274223433,54.83707098457531],[22.818504985197208,54.86148255928795],[22.732831921549934,54.921632340122024],[22.622483495605014,54.96444381523196],[22.562296905194042,55.0498085071801],[22.070635562723723,55.05585629467302],[21.8713560141781,55.09314968940138],[21.55258970928775,55.187589941240226],[21.443678844289586,55.22719169373894],[21.386930899306428,55.26638286397031],[21.297258896497187,55.2564512172583],[21.230172549133474,55.25838783563803],[21.193090515798843,55.343853224549285],[21.22808196388587,55.457694867822575],[21.16352575639113,55.61487048056753],[21.054131720226327,55.81163249299276],[21.040256046798454,56.07551513248933],[21.312012429194024,56.19569033963687],[21.65042482656854,56.32193637533955],[21.729538463164612,56.333948125363015],[22.08354608135346,56.41465832920375],[22.58756689503599,56.38310625440304],[22.77244916731825,56.38533112806935],[22.87624126726848,56.40439718628608],[22.971084110966764,56.38789121052238],[23.047416209228363,56.33274511120679],[23.11763131664602,56.338701537283065],[23.1968503066733,56.37508840692763],[23.612765979724983,56.341857822666476],[23.813473152741352,56.33720167720418],[24.009286801186065,56.30319556910389],[24.122535811636478,56.27246466471578],[24.367069730530698,56.2909702017649],[24.473937749880978,56.292341285790705],[24.52674697806666,56.304147754300644],[24.697205152342082,56.38894791396486],[24.841835514411283,56.419123695445776],[24.90861287392298,56.403901137847036],[24.950712842648542,56.33011524984502],[25.074449743684543,56.20831049436576],[25.586552022558507,56.13813951500489],[25.665441175882975,56.112512813819095],[25.879362817216265,56.00179398029952],[26.007079361527154,55.94760512287777],[26.089009868045995,55.90409435144447],[26.213809326497064,55.81890156296928],[26.286109991802476,55.75721442501952],[26.403413275863684,55.71152084460676],[26.54340922301249,55.68048659006264],[26.59790437760106,55.67422689648832],[26.598728054758897,55.62151581394715],[26.574354180038743,55.544463397670526],[26.526613593209973,55.44502241077784],[26.476705772960305,55.368177904584684],[26.47131170355171,55.34555861890223],[26.49982645773687,55.32581589726992],[26.681440938660504,55.314448596733385],[26.762197030867924,55.30108051413693],[26.783559427526576,55.27441868618595],[26.780610187308923,55.266810736595005],[26.738944801723715,55.24020278726794],[26.679553118731345,55.21798598872799],[26.65606750871771,55.200002632592195],[26.603874420648342,55.12266033246912],[26.292015862123588,55.13109785367005],[26.256451273123883,55.116593316445865],[26.222707896056647,55.04634608383961],[26.178495857459804,54.99597764260817],[26.095251354964432,54.95464913088251],[25.965129113571646,54.93907091350265],[25.861223678266725,54.90954686997836],[25.787299049572212,54.82815267183041],[25.731364138986464,54.71762051656921],[25.731947457134286,54.63678034865973],[25.739616356411954,54.590027704409344],[25.731982434300363,54.56075803463586],[25.69065568185055,54.52978693499444],[25.627333282466644,54.45629380403194],[25.575108076299202,54.37398999452045],[25.557715094561722,54.33484442295955],[25.567631753810588,54.31883851041761],[25.61772161899106,54.31805089403327],[25.70494214155404,54.30058105493974],[25.75507707614096,54.2636278367738],[25.77284919152724,54.222849294359584],[25.772204242502248,54.17589117067908],[25.752636783804277,54.1497665324046],[25.68277200248226,54.13278139534689],[25.57226601710908,54.131947352737974],[25.505901783654053,54.152987476756266],[25.48948731594236,54.17656852277117],[25.514594726311902,54.21158040700084],[25.51576631082482,54.22155186139356],[25.49806214485415,54.25997458317934],[25.45807764879486,54.28199132987942],[25.372307071518573,54.24342199743],[25.28442735646148,54.24295926706431],[25.185751228884882,54.207991614391425],[25.115393788113025,54.14800206399635],[25.047877220126594,54.125273034897894],[24.869328082504598,54.1356567554174],[24.832491989041507,54.11227387916585],[24.796603250075744,53.995117716576196],[24.76943324811811,53.96677374139947],[24.621908512522804,53.9715920701611],[24.480141616178784,53.92399845260069],[24.318380292297572,53.88499258246958],[24.23342984297056,53.91264843424413],[24.186116038911365,53.941803532963455],[24.008450635089414,53.92365869474323],[23.944158517639046,53.9309060780631],[23.874140096077543,53.92775669173496],[23.734185176352902,53.904287947011085],[23.559063683179158,53.91181728311561],[23.478257477384933,53.9350320626613],[23.469667538450885,53.95841858771805],[23.473009429361937,54.0774199259402],[23.448559913051987,54.13496051378823],[23.366282616863337,54.193335631437385],[23.168068951291044,54.27365173173953],[23.03933703482824,54.296738634417466],[23.009576549085903,54.34170738564481],[22.973063764015578,54.359101436652665],[22.892497328553105,54.38254755387434],[22.82893513893551,54.38733225541512],[22.7647701169806,54.34893224419407],[22.71847787992361,54.40013369136654]]],[[[20.961418670434306,55.27178154488722],[20.89237873924936,55.283732773134496],[20.893617783288622,55.29171925734761],[21.008432450387154,55.408183300283625],[21.050297012593635,55.48046309880678],[21.08080193182617,55.58677967527652],[21.109148794318813,55.62210178197571],[21.119185854219168,55.62320615135148],[21.123696612175678,55.567654130669716],[21.11162149953375,55.485702904782904],[21.038372097428898,55.3460472772335],[20.961418670434306,55.27178154488722]]]]}},{"type":"Feature","properties":{"iso":"LVA","name":"Latvia"},"geometry":{"type":"Polygon","coordinates":[[[26.542467825993995,55.66441380120529],[26.398754358204073,55.6961618826373],[26.277534668723945,55.74337577259973],[26.204139112404437,55.806130833296535],[26.08081163455665,55.89033238040393],[26.000267685966243,55.93311446644967],[25.87247993421704,55.98733997578573],[25.65915341931479,56.09773551241858],[25.58286495711304,56.12249385414009],[25.066720591494036,56.193073474417865],[24.937721860647745,56.320460943874096],[24.898434976822937,56.38905546509325],[24.84226457241557,56.40268105542809],[24.70268193852524,56.37374792328143],[24.531972560377536,56.288870988254644],[24.475658351416957,56.27633640452631],[24.36782218208491,56.27498131117183],[24.12061953946645,56.25626958033083],[24.005878232591897,56.28754814071919],[23.81191060601387,56.32123052960488],[23.61188803464482,56.32587698067776],[23.2006371887297,56.35873485734151],[23.12192627266747,56.3229578736624],[23.0419853922784,56.31614923536357],[22.965370817013554,56.37230963987004],[22.87671020524295,56.38807493068333],[22.77402635091686,56.36934484284297],[22.58723240857247,56.36710119827196],[22.084660446363948,56.3984967321864],[21.73257083556681,56.31822883150428],[21.65433887227109,56.306319426260224],[21.31797971576463,56.18083935989539],[21.044813657468367,56.06218509968834],[21.038153840570256,56.06904985502448],[21.006971428056083,56.25845805778246],[21.023672230464964,56.638481485333365],[21.0648159638353,56.828403406545746],[21.252618723917568,56.93929709018677],[21.343324712859875,57.02178380088629],[21.3970465927889,57.132889007010775],[21.413724442765858,57.237741459433785],[21.452673742054202,57.327088061028704],[21.726111371660075,57.57854489084834],[21.941589304864358,57.60588709964218],[22.230215896925664,57.674703941349335],[22.55692572580756,57.731905392480506],[22.62353250843513,57.655754913737844],[22.656576009476904,57.60029953196655],[23.041171813063166,57.39935072201617],[23.14197563026633,57.329922513828976],[23.293418943883886,57.096689971396046],[23.65123893404384,56.97957508544909],[23.929423200689396,57.01658852379272],[24.275890336779366,57.17863858790563],[24.374748020940277,57.25467601180184],[24.39487814210409,57.326780000446966],[24.355416436917267,57.641400720147885],[24.293649848634466,57.78304839903278],[24.31829798389564,57.87735936854936],[24.36182492202524,57.87486733503615],[24.45723496242591,57.91569265886088],[24.773613657010674,57.992959809106694],[24.837973907401878,57.99671245735101],[24.90892469989953,58.01225286455548],[25.109495446227132,58.07126535902556],[25.17834525941132,58.03949336515941],[25.233564311745,58.00456527255121],[25.26004446921131,58.008711707617536],[25.26134519320171,58.03544872028855],[25.279859943727676,58.05597935007627],[25.340926509201857,58.04741176640818],[25.574687374964757,57.95016328482192],[25.660720818248738,57.92827711726455],[25.723825271119956,57.92125003232423],[25.797822840635956,57.87608406606903],[25.994670820121303,57.84533151579853],[26.021377464825523,57.81984327249821],[26.03808782993512,57.79001430069669],[26.300339363977322,57.60920997984622],[26.46336058885497,57.55251284239964],[26.533723591543342,57.539478486519386],[26.897848305679748,57.616552030417765],[26.965653136734897,57.61712923242139],[27.036091519917484,57.58636648622122],[27.18850994575168,57.546276010887595],[27.327461230765262,57.53347922723487],[27.471220798708448,57.53187021021329],[27.51760058836657,57.51283882818491],[27.547710335467993,57.434840393172706],[27.79976515603325,57.324410532752864],[27.835548555668478,57.297266099482854],[27.846265417260515,57.24794283031396],[27.837546944202217,57.191182627897554],[27.820003026304892,57.161061181948746],[27.768617236470075,57.128651035403635],[27.726508614077236,57.05453209798811],[27.718786229901134,56.97580221574533],[27.66181507138685,56.86298422711508],[27.67408421678133,56.854294484618705],[27.80629305820951,56.87507328912692],[27.853288664996125,56.85990378148034],[27.88878714948666,56.82752704673868],[27.90048420705597,56.7459193565535],[27.946873854414115,56.7095274808709],[27.99748640375955,56.65073898402621],[28.014322807321697,56.60634152286243],[28.10976353096115,56.55014389446692],[28.119034232382663,56.51207293864411],[28.176748125283883,56.3895831999483],[28.210023162929385,56.2608631196731],[28.15397163619337,56.137674875496025],[28.03471140696776,56.12556358859624],[27.899153817925267,56.068496451459765],[27.650091701720157,55.907165660959635],[27.59614066952423,55.80481828287534],[27.57886262348257,55.7910779347969],[27.42741735429385,55.79793487460853],[27.307992554429486,55.795986303637925],[27.052276573113986,55.82234238017437],[26.956035981990773,55.8048118764295],[26.824495973283014,55.7014869332329],[26.77341013741512,55.68615769169251],[26.622992310426213,55.67179238634013],[26.594454609080042,55.659596240738026],[26.542467825993995,55.66441380120529]]]}},{"type":"Feature","properties":{"iso":"HUN","name":"Hungary"},"geometry":{"type":"Polygon","coordinates":[[[22.226162152501207,48.4213730364677],[22.260151659922574,48.4120918903414],[22.277481196026287,48.36314459331433],[22.322626812228677,48.292293511295625],[22.35308660003006,48.26453715997248],[22.42598352665425,48.250998916894886],[22.52373994700609,48.21248825427451],[22.590182507182046,48.139973371052484],[22.677403086679565,48.11266219092763],[22.77411760280182,48.11588964121412],[22.84164991871728,48.06616131208962],[22.863661897846907,48.034303967163055],[22.85571354071281,47.99337091228242],[22.863107860617674,47.96684718834759],[22.88272939147339,47.95245478867701],[22.883296110842664,47.94282493327275],[22.856167223737305,47.91587907868863],[22.681577953336706,47.79263302092744],[22.61111030735167,47.75879871096464],[22.562326162774628,47.75160782703556],[22.489341015945435,47.76421049507209],[22.420033200667344,47.7548756378931],[22.353507455926557,47.7285181484042],[22.29219632543017,47.719153276130484],[22.2504007889242,47.69059287507774],[22.190528937588255,47.62323268514124],[22.117088288332347,47.56591105458334],[22.04237361053848,47.529752781156965],[22.01086384500516,47.50379607025907],[22.00186013540079,47.39112930344123],[21.904212809122818,47.32622424742291],[21.876659164865785,47.30042386884535],[21.79181507348793,47.13331057893403],[21.66934477265511,47.039265958683885],[21.659699136331195,47.006158184990454],[21.659336657317244,46.95942575876836],[21.589553480484476,46.872432095041695],[21.50014570317021,46.78314410095291],[21.486945529654378,46.751831873752145],[21.50320333955926,46.69918331520202],[21.414649754325783,46.640711038953874],[21.32280738658211,46.597769700068525],[21.301445897609135,46.568292912862916],[21.261954489498272,46.4873986327277],[21.271160727686787,46.4490018153374],[21.27142698982883,46.40824242070332],[21.197904253332947,46.38356459622259],[21.156394851827677,46.29768524643748],[21.125798641478163,46.275576365018125],[21.04131525473214,46.23438493425811],[20.837890070087543,46.25156653921446],[20.767902987504023,46.239395227887975],[20.745418157559847,46.21436796125009],[20.738955363124752,46.18944974664185],[20.712053727167913,46.16629477492603],[20.664413660519905,46.13841672300563],[20.615931432158785,46.12581662091371],[20.505792565688118,46.158458517122575],[20.285040675401504,46.125465873928896],[20.24169562797394,46.100608201796604],[20.157657685129095,46.13418993084507],[19.934949357353055,46.15332618709828],[19.843701051947466,46.13792468114495],[19.72442469421841,46.14389834573127],[19.611608234864477,46.16075841581113],[19.534678733915193,46.14721877598297],[19.462387716388882,46.08102125287614],[19.425763121181163,46.057816880968964],[19.279958367039715,45.995090771540156],[19.209659354496676,45.97653931244489],[19.146268754440076,45.97900590150247],[19.08428199770433,46.00659438563419],[19.07119201645673,46.00181478623264],[19.053022237606385,45.97675925420762],[19.01968539129367,45.95278585210453],[18.92944662051222,45.92357853324414],[18.900861660489543,45.92346906577186],[18.834609847628396,45.90301708365718],[18.722843841629,45.891432600999764],[18.668480040292966,45.89756657086882],[18.568192341530736,45.80609962471745],[18.536684285743966,45.788782535588645],[18.438401124342022,45.75940238025334],[18.358348508804966,45.74503839986517],[18.288985453327268,45.75648089242091],[17.96405531044374,45.762259386169475],[17.80643938386108,45.78245278401228],[17.701994649020424,45.820591266607664],[17.634205949068203,45.862515318571745],[17.599572602540203,45.90785770404741],[17.526985740513116,45.93341424694198],[17.404296662658744,45.9433541078536],[17.306495845486996,45.9893229866454],[17.23547279125036,46.0715211805461],[17.145768772941118,46.133174736448574],[17.028879418905394,46.18030884931015],[16.93551111171721,46.24699476191886],[16.864350177327566,46.33433050597561],[16.74443336144053,46.40916653942211],[16.511371237522724,46.49354909150752],[16.49743437693214,46.5188186145519],[16.374744580540515,46.634041514427295],[16.374982413743002,46.67999122667709],[16.361170382479717,46.698697045350016],[16.328543285676066,46.717617934841236],[16.301564957522448,46.822559994585916],[16.280756035099877,46.84754876194513],[16.09310370508504,46.855275837632945],[16.085398269926657,46.861048992408094],[16.088801404212553,46.87005575231769],[16.250012816463908,46.97952274877239],[16.330611325319328,47.01008584206616],[16.42169377050487,47.00516609116374],[16.447754564532,47.01494987160059],[16.46930855381019,47.060521579402796],[16.48338451909578,47.120267919978104],[16.475005543736557,47.132811844641175],[16.432083310312596,47.14098542527143],[16.409024075198914,47.22209466010255],[16.451983555007455,47.27616763747564],[16.426433794091196,47.36657423698037],[16.43538111551963,47.40228373786733],[16.44155610556204,47.40738930619892],[16.513513155961473,47.41272739354559],[16.614857186431156,47.45296934114813],[16.66502141542917,47.532884306074976],[16.63206808083361,47.601910586892146],[16.429575324264647,47.64873370091851],[16.414056876946116,47.67107852114968],[16.41553700365866,47.6800013065141],[16.465850956913833,47.70220026692211],[16.548055697955782,47.75479492814678],[16.590004750920464,47.758489647038054],[16.65049938108752,47.746400025534705],[16.749760332638306,47.694224447477374],[16.78272101687951,47.6875151498388],[16.82221377552606,47.70193664692597],[16.972146039612117,47.703300984701166],[17.044075385253226,47.713212597078375],[17.05104852370362,47.72481326669045],[17.037739726273575,47.76237791082825],[17.037678351710337,47.80211636444438],[17.022100413989275,47.83678702759078],[17.032476894153202,47.87578977047799],[17.07020464086029,47.906895882994576],[17.082735326277295,47.968495532977904],[17.145912504464143,48.01383034642714],[17.174421784476735,48.02004424485147],[17.277597756287058,48.01234212821759],[17.31948687545391,47.99861746504784],[17.48410899830147,47.89488486879619],[17.63739908819239,47.817787369590796],[17.76379572244171,47.77818888077827],[18.1458623368817,47.77144527889138],[18.714922104840042,47.794783442664894],[18.76408710386719,47.849828174885566],[18.740608772206716,47.89067534725656],[18.742180373583004,47.940501246711655],[18.789105671860643,48.007796524701355],[18.9127876087088,48.058693098948396],[19.26342088822111,48.08095438112353],[19.45771433582577,48.1171552409703],[19.49204009259724,48.16797329243271],[19.560064212282672,48.21963816202869],[19.6237440792028,48.23093151398538],[19.710898594896598,48.20763060217294],[19.81274350014641,48.16263026676296],[19.895264820861534,48.14052949824116],[19.947039942177977,48.153982975150726],[20.126072165086782,48.229608649766014],[20.328363314500884,48.30270064408334],[20.489151818011187,48.53486010236326],[20.642646257845538,48.55767987013411],[20.86648101122394,48.55365751066966],[21.06932179438314,48.513987233453946],[21.195326975591865,48.518617036906086],[21.38159071422928,48.56140117343019],[21.452226433143764,48.56018744526771],[21.567525744419903,48.502401884334944],[21.608271585076707,48.46932924439381],[21.63875235064074,48.42372163665473],[21.67967499248182,48.3846493525561],[21.724690990220548,48.3543787586875],[21.766068138453885,48.346441744451326],[22.106375698846595,48.40066646581488],[22.13045707496566,48.413190287890544],[22.226162152501207,48.4213730364677]]]}},{"type":"Feature","properties":{"iso":"DEU","name":"Germany"},"geometry":{"type":"MultiPolygon","coordinates":[[[[6.106777147643854,51.14360887614084],[6.112886861046,51.153156055926],[6.109214287283637,51.16275865030566],[6.075349730361272,51.176274256231395],[6.066935367480547,51.19768131262973],[6.068102637641687,51.22594244174314],[6.159235145340893,51.35887774991909],[6.184367595658901,51.41135715781673],[6.190596293539068,51.44944885820144],[6.185996331073247,51.48278019226859],[6.084746310566616,51.59410696824409],[6.07860565306251,51.63400079952532],[6.0476296765772934,51.652108451639215],[5.942360226310144,51.75733861893045],[5.941364355352225,51.80577096396293],[6.0050909931795005,51.84156372716249],[6.086147215079177,51.861352837125246],[6.1146886174180395,51.8779898487483],[6.165717702352453,51.88870558241185],[6.299600150697893,51.85830667555146],[6.35607244331616,51.83474243621125],[6.423004790598492,51.866129643361425],[6.517342810976443,51.862209624650376],[6.736765126918615,51.91793941164775],[6.769563342321537,51.94406487511854],[6.789986323182154,51.97321890706631],[6.785522541954548,51.98149775466232],[6.709082443699693,52.03160269190916],[6.705112024438464,52.05820431258196],[6.718131228799821,52.08502881164406],[6.745603987484146,52.105897488124626],[6.797765046174256,52.11887518032447],[6.850919352536849,52.14269306692353],[6.969386560566041,52.21024355398154],[7.010659203221926,52.26715515616348],[7.02448969439314,52.331637970843836],[7.02665170007275,52.37492341301026],[6.995297334498148,52.41390331472943],[6.963722747566238,52.435823489620056],[6.8319151357116015,52.43431985524008],[6.7460592893078815,52.45652441583113],[6.696967495468409,52.493905321410395],[6.683690254324291,52.531260683116756],[6.704225455833749,52.55324505097968],[6.708949263750251,52.56784014034708],[6.697445914469395,52.596669893533694],[6.703982550710097,52.62212154869281],[6.746047240637886,52.641700027625646],[7.005508517211125,52.641560585093515],[7.022652264906971,52.65281468673513],[7.043383064213201,52.747540634215156],[7.109690601702297,52.89007300028274],[7.172585639290508,52.97108726476033],[7.18186762138513,53.00135258878815],[7.180966548178867,53.18688846946303],[7.187976564543664,53.278237881611545],[7.146725344072867,53.320586857689385],[7.050042612295029,53.36852583766101],[7.04533535805054,53.375839195661015],[7.066680807353311,53.4799800868106],[7.100093824240104,53.56075872346285],[7.20138041891346,53.660718119907486],[7.285165527824748,53.689352468463156],[7.629527068992752,53.7052615376508],[8.011072706578116,53.69850192512412],[8.17400344285538,53.54740439611533],[8.173855913581116,53.5391666219883],[8.130059424149726,53.48209663479333],[8.131013594261157,53.46980067674934],[8.202818703246367,53.44155598239201],[8.240706338504395,53.454593532872586],[8.271525099959302,53.5142295240934],[8.294523545735856,53.587902604950685],[8.332118354763493,53.613989457281754],[8.455435213769922,53.558579824972256],[8.503738496435483,53.51471401367835],[8.518078920856526,53.51703661353638],[8.529567640774488,53.55873499269153],[8.49826379332604,53.67082087115483],[8.520780196965886,53.78343500691804],[8.56990438271194,53.844091176885925],[8.615688247753068,53.882292765946644],[8.898055167574807,53.843793752983295],[9.17518496006799,53.861974260366935],[9.184084087534877,53.866866385879796],[9.18571122899429,53.87794595656892],[9.1774849303394,53.88554414624967],[9.06829475517922,53.89305582693109],[8.97517673211714,53.91880315219539],[8.91410398582307,53.9604361376431],[8.895554646509488,53.99965127696358],[8.898515231889567,54.25035503409298],[8.89342329145712,54.260311758231786],[8.848264727094437,54.291766751429925],[8.78350568576405,54.30424662436023],[8.736812930799674,54.28726649457829],[8.645234176034373,54.28697180731877],[8.637600157819127,54.291782699470694],[8.617820185937555,54.35458295160237],[8.643337276676666,54.40410638108999],[8.829227307810786,54.4353688968667],[8.937793704759057,54.47140284358576],[8.944739930565206,54.48029512385906],[8.948406431809047,54.527825967608464],[8.944458494306957,54.537662958070875],[8.875601387953852,54.58802459050848],[8.783485896272904,54.690724695779],[8.675881387100056,54.78713127843849],[8.662328310481275,54.90336298688058],[8.670837245234196,54.91140648143381],[8.904611051611676,54.90474882782249],[9.188079484879639,54.85234197804297],[9.259903631432307,54.81591283802924],[9.341200748137878,54.81439817474941],[9.496772517908461,54.848191219987946],[9.617771792865245,54.86316470415545],[9.664082131369673,54.84217392112888],[9.742116256130576,54.833163730734384],[9.757827372525295,54.813201401630266],[9.895328205889424,54.78799539571901],[9.958827402456407,54.74450000310662],[10.028159176796724,54.67920787600564],[10.036086727373865,54.578012852188564],[9.942452199694412,54.50545324469389],[9.939602670995468,54.49441201903828],[9.947271708029426,54.48597315959189],[10.14538877127513,54.49617554068797],[10.176947241998889,54.45542665683963],[10.215474494929511,54.41913389452811],[10.362152696022509,54.446130254360995],[10.73065470842147,54.32520656158624],[10.953621217595577,54.38334121053547],[11.016639593924669,54.38644016662281],[11.072339152981712,54.28038083503218],[11.015709472810176,54.177484493131665],[10.828170469957765,54.071415750520515],[10.859981096624626,54.0176494412629],[10.91779863196049,54.00357557586137],[11.105242951551881,54.01710980408308],[11.402294045852786,53.95392375215734],[11.4589587964282,53.972813552521785],[11.697194399219818,54.12074779443941],[11.79351997391635,54.152968649657055],[12.106866978299697,54.17656906803895],[12.164097536226683,54.232441067061096],[12.292102611597326,54.2907612478232],[12.374616611948898,54.35401367506094],[12.575490747252841,54.47536924139639],[12.779693928606127,54.453685181628394],[12.899779284958012,54.43053344323865],[13.0309627424805,54.41866481848493],[13.153366294006554,54.28883503150874],[13.448057497596077,54.149772597898014],[13.726199536028247,54.16095894573105],[13.798427510461694,54.06856161856608],[13.813299563911059,54.07428009692225],[13.820124938236097,54.12966856723094],[13.829448780372163,54.13504511412857],[14.041971269724309,54.04194416092762],[14.215634261751678,53.95712768800796],[14.21925682837387,53.94878214241325],[14.207542776164635,53.91801981374928],[14.221606927294202,53.87164909777115],[14.216081762116486,53.86313879422864],[14.17111965653478,53.866236392460024],[14.048185502335574,53.855105732175375],[13.923988269782273,53.871270911248146],[13.894285161632176,53.93757425731127],[13.908241751604894,53.996472995264256],[13.842291305086555,54.04272512988326],[13.83196208843819,54.04199621262161],[13.82604593072997,54.03349779424437],[13.875624657981819,53.85662836064808],[13.95352172226372,53.80883107879926],[14.02685960456843,53.775426866566455],[14.266166821672691,53.73292081972146],[14.30641278166396,53.55893746767339],[14.42215228933322,53.28595182818326],[14.418847759431126,53.197920443519756],[14.37410243913567,53.099791931130476],[14.297763408482632,53.02022959510699],[14.198689281767363,52.975739828610564],[14.149237367125824,52.9314457541708],[14.139133936004985,52.88290098607914],[14.258057099205176,52.78932155360386],[14.518967555958596,52.65191035205328],[14.626315296446958,52.5325664182291],[14.577618805309783,52.42886740892535],[14.563998144142445,52.35814172750956],[14.581150569681226,52.31872431861835],[14.61852092247901,52.28573528419054],[14.686267447117656,52.25479360332186],[14.713256961991425,52.20873339440199],[14.70106462228789,52.150997889011215],[14.710342572463118,52.11891344127322],[14.760523797357042,52.0816871682661],[14.731796216182486,52.02678516093086],[14.681981995927744,51.90114389472898],[14.615607348076693,51.83484225851247],[14.613531929780763,51.823068053465924],[14.631473039190432,51.77426627300879],[14.687158841574222,51.7038432471602],[14.73113218054555,51.66671399688053],[14.745992409263396,51.63038879780285],[14.721297088875348,51.55041388964767],[14.72759552922604,51.534074089630415],[14.90929289736469,51.47058175210119],[14.940816499558736,51.44137942052227],[14.960620890605973,51.38016404182607],[15.024584714258824,51.25253538401252],[14.971200854378186,51.091948207484386],[14.924715415814953,51.00530405593031],[14.803464245937262,50.83706684954105],[14.768677753244416,50.810626386995494],[14.720963355493108,50.80705361850923],[14.655303112926646,50.825178262980685],[14.608615338273559,50.84930632461676],[14.611476260387077,50.90271957852983],[14.590059792497717,50.91250408106234],[14.553395426937808,50.94999475088759],[14.535584095148197,50.98941058042707],[14.50472002473219,51.002062069854446],[14.316921314442624,51.02895132248771],[14.286528155849394,51.02117421064056],[14.2725854194042,51.006620080191254],[14.272291750600742,50.99615905380923],[14.305462024726264,50.95858000729673],[14.382546550771192,50.91985522367979],[14.384460986094068,50.91108632781233],[14.372252792675566,50.891417443087896],[14.204777044495742,50.853708232093794],[14.09960583018373,50.81537740742755],[14.00080872856415,50.79341318524065],[13.900078118948711,50.75342574028281],[13.703552601993579,50.70879664214484],[13.556922453422828,50.69611965659713],[13.530342351549733,50.68423924571102],[13.475505948110278,50.60950063484107],[13.436061119250988,50.59309086912686],[13.37081407277957,50.61219728635588],[13.344112602791714,50.603714393160516],[13.308827115236017,50.57883643714789],[13.240333041030246,50.56674420793369],[13.184262875205384,50.50314167614264],[13.023169859626934,50.482654430128306],[12.972426521025763,50.41054785610596],[12.944927069875455,50.398783552066185],[12.86634667490898,50.414350945978946],[12.767884043347335,50.42264705867509],[12.707511717724898,50.401197533078],[12.635506879732144,50.389061140054544],[12.549858507374216,50.38494527201199],[12.455672196875868,50.34196005775424],[12.364391896780196,50.267550410145844],[12.311432536861123,50.20019123341703],[12.279858338496432,50.17386528826052],[12.271374493256891,50.176140387160956],[12.224870516560301,50.23938745286201],[12.135438145316911,50.300840483407974],[12.108653639615095,50.302915355115196],[12.099243135580435,50.29665418355454],[12.099252598262327,50.26897719214993],[12.133447854997407,50.21947443494023],[12.181602949139675,50.18031998915914],[12.215889570851187,50.101358368547324],[12.281136345300446,50.04913232956972],[12.38678845019975,50.00615924069576],[12.462327178265209,49.961965604233654],[12.518430346472659,49.900550352507366],[12.520214105266035,49.875374391044296],[12.504540674013239,49.84915783171516],[12.407279031915355,49.745744444543625],[12.404544916701035,49.733955657082895],[12.414997915407767,49.71829490633893],[12.462016505423545,49.6860311453562],[12.506598103827011,49.6446332394179],[12.562599153363157,49.579022394056665],[12.638238089348485,49.466466236871156],[12.685695155018337,49.42122173762456],[12.751617528643308,49.373361361883525],[12.814935311601088,49.33795014348424],[12.920406437837192,49.337541545585005],[13.029290922221202,49.26587246745634],[13.145142194835334,49.165040637060265],[13.230225281143445,49.11951392870249],[13.293726232344797,49.10374798796905],[13.345398191553942,49.06568925256674],[13.40900089772622,48.982441493106464],[13.443836738235877,48.96388995332689],[13.551104573854907,48.966870890013205],[13.688899856175336,48.88367599661121],[13.774319103018014,48.8226576072819],[13.82226161881803,48.769641190502675],[13.810857939671083,48.74322692714948],[13.80672265132161,48.620513096189164],[13.79289896675,48.584782200083964],[13.7280875184538,48.53556332158168],[13.67433470509557,48.51510764065097],[13.48516869409434,48.5711041933632],[13.46583362130368,48.55632452083042],[13.416385473765052,48.39032175841534],[13.37833707501017,48.35429045503586],[13.325615217073446,48.32375446395918],[13.216614926383526,48.2940214854701],[13.084389396489962,48.267348333614244],[12.901343613475143,48.19663495969488],[12.819624474420598,48.154533971836926],[12.770314196587966,48.10530812130427],[12.770998629073699,48.07666136698944],[12.960847126880564,47.893789715507054],[12.961899990812338,47.805644929849215],[12.916527572131042,47.74337164017726],[12.91708683671124,47.730175351085414],[13.037120787740196,47.705895151884],[13.061640482076614,47.657755922180044],[13.055646044651006,47.57692579396147],[13.039110863152036,47.50545928124301],[13.019189819683765,47.471721041521846],[12.965184649824224,47.46821535001383],[12.876701422529589,47.49874285735804],[12.806006214872275,47.53492362515733],[12.77536706331659,47.561277642794636],[12.773241433613679,47.591517835446155],[12.782154488451294,47.60879918153808],[12.767919974031905,47.6306830747318],[12.686697984657943,47.66050220469892],[12.595960374407964,47.648430239661025],[12.528024616195083,47.628284649156754],[12.481866091080487,47.62938987560658],[12.431935017886305,47.65886452270836],[12.361835370915877,47.68023230637849],[12.217209186712765,47.70802880317659],[12.206487742643287,47.69712992235509],[12.211462854703829,47.64445330667164],[12.187835367933392,47.61185249473736],[11.717122184922868,47.57535274052681],[11.576423091672444,47.54208347192579],[11.472431057685892,47.49851725934552],[11.400993868345624,47.48082983932547],[11.378222537481571,47.45340472331364],[11.29978285785997,47.4171308854039],[11.212224788145203,47.405641600082724],[11.187747839194918,47.415581687304766],[11.042657659646368,47.38515305724833],[10.976403648220163,47.39151927540136],[10.888195029360354,47.464923186556824],[10.853385180435273,47.51255014046804],[10.740404324501604,47.51623340050875],[10.657099941856641,47.539103196085186],[10.483311654060271,47.53380856912734],[10.446186213434938,47.540895529555094],[10.436832490780244,47.532726499682724],[10.411247152156747,47.41384864311124],[10.374360283189635,47.35999205582344],[10.316460594441406,47.306332360107696],[10.242891583160294,47.27647379229282],[10.182974240213325,47.27082300534893],[10.17502447280925,47.278607644879],[10.186829583932289,47.34801909642285],[10.182042312705423,47.359035982777165],[10.094902433268993,47.37176790909852],[10.06230288497423,47.38645080208397],[10.058326045367133,47.393570166702396],[10.063813879904282,47.42899223058],[10.028861424513345,47.467199708288135],[9.96769004524036,47.49821415976449],[9.83732277338858,47.54445830243485],[9.752595207437436,47.56579620310421],[9.71865637585673,47.54360967262507],[9.652085916033023,47.51803314938216],[9.551814293682376,47.52572573483549],[9.522356077478532,47.5164092201123],[9.181827251826093,47.66220641473949],[8.879929945877842,47.648505242800816],[8.824450443062355,47.69744077068067],[8.791643141932893,47.707556330876855],[8.756675827092089,47.69029066163741],[8.726259554543748,47.692332247782275],[8.615462415153624,47.75814651941265],[8.573402636497383,47.76725647588205],[8.511654497581393,47.7588112683733],[8.443663850010772,47.726274745587816],[8.414095575201342,47.68515120015001],[8.421665689349698,47.66921906438463],[8.452600085760611,47.660071640560425],[8.556149438982779,47.666175088861515],[8.57306667415303,47.65720033994053],[8.57821148233816,47.639972234835895],[8.565893457300538,47.61924194520027],[8.48238555037451,47.60522207633828],[8.45670188037195,47.5886720902833],[8.41632009306418,47.581751720980144],[8.327036289411973,47.59887591870985],[8.199981301223255,47.59887939352233],[8.09517915629323,47.56831794222826],[7.926541591940216,47.55587760918102],[7.6968706397802125,47.56198248515844],[7.559838493687796,47.60084306918728],[7.521455374242466,47.67490042052857],[7.530927984349391,47.77593450368162],[7.5857284144489885,47.90925635392927],[7.599874597891477,48.000997394992424],[7.576266733295946,48.06537073652934],[7.609354220996141,48.16014074513713],[7.699210198316075,48.28515158545708],[7.75743599991338,48.41257395167936],[7.787281213784304,48.54942780472409],[7.831169875758789,48.64019282633964],[7.918108177829364,48.70509315591863],[8.128479736944165,48.88684395656535],[8.127073754132528,48.96223891966297],[8.11902347459637,48.969705951045555],[7.998864812994359,49.00321216054154],[7.7984708275095755,49.03391627486237],[7.608471399473041,49.05415321155204],[7.521656588339302,49.07937491959746],[7.444312540066308,49.14425413739595],[7.404617567648316,49.14486911204598],[7.314150963061265,49.12157096219874],[7.201316849116674,49.10574314311848],[7.115602446999649,49.11943565865442],[7.067570598053958,49.116760857712976],[7.036140211180868,49.10472923729296],[7.015343193519862,49.11929029702704],[6.992479431354309,49.173363863114915],[6.890739202672914,49.19917007901811],[6.853971000732257,49.19402628024103],[6.8251818127284665,49.16731136283939],[6.7788038302621985,49.14657642846693],[6.7333922999673925,49.1528816814102],[6.568567344862494,49.31457115366304],[6.558664372897282,49.34315637672096],[6.527406154540711,49.38947909594316],[6.453966538734358,49.435492865086836],[6.38267246809504,49.44982470067987],[6.338350177342558,49.44744865270733],[6.340685251569418,49.5146213027735],[6.371118199999213,49.60304713097374],[6.401398246353498,49.65093868814826],[6.439654271273082,49.68827631336875],[6.477315249854088,49.71432032823617],[6.485433114967136,49.753912558808295],[6.480972754104736,49.78489329164725],[6.47257507990868,49.79251164031314],[6.321733387295513,49.83044030760392],[6.250626491926311,49.86628633158193],[6.131359478151359,49.970172595439436],[6.101998479394952,50.032529965098114],[6.100310852235762,50.09373754126877],[6.113946161197524,50.14247413260147],[6.169765205861895,50.23860692980662],[6.351191210015758,50.321341838649126],[6.33272902527998,50.44532801280453],[6.292183872814229,50.4773049750801],[6.200263521969603,50.49163048003032],[6.172649710502332,50.51730993429292],[6.160942177948346,50.548064103222586],[6.207186592964643,50.58514594233909],[6.207228562650742,50.60105603968106],[6.149542338890751,50.63099141392923],[6.113171621776465,50.67326334553893],[6.001313225663338,50.725728308487064],[5.986524777612777,50.74749141626411],[6.0368839117132795,50.89617995411721],[6.035809062186386,50.906426779389506],[5.99981375963291,50.944317050418015],[5.952662070762319,50.965179010643936],[5.890443729904916,50.97748841457269],[5.861062744016931,51.00054458066833],[5.849659816160929,51.02872013798695],[5.866453527573721,51.053065857845276],[5.939472241600644,51.05016700120596],[6.106777147643854,51.14360887614084]]],[[[13.714619458359364,54.38856341211819],[13.740288565492337,54.310255141077114],[13.70671393437596,54.2731898371809],[13.593507927389744,54.3296869575626],[13.489450942615132,54.329209305250956],[13.419289237769048,54.243131455226624],[13.360751050956308,54.23870138569316],[13.185981915260433,54.31875885283653],[13.155229938167999,54.36049055711985],[13.148420024860036,54.397879724527556],[13.172859507973271,54.50831432270456],[13.169200130347294,54.547086823603735],[13.223162086535305,54.58789585869818],[13.23604507796365,54.645421341304726],[13.334175744583828,54.7046536062547],[13.425656833398968,54.706754843399686],[13.456542523780762,54.65492493182676],[13.493977865945661,54.62357939845402],[13.638878285883328,54.584461934504255],[13.663754185120174,54.56467898565213],[13.677422887589767,54.531134268832844],[13.608620806464533,54.48205507793163],[13.594871177550903,54.46724465362721],[13.593593142496605,54.45718740973125],[13.61041032133595,54.43042894339099],[13.714619458359364,54.38856341211819]]],[[[11.129704607932359,54.40802053815631],[11.067525277572605,54.44815719234693],[11.005663416019408,54.4609565677259],[11.004611161153914,54.469801402347116],[11.038292727274873,54.52156973834212],[11.085833283981534,54.54133414862328],[11.23607258504613,54.50885967017822],[11.288052711781228,54.44017392221568],[11.290776415571838,54.417378173825725],[11.28448222475575,54.4101601107158],[11.129704607932359,54.40802053815631]]],[[[8.313963262666745,54.7819880777887],[8.281778447526714,54.75964565147299],[8.276684178577623,54.76692741468974],[8.288209625155234,54.91106629466665],[8.402565269575351,55.06628566816274],[8.452823760915495,55.06324003328199],[8.459427930566529,55.05477128939383],[8.409494642084102,55.007495611440675],[8.380462164840022,54.93164236006468],[8.388109067246527,54.90954107587284],[8.629553238914923,54.89975340736774],[8.637083847552436,54.89450624664817],[8.635518155878678,54.88639798658045],[8.601901451088073,54.857503742647644],[8.354248030892633,54.83950730117741],[8.313963262666745,54.7819880777887]]],[[[8.553436209856816,54.68156995490589],[8.452075478026252,54.68326774235394],[8.396520458229254,54.7071263704311],[8.392595347584482,54.71584130264126],[8.413459981326392,54.7454531199692],[8.4661108881445,54.765139863231525],[8.510737047314368,54.76825486735376],[8.5756541285374,54.75640101033023],[8.59548593836965,54.7102292231342],[8.553436209856816,54.68156995490589]]]]}},{"type":"Feature","properties":{"iso":"EST","name":"Estonia"},"geometry":{"type":"MultiPolygon","coordinates":[[[[23.619276152330432,58.753417017487024],[23.62756901311979,58.76514917715145],[23.61866664680336,58.776425833767284],[23.53309657282379,58.77396387274709],[23.49873232234785,58.7835242396316],[23.489021378591158,58.817316156114316],[23.424364474306497,58.91841735139988],[23.42687919808011,58.92675622501615],[23.48365202041443,58.966348154191365],[23.49942828430932,58.99160838310797],[23.496277815263813,59.00227740871402],[23.459809930332657,59.03158104673501],[23.47316632311802,59.07350796434142],[23.506686793658975,59.11157773246732],[23.486538787525124,59.19446166404454],[23.49125058622246,59.20297669907719],[23.637857235764397,59.249879405841746],[23.78139449562115,59.28305528454054],[24.059356523556822,59.29908910532544],[24.0670828604234,59.31224471084047],[24.04588601270913,59.37030037299793],[24.049586130601153,59.37920931356368],[24.174608527933138,59.384474812619594],[24.379365269496294,59.480575883513175],[24.58363143146815,59.46393783820909],[24.87788791547762,59.53006943947765],[25.44126008200261,59.52935207451584],[25.506537965403606,59.56345148611089],[25.499443105201614,59.598645470794594],[25.501370393693133,59.64013832374886],[25.507841054354426,59.646869990535066],[25.61599423591637,59.635588878895625],[25.79407135113753,59.64265186849071],[26.460603994977546,59.561992986969905],[26.625692305513926,59.56186464337998],[26.854118995211007,59.47958584268754],[26.97539677042327,59.45867818855021],[27.336553804408666,59.45845845313946],[27.888904718972242,59.42253432157391],[27.99400400011417,59.474804813542626],[28.013595825219035,59.4921871524874],[28.070873041993387,59.45938536102454],[28.137568971554572,59.40965426798477],[28.15895257275938,59.375713759401606],[28.13160309759744,59.3502914720658],[28.06478914087262,59.33519147626695],[28.0191750874069,59.29421892431299],[27.94141542508479,59.28914430381947],[27.903554784198434,59.27105526104134],[27.763572788601817,59.04667781861157],[27.62616329665,58.93829399032236],[27.517428810293325,58.879341496892046],[27.47133287237912,58.83668528365758],[27.442529421297646,58.78568162491201],[27.435854976161433,58.73228043702255],[27.539238028777554,58.43649999303427],[27.537811351635444,58.37952203947763],[27.49708604964428,58.271418417400284],[27.509342022984754,58.22637613244373],[27.578109387576124,58.141938323720645],[27.65135860916228,58.017338909351025],[27.68012019920451,57.94129611251213],[27.773114719014217,57.89082058833271],[27.78643547682558,57.8695372489528],[27.783064527243745,57.851598070747784],[27.75512016634087,57.83336455939],[27.54648168989903,57.79068851297933],[27.497556427029725,57.719225705699216],[27.405247313408434,57.65940497343794],[27.379606935200865,57.610175986914584],[27.359519377182192,57.525569079534684],[27.352495520626572,57.5201383143881],[27.325537602443543,57.51754857753808],[27.18572174108222,57.53046161933521],[27.03073107653147,57.571228622012164],[26.961704279328085,57.60110862192748],[26.899464342087555,57.60053931166119],[26.533488429296757,57.523068528079094],[26.461029641658445,57.53654348687302],[26.29412668475592,57.59411448129457],[26.025218945273387,57.779445635681675],[26.008205731462684,57.8103245926686],[25.98597091711082,57.83062412257498],[25.791747490793906,57.86082544520784],[25.718645203759678,57.905569256257216],[25.657761994447466,57.91252021224334],[25.56974392888432,57.93491125062864],[25.339177815513203,58.031142031964336],[25.292388584739395,58.03885046170001],[25.279530463915442,58.032260781481256],[25.28021963059626,58.006815373141016],[25.263132835219487,57.98978399018802],[25.22783362100274,57.98864396121912],[25.170495306156443,58.025520491266626],[25.106928976835732,58.05382475788891],[24.912837707716406,57.99673090742898],[24.840141950599378,57.98080396180344],[24.77587861320431,57.97704271399171],[24.462428449691703,57.90049078020713],[24.364091389942864,57.858338396495036],[24.320119528709775,57.86300173037481],[24.314649303159072,57.87169926918701],[24.325032514566747,57.91361734198579],[24.455949312738085,58.10903864383647],[24.480315310251758,58.26510508457671],[24.529066097098926,58.28904318156092],[24.538346860800033,58.30217201381303],[24.52391209190199,58.344621394832096],[24.392218364898753,58.377796486567355],[24.344027412951903,58.37390403288448],[24.292539753889173,58.32207992807402],[24.239200489429265,58.28239805855991],[24.114874312426288,58.25812630187153],[24.008591108310664,58.29893183531904],[23.764440971890817,58.35349460590405],[23.699058235411055,58.42916126543305],[23.683036020944307,58.500104038868244],[23.55765948274855,58.56971365169958],[23.501826923991853,58.65567436409651],[23.52543084727841,58.72229099490997],[23.619276152330432,58.753417017487024]]],[[[22.686675488451865,58.60605479874294],[22.75156351008472,58.61247863268606],[22.821256811529643,58.62945594074525],[22.965779238136772,58.61355668932558],[23.054557283926407,58.582134325823525],[23.064981103246485,58.592980519126876],[23.056711692087188,58.61532602197134],[23.103848283745165,58.665260476231325],[23.166028630312145,58.6860876186705],[23.33643028918373,58.65570316169387],[23.3644049734178,58.57489883487001],[23.34678222030409,58.54303739271666],[23.259838437363623,58.532019813120634],[23.088964042941917,58.5896592801327],[23.08205698345562,58.57947599435745],[23.088774884229846,58.5679996176204],[23.296993513256293,58.49033680720614],[23.329592367429242,58.455671931948935],[23.330174203457414,58.44686565557634],[23.130556687682844,58.427639514352464],[23.087147511752114,58.391909511640655],[23.03868905768883,58.36501247852336],[22.981576195398983,58.355602573448614],[22.887715103147553,58.30368899856254],[22.763397660524145,58.254739183809676],[22.732372710688864,58.22295901206142],[22.498944333417,58.22817040548381],[22.37335834109874,58.208875950559836],[22.27595103874541,58.15417381099083],[22.23417452178081,58.04766506730462],[22.157354626355353,57.96050025830775],[22.07759885443513,57.928163996946836],[21.990938494284755,57.92600764633381],[21.970131353929062,57.96208125253747],[21.97914793146139,57.999940978731985],[22.146467819665673,58.120540845084896],[22.16130915357608,58.14500512515566],[22.153342668896165,58.15326219044619],[22.1010874313736,58.16441612284616],[22.03122072470519,58.20597084986899],[21.876047253795157,58.257176429560786],[21.847533547090933,58.297743484669205],[21.848330542455102,58.306738936911046],[21.92130918172123,58.32371289742012],[21.95845188372834,58.35412988384742],[21.97137419758716,58.38248282180766],[21.856390606183275,58.49180202924686],[21.856838117263976,58.50298924466875],[21.923974629389782,58.52222879402549],[22.001935996210893,58.51826049820878],[22.08123238042076,58.48780233071605],[22.167620927243416,58.5237694939032],[22.20583455111829,58.52936992532752],[22.261236363205104,58.51827713184809],[22.32527645614273,58.58831828311776],[22.471753203930035,58.612553195342144],[22.54612153440708,58.63533335193115],[22.619030186599296,58.62904618606272],[22.686675488451865,58.60605479874294]]],[[[22.84609476223534,58.77074974556575],[22.764373776578534,58.804164603520235],[22.66548136510035,58.70229920776261],[22.54049200360676,58.68218524043647],[22.466339691589436,58.70717632217137],[22.46929744851641,58.75367044568962],[22.403776257319112,58.856989825750766],[22.305558232643452,58.887444004704626],[22.160232166242924,58.89067884575113],[22.052406371019003,58.93660449313916],[22.048445685402363,58.9452949327898],[22.05594213776028,58.951603548738014],[22.455767076584088,58.98207294963392],[22.499521862503347,59.03263439275729],[22.58346964400367,59.08825799901849],[22.651604558567573,59.09481034690871],[22.70761722531779,59.08032229835759],[22.719852319267144,59.03566007073699],[22.732354847049898,59.02249239176216],[22.913709159607308,58.99821082998232],[22.988655792929926,58.923640894550495],[23.016231705129652,58.836624333525364],[23.01430666535773,58.828259200367],[22.925835392859113,58.8185951325051],[22.84609476223534,58.77074974556575]]]]}},{"type":"Feature","properties":{"iso":"CZE","name":"Czech Republic"},"geometry":{"type":"Polygon","coordinates":[[[14.339022702826695,50.900198942037726],[14.34760260476892,50.907612652354544],[14.34544715963704,50.919789303303254],[14.294557215499735,50.94624861014108],[14.248578322243288,50.998576216353754],[14.249649162157104,51.0068746219739],[14.280000721288975,51.03680847985806],[14.32088484185758,51.04569585989725],[14.369420000466315,51.03407458180958],[14.508979698838896,51.01767675190342],[14.548478987906131,51.0014544421437],[14.566850733233105,50.959426604915805],[14.596124372308921,50.92911331792946],[14.630708945866271,50.91879693218092],[14.623822246520017,50.867519820742785],[14.628338056529836,50.85722547629784],[14.661147588691573,50.84017040478868],[14.722032639080341,50.82335389726896],[14.759983783670243,50.82584910851014],[14.806703960400405,50.8665075293579],[14.89504388860535,50.86953062600803],[14.972954625722885,50.8930387766957],[14.981802753229887,50.92765124773637],[14.976677852866885,51.005153037064225],[14.995337596077079,51.022201959054414],[15.128249464220211,51.00054644472579],[15.262749169632011,50.96536439158549],[15.28535489165669,50.88654699650372],[15.360829091378518,50.81786427716396],[15.396937833789472,50.804286160402825],[15.466209493824486,50.801533128425746],[15.644530978944177,50.756976535985935],[15.73277229355239,50.74737489768092],[15.895439675760002,50.68494322061177],[15.951856759976824,50.677524360146535],[15.979199861149473,50.641783865225335],[16.0070824097097,50.62223880660084],[16.065731240848432,50.63790814891185],[16.28464805704148,50.6632219375593],[16.36473597807816,50.62781194611296],[16.41767689131942,50.59123476609179],[16.427506614970422,50.57183164262668],[16.383563585292464,50.51024701069061],[16.35923921768925,50.49293749670166],[16.28489149581905,50.4748914117556],[16.227609734389798,50.42989734019766],[16.22629247651351,50.414687506433246],[16.23949139502926,50.399410424432354],[16.293193787897103,50.379793889011644],[16.338832588070375,50.373384007437494],[16.357663976000595,50.34994111847888],[16.49295930529746,50.254296501009],[16.600809458471783,50.129487681318096],[16.642030045289157,50.109934299246284],[16.680847256565354,50.106788316975226],[16.720753521463532,50.12291343477846],[16.774459799700704,50.16384798491591],[16.838090823621016,50.193816685359565],[16.981367690666158,50.24469573793161],[16.981661402734826,50.26053003623886],[16.908447498238882,50.34029842951196],[16.862066463507382,50.410799125247095],[16.86262803852048,50.419121705703546],[16.878644877967435,50.434907460324915],[16.982806182964048,50.42385434551828],[17.154524257841953,50.38587608305556],[17.417434022072072,50.26319387859889],[17.554309183471695,50.27216617291093],[17.65161055663102,50.291812473109964],[17.704957836330333,50.31468854317455],[17.727398938209927,50.30190896640169],[17.742717545996754,50.22745117775284],[17.71298211307667,50.18648003081888],[17.613190436539952,50.15529473851134],[17.610479908550133,50.14004151999795],[17.628924268373424,50.12500338097634],[17.685771403207223,50.10725026969344],[17.75156679806263,50.063031085931335],[17.797397141462973,50.01259311575206],[17.835987149387147,49.99035357367465],[17.876590622631433,49.98100276159113],[17.977523583510244,50.00576937852622],[18.029834126684424,50.04311437049069],[18.0541155280681,50.038484257099306],[18.105619609656497,49.99956369789251],[18.208113203461117,49.97220701503182],[18.303433078057232,49.92424472685609],[18.35003282354837,49.937679451820586],[18.51828191211222,49.91010469272788],[18.565725382300574,49.886628316876745],[18.58502436782258,49.84242245118168],[18.578904368976133,49.81490213830838],[18.60076470027064,49.76434840360981],[18.812609136871924,49.6193394224842],[18.837127758295438,49.54170218860515],[18.839873745822285,49.50848949712355],[18.749928689778198,49.4859881486794],[18.59550132120042,49.48231515240063],[18.538642565989623,49.45765360810107],[18.48026590465966,49.41429388760972],[18.420255037726037,49.38410655826355],[18.389631187742157,49.35885297711519],[18.368475038357882,49.329119420767285],[18.16638896267012,49.25065759868031],[18.139387493353055,49.220025367652255],[18.11785680969047,49.17756915628142],[18.091563497715363,49.05946889148394],[18.054029184628735,49.02918347646421],[17.94471825891869,49.004657342090255],[17.921163938171066,48.99364972590018],[17.897495647357513,48.964774347103024],[17.760812926831605,48.880470788480196],[17.627104452248247,48.83405315440153],[17.483668402208227,48.819847847349976],[17.29648296754376,48.83482756187032],[17.191210494376165,48.85230214944417],[17.140401112586133,48.834225956932215],[17.068278790218837,48.774095581264476],[16.992608544685183,48.673303017785095],[16.954526606329956,48.590967111396566],[16.922053372125028,48.6159435824564],[16.876172450863404,48.696382138264006],[16.71041360018419,48.726581313140976],[16.59840946921342,48.77424197403927],[16.543426909121507,48.78802582724772],[16.477802566818454,48.791227708870295],[16.41881544730127,48.76502121918989],[16.368073182216694,48.73101957281624],[16.218306639443846,48.73146573771471],[16.05673041987718,48.74679618718484],[15.824005886975538,48.85592891949252],[15.698524733049236,48.8527685609533],[15.596423556847533,48.8789513161981],[15.400832661977253,48.94957979176729],[15.312367124342078,48.96557114629232],[15.200713118507563,48.94023376104424],[15.160590603011844,48.9383827696613],[15.133892606039486,48.962957931795195],[15.06696763418998,48.989195796715954],[14.999423883129875,48.992784772650666],[14.979125105833608,48.976317052548204],[14.955116840714602,48.825810058636954],[14.92909633872221,48.76680112948343],[14.826294133292972,48.76568889979018],[14.791687111701606,48.741666965683144],[14.715089144223215,48.668586308901446],[14.69490892016746,48.59209137300193],[14.48822005840527,48.61730492218114],[14.434028100366122,48.60838963876049],[14.368998251046241,48.56836213577013],[14.189119444040857,48.570605958017914],[14.045485823522846,48.595380950569194],[13.981633103363706,48.68717263581538],[13.92100514190533,48.72067089225958],[13.810662143558673,48.76008058932566],[13.763559272317018,48.8106816960149],[13.68016298215754,48.870261104606826],[13.548644347487615,48.949724011373384],[13.436592480472537,48.948709363074876],[13.39555824699329,48.97190561294516],[13.377072182696091,49.00346427337084],[13.33450426309332,49.053795537395935],[13.287340497699509,49.08860257682676],[13.224693944322048,49.10432359634397],[13.135995354418297,49.15178048409549],[13.019495282414393,49.25318610385024],[12.917404805747331,49.32043113151729],[12.810995851670963,49.321726442496015],[12.74288292876024,49.359932006565124],[12.676785705740077,49.4077865942243],[12.625929974320359,49.45608323735135],[12.549769554800662,49.56942717695639],[12.494967537427627,49.63361556456496],[12.45200643723446,49.67348992122294],[12.402524737693634,49.707568091948545],[12.382898975235282,49.737283340324396],[12.491121154560506,49.858003044849525],[12.503940703846931,49.879734035611314],[12.501862989645359,49.89497075536216],[12.451956688321106,49.94949299842402],[12.37982770137721,49.99171704847946],[12.272756973185494,50.0352612064562],[12.20303387087278,50.091087468987205],[12.168454454893576,50.17012861210685],[12.121736213424398,50.208269313028616],[12.082119936162009,50.26618918860586],[12.082018686049727,50.303348658348305],[12.093398825157822,50.31648244496769],[12.13729117398284,50.318543021351104],[12.18003476075263,50.29444816852895],[12.235816407697778,50.25137868245169],[12.271797515281362,50.20274643899515],[12.284545818941346,50.19932774725571],[12.352898340085751,50.27883322754503],[12.447385709151659,50.35584575902304],[12.546441169704533,50.40096542252335],[12.63394610508251,50.405009406411075],[12.703265382213567,50.41670502536312],[12.765230402894762,50.43893639786462],[12.868568511680605,50.4302197918965],[12.944222361195166,50.41576520637993],[12.9628545345472,50.42481280851861],[13.013236520677545,50.497711440328914],[13.174624087605995,50.5179681787527],[13.23403976014221,50.58385816157604],[13.269037646797187,50.5846239602945],[13.301492514044508,50.5934288436887],[13.337089381201585,50.61837581303489],[13.371966087961784,50.629286223188316],[13.439994285703019,50.611482374668164],[13.468592705540175,50.6252509970911],[13.521065577121357,50.698614653076746],[13.553549402783018,50.71198187390111],[13.700977058870146,50.72461913556337],[13.895237146270565,50.76873377593785],[13.996089599477752,50.8087602020318],[14.094991272162062,50.83072600399272],[14.200388418716788,50.869121525328985],[14.339022702826695,50.900198942037726]]]}},{"type":"Feature","properties":{"iso":"BLR","name":"Belarus"},"geometry":{"type":"Polygon","coordinates":[[[25.534564286712182,54.218593918641616],[25.511732392293506,54.173412623603525],[25.517512192866363,54.16600631203322],[25.57613127018866,54.14790992870566],[25.68094690865622,54.148798453582046],[25.742332936375437,54.16381670401206],[25.756225772505193,54.181318065207556],[25.756797082228925,54.21944103961757],[25.74241858196198,54.252645625860765],[25.70137567442601,54.283912728827346],[25.616057870741038,54.302062101204854],[25.555058092876063,54.30309739316692],[25.539445405859528,54.33287921915544],[25.561048095377455,54.38169280208669],[25.614533924061643,54.46594930935539],[25.679766705624303,54.54167455374822],[25.718068221290427,54.57103855360121],[25.723181715690046,54.59202466432312],[25.715968665040393,54.6352956095317],[25.71501925492843,54.720768110355195],[25.774085931316996,54.83748641828231],[25.85391402991611,54.92520476870037],[25.963940118092108,54.95516289143844],[26.090597390004287,54.970260263755115],[26.168026067751164,55.008637235170056],[26.20924112967172,55.05531047825461],[26.24484255129253,55.12985129520605],[26.289768933946736,55.147324438927726],[26.59448838227981,55.139220363475275],[26.64378861465378,55.210718140322506],[26.671484022707176,55.23207020298629],[26.73077125890629,55.25404830159772],[26.75271178160632,55.268990315766224],[26.754558777402934,55.27890741121135],[26.747126034122303,55.28718528495035],[26.680950100577494,55.29838546695367],[26.49320226698012,55.31031789071952],[26.45027409044575,55.33934175588859],[26.462451874434933,55.37562015595786],[26.512591105884244,55.452780542947046],[26.558781485316356,55.548682825756245],[26.582704210273082,55.623667067980854],[26.588893230582794,55.67401244103217],[26.618589905487976,55.687453415968754],[26.76914189838413,55.701771061550346],[26.817554392085327,55.71616234958588],[26.94939008456293,55.820047916777185],[27.05086904572371,55.83839473068736],[27.308802664318772,55.81198824664894],[27.573196552216245,55.80754914337746],[27.584239557081737,55.81652807267303],[27.637273168015327,55.917933617462225],[27.89171926223888,56.08274371087718],[28.030215931321376,56.141081346789626],[28.11767510971854,56.153776944974],[28.148429473822194,56.15091059288819],[28.289805428724605,56.063370667902056],[28.316831252097433,56.06143266463511],[28.406155728935733,56.0969535152674],[28.566246896722316,56.0996430521325],[28.642034170305763,56.06789486332026],[28.744212212989098,55.963650470589876],[28.79169411009473,55.95158250864765],[28.944158368848495,56.009398962542896],[29.03219033841526,56.029772366861124],[29.089863377148735,56.02875964749083],[29.376906075656017,55.94649678997316],[29.403550206521906,55.915062661309484],[29.40592852063087,55.880745671563886],[29.366271709283463,55.78421868617315],[29.417567527521314,55.73165001223994],[29.48051819273752,55.695379938725154],[29.6277693001886,55.75883693591478],[29.682807426434948,55.77751325647761],[29.744552985861585,55.77891238117281],[29.819966518070945,55.80231738680604],[29.878950156299414,55.83983702279251],[29.93488660061265,55.85298285394312],[30.04360305758986,55.84447715010427],[30.234031609601775,55.85318773111107],[30.459766067800544,55.79398527713739],[30.481323003494225,55.7745420300688],[30.59146079785865,55.706723155244624],[30.629669633421848,55.67369066554952],[30.66540406915207,55.66282355279297],[30.7252206939637,55.6295000928887],[30.80026599164752,55.60959120563668],[30.856683216108838,55.615470893622714],[30.886093696957804,55.60337164402262],[30.914806024037837,55.5705163469867],[30.908331932259614,55.39547815439179],[30.82812777692834,55.32557107207663],[30.819265574110823,55.305733709686955],[30.821357959012275,55.28718676923],[30.965650563652037,55.14184268071131],[30.985591405338848,55.08922996107153],[30.98568035863524,55.049700025798465],[30.872606423170172,54.9352169441713],[30.836144763991342,54.90888917359652],[30.81178692139184,54.85709598464811],[30.79985453816249,54.807546639277355],[30.80606199583593,54.78973297904361],[30.986617267564984,54.70359327947088],[31.124663993035913,54.655721480936265],[31.15750974417342,54.63126200970311],[31.161995581823362,54.607304108966886],[31.08998365126957,54.514319309229286],[31.088778489919555,54.498364180949],[31.190640379205476,54.45841635860745],[31.25215101612567,54.39608269020292],[31.306091949986644,54.29626438574059],[31.406975099319,54.203796573339076],[31.79443093974231,54.06353274934094],[31.83183612043607,54.03614107100171],[31.845779743351578,54.000781946016644],[31.833214103253606,53.933841400631785],[31.77335839528094,53.827767807186646],[31.777002133239495,53.81331756085385],[31.822391805177954,53.80005198201721],[31.99309691604708,53.80482928517095],[32.201689143015635,53.789132105446576],[32.4536018301449,53.70014142587107],[32.458858111196314,53.652021169801],[32.43618137237701,53.61562863518938],[32.45029235927293,53.58228061873962],[32.47586090225833,53.55300000319402],[32.690482825806896,53.45456900120381],[32.7139429302018,53.42218765456757],[32.718214512000806,53.37075248379117],[32.70806269606814,53.32928717021529],[32.580248135934305,53.30462987268201],[32.4777552606051,53.26499342407004],[32.430372197253945,53.203745877223625],[32.254370712430905,53.121261716395956],[32.142972376097944,53.08323846147989],[32.05451802442933,53.08150394782319],[31.848206692629578,53.09836072915334],[31.772879344197886,53.14031959640382],[31.74211736740588,53.17660766216702],[31.667495218732125,53.19283369000608],[31.421504359940972,53.188114334878286],[31.394177155182287,53.17736746865569],[31.371258866874268,53.134630199685546],[31.279056035371884,53.02558805415685],[31.277204601765,53.01347739639647],[31.44718246549502,52.86856129072989],[31.540351166113602,52.80430345830507],[31.572032021599867,52.76270643585069],[31.570327989023767,52.72734219204548],[31.532461426200875,52.69837519526323],[31.52849000803973,52.68935831721595],[31.53543314480339,52.63551236281523],[31.6238463023259,52.547147141347914],[31.592683573967236,52.52123894782901],[31.584569069818425,52.42516865535503],[31.585876825873115,52.31621691957339],[31.606616941808955,52.291560553884295],[31.655084413424074,52.26828567489167],[31.696744141361485,52.22579354313579],[31.765544457891462,52.12975587483372],[31.770706462887695,52.097900896349806],[31.762782959554972,52.093090601491156],[31.573335357497704,52.10009968574253],[31.34890859175575,52.09734704494043],[31.218038320436097,52.04225916014485],[31.07802299273695,52.06811464666223],[30.98369415501322,52.038524979134216],[30.761008590175145,51.889379298592615],[30.67261292335685,51.80767989915786],[30.59101877025075,51.68524072933825],[30.543766238269676,51.598802969418976],[30.567834441262,51.53540757929395],[30.60963719379869,51.474496602262356],[30.619583294046844,51.4084874619152],[30.640505557558768,51.355389907724025],[30.583077416986765,51.31248583631018],[30.546184636597026,51.257227735350014],[30.447081179267904,51.26671197463769],[30.329509756458545,51.31856032549479],[30.300035489523154,51.39503869629186],[30.156958770112187,51.46998846613574],[30.064219201780375,51.473946498017014],[29.909326110717124,51.45002381375596],[29.70695431067918,51.43159978861316],[29.555034778888768,51.426578747816315],[29.47098085448068,51.400459577193004],[29.34429132665275,51.374889016330705],[29.292422235578726,51.40823410166079],[29.224436657239565,51.49175932600924],[29.167117876449765,51.57632759421183],[29.131810142320308,51.609608380119575],[29.099996772101395,51.61937904515377],[29.061677288324372,51.616439388669434],[28.980488401448916,51.56428575614354],[28.85107537246007,51.53195960439805],[28.798620195747347,51.50386096159303],[28.73182800516575,51.425434728036784],[28.68781940579167,51.43125207949462],[28.64274602633591,51.45032159069074],[28.589004181693547,51.53724881242861],[28.53026311163535,51.55441876783098],[28.4231514878942,51.555747927114865],[28.290816253452473,51.57386894048174],[28.183450956582,51.59947509290969],[28.14618487002686,51.59339129548748],[28.082271553421634,51.557304828577955],[28.011633061617527,51.551810603327354],[27.85805557041416,51.582912916355895],[27.832985321572497,51.570097261461484],[27.745957724638938,51.47607655806407],[27.698551946449683,51.47012570608927],[27.668980278773113,51.488128670072854],[27.679329167646976,51.55808144203498],[27.67223711862385,51.56970749250036],[27.59821742779015,51.59370232349006],[27.453543945638287,51.598064186795106],[27.347856427452466,51.586155322354365],[27.29349559533112,51.5899309083585],[27.26476718562657,51.607642421007725],[27.134948573863987,51.74483663115428],[27.073828040333495,51.75275936500889],[26.95268609463806,51.74601367562615],[26.77226067101547,51.76278920011688],[26.45167184483955,51.805632707566296],[26.390819266214063,51.83663891135397],[26.265484872474577,51.84718739207294],[25.92488851856145,51.905477910475675],[25.785013804757117,51.915831207296655],[25.57983067463876,51.916767468688874],[25.26763099990957,51.92971874190663],[25.068687627844373,51.92258447949996],[24.97443547317875,51.903151067985604],[24.867498103009453,51.89119325961792],[24.496287688591767,51.875095934589304],[24.367021289423036,51.86000068677592],[24.32928741443516,51.832265128905895],[24.285283581279938,51.76864721394514],[24.131722278376284,51.658294235054235],[23.98217439701476,51.584290084884074],[23.9500290893364,51.57715403074654],[23.860440957810283,51.61653592375749],[23.790007109030388,51.629182942623224],[23.705961195328246,51.63295832927409],[23.649295415541356,51.62113690824166],[23.62041002279031,51.606291562646],[23.621520643526207,51.52347215376346],[23.60923616884243,51.51098827524542],[23.600825395344437,51.511288685788266],[23.531932734959984,51.6168447544135],[23.53682112634003,51.71042972236818],[23.57454386552317,51.766632357345976],[23.614808576295555,51.81087277793621],[23.599516556079685,51.88091179825507],[23.64285046596075,51.974915918596864],[23.642962639242743,52.04013844997493],[23.627059266920565,52.064362107982824],[23.592451536536885,52.09656010018841],[23.497465335484346,52.1333140033202],[23.454296544089715,52.16233610234113],[23.32416355146039,52.20102170056451],[23.19347715883395,52.2497537896984],[23.167115011206896,52.28649276772908],[23.174333382066308,52.31096273265349],[23.19825107585261,52.3433195520077],[23.4064755154897,52.52282553542175],[23.47748433832469,52.55928444314276],[23.841661819722848,52.67190161125466],[23.893348985039452,52.708867948627734],[23.90707334704678,52.76942565883331],[23.901262817695773,52.9047807323084],[23.879487024090686,53.0247363480645],[23.85188390135726,53.108690751381715],[23.781781063729948,53.267893391468284],[23.59165016143927,53.595929937373825],[23.478342966881034,53.944669760680135],[23.485973090424363,53.94767320249986],[23.5616239645946,53.92772133554464],[23.73318890412426,53.92035174662924],[23.872560036191135,53.94370133242898],[23.944706983143398,53.94695081018184],[24.00854213270475,53.9397584045466],[24.19207394771874,53.95838749889346],[24.24071997499252,53.927091354524265],[24.32056000633129,53.9018807106833],[24.475777440163988,53.93940411364392],[24.619546959100028,53.987737698890484],[24.763666024779603,53.98371973690689],[24.782434613989924,54.00357026819357],[24.818961152812804,54.12330655518007],[24.8651702421171,54.15187985305616],[25.046184855595307,54.14158453762854],[25.107255178403598,54.16221654391273],[25.176124826879352,54.221500273083215],[25.281892238313432,54.25904513675012],[25.368798298795525,54.25949942260624],[25.463952141528264,54.30024412511279],[25.511712250162198,54.27015418917573],[25.534564286712182,54.218593918641616]]]}}]}