{"type":"FeatureCollection","features":[{"type":"Feature","properties":{"k":"bakhchysaraiskyi","o":"Автономна Республіка Крим"},"geometry":{"type":"Polygon","coordinates":[[[33.6127,44.9262],[33.6476,44.9317],[33.6486,44.9089],[33.6888,44.9137],[33.7157,44.897],[33.7411,44.9109],[33.7534,44.9081],[33.7533,44.8982],[33.8332,44.8987],[33.8348,44.9212],[33.8752,44.9208],[33.8988,44.9116],[33.8989,44.9027],[33.9197,44.9026],[33.9403,44.8799],[33.9575,44.8839],[33.9678,44.8732],[34.0114,44.8731],[34.0049,44.8576],[34.0394,44.8514],[34.037,44.8465],[34.054,44.8323],[34.0414,44.8268],[34.0309,44.8315],[34.0357,44.8278],[34.0261,44.8239],[34.0082,44.8335],[33.9998,44.8286],[34.0075,44.8155],[34.056,44.7831],[34.0744,44.7559],[34.1146,44.7297],[34.1266,44.7498],[34.174,44.7777],[34.2272,44.7793],[34.2298,44.7984],[34.2663,44.7947],[34.2807,44.7631],[34.2758,44.7489],[34.2313,44.7469],[34.1962,44.7196],[34.1651,44.7206],[34.1678,44.7067],[34.1815,44.7059],[34.1814,44.6932],[34.1909,44.6803],[34.2083,44.6745],[34.2037,44.6565],[34.2148,44.6239],[34.2074,44.6127],[34.2098,44.5908],[34.179,44.5672],[34.1257,44.5472],[34.1091,44.5193],[34.0493,44.5009],[34.0333,44.4739],[33.9939,44.4629],[33.9744,44.4448],[33.9784,44.4421],[33.9738,44.4368],[33.9164,44.4222],[33.8538,44.4234],[33.8147,44.4079],[33.7831,44.4066],[33.7852,44.3968],[33.7382,44.3874],[33.7273,44.3927],[33.7052,44.4218],[33.6759,44.4171],[33.6491,44.4267],[33.63,44.4794],[33.5952,44.4947],[33.6033,44.5001],[33.5992,44.5058],[33.6214,44.5163],[33.6,44.5187],[33.6003,44.5232],[33.5801,44.5165],[33.5789,44.5097],[33.5926,44.512],[33.5972,44.5033],[33.5938,44.4925],[33.5845,44.4901],[33.5548,44.4878],[33.5009,44.504],[33.4873,44.4979],[33.4685,44.5219],[33.4006,44.5594],[33.3786,44.5832],[33.4024,44.5908],[33.4016,44.5702],[33.4085,44.5776],[33.4116,44.5632],[33.4159,44.5878],[33.4264,44.5731],[33.4385,44.5727],[33.425,44.5813],[33.427,44.5933],[33.4219,44.5939],[33.436,44.5987],[33.4328,44.5843],[33.4455,44.571],[33.4516,44.5864],[33.4554,44.5716],[33.4626,44.57],[33.4743,44.5679],[33.4766,44.5753],[33.4861,44.5689],[33.5033,44.576],[33.5095,44.563],[33.5209,44.5618],[33.5284,44.5492],[33.5362,44.5505],[33.5307,44.5861],[33.5433,44.5905],[33.5704,44.5724],[33.581,44.5746],[33.5681,44.5907],[33.5779,44.6024],[33.5673,44.6074],[33.5699,44.6136],[33.6019,44.6099],[33.5675,44.6203],[33.5737,44.6279],[33.5602,44.6293],[33.5572,44.6455],[33.544,44.6402],[33.5373,44.6474],[33.5464,44.6727],[33.5489,44.7217],[33.5341,44.7915],[33.5503,44.8106],[33.5537,44.84],[33.5738,44.8378],[33.6014,44.8555],[33.6127,44.9262]],[[33.6018,44.5992],[33.604,44.5878],[33.6102,44.5879],[33.6018,44.5992]]]}},{"type":"Feature","properties":{"k":"bilohirskyi","o":"Автономна Республіка Крим"},"geometry":{"type":"MultiPolygon","coordinates":[[[[34.4751,44.8566],[34.4576,44.8635],[34.4565,44.8705],[34.4222,44.8658],[34.4076,44.8791],[34.4077,44.867],[34.3995,44.8788],[34.389,44.8806],[34.3869,44.8919],[34.3652,44.8896],[34.3572,44.9005],[34.3401,44.9075],[34.3504,44.8948],[34.3446,44.8972],[34.3439,44.8885],[34.3342,44.8862],[34.3033,44.9139],[34.3087,44.9255],[34.2902,44.9403],[34.3055,44.949],[34.3046,44.9587],[34.2881,44.9895],[34.2783,44.992],[34.2813,45.0448],[34.2752,45.0546],[34.2672,45.054],[34.2751,45.0639],[34.2744,45.0856],[34.2633,45.0841],[34.2616,45.0949],[34.2661,45.0933],[34.2649,45.1057],[34.2789,45.1064],[34.278,45.1122],[34.2531,45.1467],[34.2275,45.1416],[34.2132,45.1552],[34.2049,45.1511],[34.191,45.187],[34.1887,45.253],[34.2077,45.2557],[34.2094,45.2685],[34.2172,45.2664],[34.2182,45.2849],[34.2931,45.2864],[34.2936,45.2808],[34.3172,45.2805],[34.3195,45.2412],[34.3327,45.2088],[34.3824,45.2086],[34.3826,45.2167],[34.4335,45.2175],[34.449,45.2263],[34.5203,45.2249],[34.5224,45.21],[34.5453,45.2097],[34.5607,45.2268],[34.5543,45.2375],[34.5353,45.2395],[34.5338,45.2544],[34.5599,45.2545],[34.5594,45.304],[34.5437,45.3042],[34.5441,45.3298],[34.6092,45.3298],[34.6098,45.3519],[34.6021,45.3515],[34.6025,45.3875],[34.5814,45.3874],[34.5813,45.4063],[34.5372,45.4051],[34.5268,45.4356],[34.539,45.4464],[34.5499,45.4444],[34.5482,45.4503],[34.5693,45.453],[34.5495,45.4968],[34.5636,45.5046],[34.5635,45.5226],[34.5756,45.5224],[34.5744,45.5481],[34.5939,45.5581],[34.5854,45.563],[34.5945,45.5694],[34.6135,45.5569],[34.6139,45.5658],[34.6974,45.5665],[34.6978,45.5854],[34.7984,45.5839],[34.799,45.6023],[34.7599,45.6025],[34.7601,45.6106],[34.7178,45.6112],[34.7189,45.6247],[34.7304,45.6435],[34.8083,45.635],[34.8109,45.6649],[34.8352,45.6734],[34.8463,45.6915],[34.8563,45.6942],[34.8739,45.7138],[34.9135,45.6808],[34.937,45.6786],[34.9673,45.687],[34.9812,45.6826],[34.9907,45.6545],[35.0274,45.6374],[35.0397,45.6168],[35.0537,45.6082],[35.0719,45.5833],[35.0735,45.5776],[35.0532,45.6081],[35.0441,45.6119],[35.0394,45.6163],[35.0374,45.6194],[35.038,45.6124],[35.0294,45.6105],[35.0371,45.6078],[35.033,45.6071],[35.0365,45.6009],[35.0201,45.5855],[35.0567,45.5814],[35.0585,45.5728],[35.0308,45.5611],[35.0143,45.562],[35.0042,45.5004],[34.9221,45.4928],[34.9195,45.4655],[34.9267,45.4401],[34.843,45.4476],[34.8565,45.4286],[34.8011,45.4291],[34.8015,45.4219],[34.782,45.4218],[34.7774,45.4287],[34.7755,45.4217],[34.7583,45.4225],[34.78,45.3979],[34.8186,45.383],[34.8181,45.3721],[34.8076,45.3719],[34.8072,45.3588],[34.76,45.3591],[34.7598,45.3139],[34.7688,45.3138],[34.7679,45.287],[34.7272,45.2874],[34.7266,45.2696],[34.6983,45.2611],[34.6944,45.2388],[34.686,45.2371],[34.6833,45.2257],[34.675,45.2256],[34.6733,45.189],[34.6962,45.1891],[34.6992,45.2066],[34.7374,45.2157],[34.7386,45.224],[34.7704,45.224],[34.7692,45.1616],[34.7869,45.1614],[34.7923,45.1798],[34.8663,45.1784],[34.8658,45.1608],[34.8925,45.1604],[34.889,45.1335],[34.8642,45.1323],[34.8636,45.0804],[34.9241,45.0793],[34.9249,45.0672],[34.9134,45.0643],[34.9281,45.0482],[34.9699,45.0562],[34.9724,45.0457],[34.9586,45.0108],[34.9401,45.0084],[34.936,44.9969],[34.9259,45.0032],[34.9104,44.9932],[34.8943,45.0027],[34.8842,45.001],[34.8804,44.9482],[34.8305,44.932],[34.8384,44.9228],[34.8272,44.9137],[34.8107,44.9113],[34.8024,44.8995],[34.7571,44.8944],[34.7434,44.8811],[34.7303,44.8876],[34.7268,44.8976],[34.7029,44.9011],[34.6949,44.8895],[34.6938,44.8727],[34.6519,44.88],[34.6595,44.8731],[34.6434,44.8619],[34.6472,44.8592],[34.6088,44.8426],[34.6003,44.8562],[34.6081,44.8606],[34.5892,44.8654],[34.606,44.8768],[34.5721,44.8868],[34.538,44.8886],[34.538,44.8654],[34.5021,44.8682],[34.4751,44.8566]]],[[[35.0606,45.5759],[35.0615,45.5769],[35.0613,45.5747],[35.0606,45.5759]]],[[[35.0591,45.5783],[35.0595,45.5804],[35.061,45.5773],[35.0591,45.5783]]],[[[35.0594,45.584],[35.0564,45.583],[35.0574,45.5849],[35.0594,45.584]]],[[[35.0557,45.5843],[35.0514,45.5855],[35.0532,45.5874],[35.0557,45.5843]]],[[[35.0475,45.5883],[35.0459,45.5893],[35.0492,45.5881],[35.0475,45.5883]]],[[[35.0468,45.5916],[35.0485,45.5932],[35.0489,45.5913],[35.0468,45.5916]]],[[[35.045,45.611],[35.0429,45.6073],[35.0409,45.6121],[35.045,45.611]]],[[[35.0415,45.5872],[35.0413,45.586],[35.0382,45.5874],[35.0415,45.5872]]],[[[35.041,45.5989],[35.0392,45.6006],[35.041,45.6029],[35.041,45.5989]]],[[[35.0386,45.6016],[35.0359,45.6029],[35.0371,45.6049],[35.0386,45.6016]]],[[[35.0339,45.5931],[35.0382,45.5922],[35.0364,45.5914],[35.0339,45.5931]]],[[[35.0383,45.6102],[35.0373,45.6086],[35.0351,45.6114],[35.0383,45.6102]]],[[[35.0339,45.589],[35.0301,45.5886],[35.0287,45.5899],[35.0339,45.589]]],[[[35.0267,45.5861],[35.0273,45.588],[35.0285,45.5854],[35.0267,45.5861]]]]}},{"type":"Feature","properties":{"k":"dzhankoiskyi","o":"Автономна Республіка Крим"},"geometry":{"type":"MultiPolygon","coordinates":[[[[34.8739,45.7138],[34.8563,45.6942],[34.8463,45.6915],[34.8352,45.6734],[34.8109,45.6649],[34.8083,45.635],[34.7304,45.6435],[34.7189,45.6247],[34.7178,45.6112],[34.7601,45.6106],[34.7599,45.6025],[34.799,45.6023],[34.7984,45.5839],[34.6978,45.5854],[34.6974,45.5665],[34.6139,45.5658],[34.6135,45.5569],[34.5945,45.5694],[34.5854,45.563],[34.5939,45.5581],[34.5744,45.5481],[34.5756,45.5224],[34.5219,45.5222],[34.5173,45.543],[34.5073,45.5475],[34.4631,45.5475],[34.4632,45.5665],[34.4195,45.5678],[34.4186,45.561],[34.4045,45.5609],[34.4042,45.5499],[34.3292,45.55],[34.3352,45.5629],[34.2804,45.5599],[34.2741,45.5671],[34.2588,45.5649],[34.2492,45.5725],[34.2569,45.5772],[34.2567,45.6262],[34.1916,45.6277],[34.1829,45.5987],[34.1616,45.5991],[34.1611,45.5809],[34.1432,45.5815],[34.1416,45.6139],[34.1038,45.6139],[34.1038,45.6305],[34.0649,45.6325],[34.0644,45.6499],[34.0722,45.6497],[34.0785,45.6658],[34.1023,45.667],[34.104,45.6802],[34.1114,45.684],[34.1014,45.7187],[34.1016,45.7628],[34.1196,45.7626],[34.1229,45.7842],[34.1021,45.7853],[34.101,45.797],[34.0807,45.7987],[34.0804,45.8204],[34.104,45.8203],[34.1014,45.8567],[34.1549,45.854],[34.1548,45.8792],[34.1335,45.8794],[34.1329,45.9127],[34.0977,45.9086],[34.0933,45.9302],[34.1084,45.9409],[34.0956,45.9479],[34.087,45.9452],[34.0692,45.9586],[34.0758,45.9642],[34.0688,45.9617],[34.0686,45.9745],[34.0578,45.9858],[34.0869,45.9983],[34.0844,46.0117],[34.0945,46.0212],[34.0879,46.028],[34.0823,46.0174],[34.0721,46.0312],[34.0802,46.0518],[34.0441,46.0575],[34.0654,46.0811],[34.0605,46.0642],[34.0708,46.0677],[34.0759,46.0609],[34.082,46.0677],[34.0729,46.0708],[34.0827,46.074],[34.0915,46.0455],[34.1283,46.0374],[34.1304,46.0282],[34.1212,46.0252],[34.1578,46.0189],[34.167,46.0056],[34.145,45.9932],[34.1479,45.9893],[34.1681,46.0022],[34.1863,46.0018],[34.142,45.9697],[34.1266,45.9766],[34.133,45.9795],[34.1296,45.9831],[34.1013,45.9811],[34.1205,45.9534],[34.1509,45.9534],[34.1497,45.9379],[34.1681,45.9441],[34.182,45.9394],[34.1843,45.9315],[34.1809,45.9444],[34.1706,45.9474],[34.1924,45.9442],[34.2045,45.9552],[34.2147,45.9462],[34.2205,45.9492],[34.2067,45.9605],[34.2065,45.9803],[34.2009,45.9956],[34.1933,45.9976],[34.1989,46.003],[34.182,46.0122],[34.1868,46.0235],[34.1649,46.0266],[34.1752,46.019],[34.1695,46.0131],[34.161,46.0237],[34.1452,46.0282],[34.1341,46.0451],[34.1227,46.0466],[34.1265,46.0522],[34.1169,46.0535],[34.1236,46.0611],[34.1043,46.0504],[34.1092,46.0673],[34.1293,46.0635],[34.1355,46.0688],[34.1461,46.0497],[34.1581,46.0556],[34.1547,46.0609],[34.1669,46.0603],[34.1676,46.051],[34.1858,46.0516],[34.2125,46.0394],[34.2155,46.0463],[34.2406,46.0316],[34.2403,46.0198],[34.229,46.0229],[34.2262,46.0164],[34.2274,46.0108],[34.232,46.0074],[34.2316,46.0031],[34.2364,45.9979],[34.2378,45.9907],[34.2321,45.9891],[34.2287,45.9857],[34.2286,45.9841],[34.2252,45.9848],[34.2256,45.9815],[34.2354,45.9762],[34.2294,45.9854],[34.2393,45.9892],[34.2408,45.9947],[34.2525,45.9827],[34.2544,45.9846],[34.2473,45.989],[34.2466,45.9987],[34.2357,46.0015],[34.2409,46.0078],[34.2368,46.013],[34.2507,46.0204],[34.2562,46.0328],[34.2574,46.0204],[34.27,46.018],[34.2583,46.0352],[34.2824,46.0429],[34.2666,46.0465],[34.27,46.0497],[34.2792,46.0506],[34.2857,46.0423],[34.2751,46.0207],[34.2838,46.003],[34.3064,46.0024],[34.2939,45.9991],[34.3058,45.997],[34.3096,46.006],[34.3222,45.9948],[34.321,45.9885],[34.3358,45.9985],[34.3311,46.0066],[34.3374,46.0153],[34.328,46.0243],[34.3202,46.0255],[34.3127,46.021],[34.3191,46.0255],[34.3153,46.0272],[34.3222,46.0296],[34.3314,46.0234],[34.3326,46.0289],[34.3331,46.0263],[34.3465,46.031],[34.3435,46.038],[34.3231,46.039],[34.3379,46.0397],[34.3563,46.0369],[34.3737,46.024],[34.3658,46.0237],[34.3668,46.0166],[34.3735,46.0195],[34.3907,46.0092],[34.3928,45.986],[34.4057,45.9701],[34.4372,45.9481],[34.4215,45.9396],[34.4075,45.9424],[34.4203,45.9269],[34.4183,45.9212],[34.3984,45.9282],[34.4017,45.9172],[34.39,45.9175],[34.397,45.9358],[34.3851,45.9348],[34.3815,45.9202],[34.3883,45.9131],[34.3792,45.8992],[34.3949,45.9007],[34.4025,45.9106],[34.3947,45.9107],[34.4031,45.9134],[34.4137,45.8935],[34.3991,45.889],[34.4007,45.8842],[34.4189,45.89],[34.4149,45.9078],[34.4299,45.9082],[34.4347,45.8892],[34.4233,45.8741],[34.44,45.8908],[34.4343,45.8998],[34.4398,45.9184],[34.4355,45.9133],[34.4358,45.9292],[34.4301,45.9332],[34.438,45.9363],[34.4282,45.9343],[34.4479,45.9403],[34.4376,45.9395],[34.4404,45.9454],[34.4644,45.9355],[34.4746,45.9449],[34.4717,45.9351],[34.4898,45.9196],[34.4755,45.8957],[34.4839,45.88],[34.4729,45.8742],[34.4762,45.8614],[34.4932,45.8703],[34.4856,45.8729],[34.5092,45.8807],[34.5211,45.895],[34.5351,45.9239],[34.5248,45.929],[34.5687,45.9089],[34.5913,45.9163],[34.5926,45.9249],[34.5862,45.9249],[34.5897,45.9204],[34.5845,45.9169],[34.5543,45.9662],[34.5541,45.9752],[34.5587,45.9695],[34.5694,45.9792],[34.5521,45.9862],[34.5628,45.9869],[34.5908,45.9673],[34.6391,45.9496],[34.6489,45.9317],[34.6368,45.9183],[34.6217,45.9243],[34.6122,45.9173],[34.6185,45.8924],[34.6169,45.9062],[34.6321,45.9136],[34.6244,45.8852],[34.5554,45.8618],[34.5542,45.8421],[34.515,45.817],[34.5112,45.8041],[34.505,45.8027],[34.5058,45.809],[34.5012,45.8027],[34.4897,45.8062],[34.4859,45.7973],[34.4608,45.8023],[34.476,45.7925],[34.4704,45.7899],[34.4783,45.7879],[34.4742,45.782],[34.4952,45.7872],[34.5038,45.7854],[34.4948,45.7813],[34.5093,45.7821],[34.5023,45.7873],[34.5468,45.7929],[34.5792,45.8124],[34.5824,45.8157],[34.5703,45.8108],[34.5745,45.8182],[34.6063,45.8332],[34.6057,45.8397],[34.6564,45.8668],[34.7302,45.8831],[34.7607,45.8995],[34.7724,45.8744],[34.7587,45.8646],[34.7353,45.8778],[34.7154,45.8673],[34.7135,45.8743],[34.704,45.8651],[34.6744,45.855],[34.6598,45.7972],[34.751,45.8229],[34.7588,45.8152],[34.7656,45.8048],[34.7578,45.8149],[34.7419,45.8145],[34.7544,45.8067],[34.7542,45.7972],[34.7611,45.7938],[34.7575,45.8014],[34.7689,45.8029],[34.7836,45.7922],[34.7642,45.7723],[34.7501,45.7679],[34.7477,45.7662],[34.7399,45.7449],[34.7072,45.7465],[34.6738,45.7191],[34.6916,45.7158],[34.692,45.7096],[34.6965,45.7054],[34.7198,45.7073],[34.746,45.7213],[34.7779,45.7251],[34.7878,45.7331],[34.8773,45.7502],[34.8791,45.7445],[34.8613,45.7264],[34.8439,45.7223],[34.8739,45.7138]]],[[[34.7804,45.9017],[34.7822,45.897],[34.7779,45.9024],[34.7804,45.9017]]],[[[34.7778,45.7317],[34.7647,45.7303],[34.7819,45.7331],[34.7778,45.7317]]],[[[34.7636,45.7324],[34.7587,45.7334],[34.7513,45.7324],[34.7572,45.7342],[34.7636,45.7324]]],[[[34.7579,45.7702],[34.7604,45.7703],[34.7566,45.7694],[34.7579,45.7702]]],[[[34.7528,45.7637],[34.7488,45.7622],[34.7592,45.7682],[34.7528,45.7637]]],[[[34.7516,45.7662],[34.7539,45.7673],[34.749,45.7648],[34.7516,45.7662]]],[[[34.7504,45.8582],[34.751,45.8635],[34.7536,45.8619],[34.7504,45.8582]]],[[[34.7422,45.7299],[34.7406,45.7301],[34.7463,45.7306],[34.7422,45.7299]]],[[[34.7401,45.8249],[34.7228,45.825],[34.703,45.8172],[34.7196,45.8248],[34.7347,45.8275],[34.7401,45.8249]]],[[[34.736,45.73],[34.7404,45.7306],[34.7356,45.7289],[34.736,45.73]]],[[[34.7344,45.823],[34.7325,45.8224],[34.7362,45.8236],[34.7344,45.823]]],[[[34.7304,45.725],[34.7322,45.7273],[34.7328,45.7251],[34.7304,45.725]]],[[[34.6955,45.7105],[34.6941,45.7103],[34.6976,45.7108],[34.6955,45.7105]]],[[[34.5624,45.9768],[34.5642,45.9769],[34.5638,45.9756],[34.5624,45.9768]]],[[[34.5598,45.9792],[34.5551,45.9781],[34.5531,45.9742],[34.5534,45.9681],[34.5527,45.9738],[34.5557,45.9823],[34.5598,45.9792]]],[[[34.5491,45.8045],[34.5617,45.8085],[34.5521,45.8032],[34.5491,45.8045]]],[[[34.548,45.8046],[34.5401,45.8053],[34.5471,45.8061],[34.548,45.8046]]],[[[34.5082,45.7968],[34.4987,45.7973],[34.5088,45.803],[34.5082,45.7968]]],[[[34.5078,45.7954],[34.4888,45.7865],[34.4851,45.7881],[34.5078,45.7954]]],[[[34.4985,45.798],[34.4951,45.8003],[34.5,45.8011],[34.4985,45.798]]],[[[34.4908,45.7989],[34.4888,45.802],[34.4935,45.7999],[34.4908,45.7989]]],[[[34.4813,45.7968],[34.4934,45.7954],[34.4737,45.7976],[34.4813,45.7968]]],[[[34.4337,45.9394],[34.4279,45.9391],[34.4344,45.9433],[34.4337,45.9394]]],[[[34.3415,46.035],[34.328,46.0279],[34.3223,46.0339],[34.3224,46.0299],[34.3154,46.0309],[34.3242,46.0348],[34.3415,46.035]]],[[[34.33,46.0166],[34.3313,46.0177],[34.3329,46.0163],[34.33,46.0166]]],[[[34.3111,46.0197],[34.328,46.0141],[34.3155,46.0161],[34.3047,46.0081],[34.3111,46.0197]]],[[[34.3219,45.9995],[34.3178,46.003],[34.3229,46.0039],[34.3219,45.9995]]],[[[34.3196,46.0377],[34.3153,46.0322],[34.3161,46.0337],[34.3123,46.0378],[34.3196,46.0377]]],[[[34.3195,46.0218],[34.3209,46.0224],[34.3202,46.0205],[34.3195,46.0218]]],[[[34.3165,46.0202],[34.3183,46.0226],[34.3191,46.0197],[34.3165,46.0202]]],[[[34.3117,46.0278],[34.3139,46.0283],[34.3128,46.0271],[34.3117,46.0278]]],[[[34.3107,46.0357],[34.3138,46.0361],[34.3118,46.0349],[34.3107,46.0357]]],[[[34.3084,46.0198],[34.3104,46.0203],[34.3095,46.0189],[34.3084,46.0198]]],[[[34.3038,46.0348],[34.3033,46.0363],[34.3053,46.0338],[34.3038,46.0348]]],[[[34.2969,46.0338],[34.2949,46.0351],[34.2988,46.0344],[34.2969,46.0338]]],[[[34.2825,46.0056],[34.2834,46.0067],[34.2845,46.0051],[34.2825,46.0056]]],[[[34.2811,46.0089],[34.2824,46.011],[34.2827,46.0088],[34.2811,46.0089]]],[[[34.2608,46.0428],[34.2637,46.0407],[34.2572,46.0416],[34.2608,46.0428]]],[[[34.2544,46.0391],[34.2537,46.0404],[34.2556,46.0405],[34.2544,46.0391]]],[[[34.2486,46.0225],[34.247,46.0216],[34.2473,46.0233],[34.2486,46.0225]]],[[[34.247,46.0332],[34.2463,46.0293],[34.2448,46.0323],[34.247,46.0332]]],[[[34.2438,45.9963],[34.2447,45.9972],[34.2458,45.9957],[34.2438,45.9963]]],[[[34.242,46.0184],[34.2433,46.018],[34.241,46.0171],[34.242,46.0184]]],[[[34.2354,46.0109],[34.2282,46.0108],[34.2285,46.0164],[34.2331,46.0161],[34.2354,46.0109]]],[[[34.2103,46.0517],[34.2043,46.0535],[34.205,46.0545],[34.2103,46.0517]]],[[[34.1672,46.0698],[34.1625,46.0704],[34.1669,46.0726],[34.1672,46.0698]]],[[[34.1306,46.0421],[34.132,46.0426],[34.1315,46.0413],[34.1306,46.0421]]],[[[34.1274,46.0417],[34.1287,46.0395],[34.1272,46.0397],[34.1274,46.0417]]],[[[34.0843,46.0843],[34.0808,46.1008],[34.0742,46.11],[34.0823,46.1077],[34.0943,46.086],[34.0843,46.0843]]],[[[34.0746,46.0758],[34.07,46.0704],[34.0687,46.0755],[34.0746,46.0758]]]]}},{"type":"Feature","properties":{"k":"yevpatoriiskyi","o":"Автономна Республіка Крим"},"geometry":{"type":"Polygon","coordinates":[[[33.1008,45.7132],[33.1014,45.6961],[33.1258,45.697],[33.127,45.68],[33.1129,45.6787],[33.1155,45.6619],[33.2053,45.6595],[33.2051,45.6082],[33.2295,45.6077],[33.2334,45.5573],[33.3214,45.5535],[33.3199,45.5121],[33.3357,45.4792],[33.3755,45.4785],[33.3616,45.5264],[33.3942,45.5254],[33.3928,45.507],[33.4491,45.5032],[33.4492,45.5099],[33.4651,45.5089],[33.4597,45.464],[33.4443,45.4654],[33.4428,45.4561],[33.4308,45.456],[33.4319,45.4321],[33.5022,45.4332],[33.5089,45.4472],[33.5515,45.4445],[33.5511,45.4339],[33.5773,45.4332],[33.5743,45.4025],[33.5976,45.4026],[33.5969,45.4267],[33.6088,45.4271],[33.6076,45.4354],[33.6413,45.4335],[33.6404,45.4395],[33.6502,45.4429],[33.6794,45.4458],[33.6829,45.4332],[33.7048,45.431],[33.7074,45.4164],[33.7333,45.4176],[33.7387,45.4391],[33.818,45.4404],[33.8177,45.4242],[33.8022,45.4242],[33.8027,45.3982],[33.9048,45.3983],[33.9191,45.3552],[33.9161,45.335],[33.8917,45.3345],[33.8848,45.2895],[33.9143,45.2898],[33.9566,45.191],[33.8965,45.1905],[33.8976,45.163],[33.9152,45.1605],[33.9149,45.1321],[33.8993,45.132],[33.8984,45.1057],[33.848,45.1025],[33.847,45.0942],[33.7743,45.0947],[33.7723,45.0768],[33.7982,45.0761],[33.7983,45.0437],[33.6758,45.0384],[33.6818,44.9876],[33.6043,44.9917],[33.5875,45.0405],[33.5642,45.0813],[33.5108,45.1353],[33.4436,45.1793],[33.3873,45.1978],[33.3745,45.192],[33.3795,45.1859],[33.3434,45.1734],[33.3043,45.1733],[33.2832,45.1483],[33.2598,45.148],[33.228,45.1743],[33.186,45.1843],[33.1487,45.2033],[33.1369,45.2192],[33.108,45.234],[33.0643,45.2764],[32.9791,45.3317],[32.9126,45.3599],[32.8552,45.3688],[32.7547,45.3652],[32.6523,45.3154],[32.6225,45.3196],[32.6002,45.3301],[32.5798,45.3291],[32.4935,45.3472],[32.513,45.3611],[32.5148,45.3716],[32.506,45.3839],[32.4804,45.3899],[32.4809,45.4012],[32.5638,45.4699],[32.6921,45.5228],[32.6987,45.5159],[32.6897,45.5094],[32.7099,45.5153],[32.7113,45.5285],[32.79,45.5616],[32.804,45.5533],[32.8194,45.5589],[32.8296,45.5477],[32.8374,45.5579],[32.8275,45.5554],[32.8414,45.5644],[32.8454,45.5752],[32.8397,45.5834],[32.821,45.5839],[32.828,45.5917],[32.9563,45.6611],[33.1008,45.7132]]]}},{"type":"Feature","properties":{"k":"kerchynskyi","o":"Автономна Республіка Крим"},"geometry":{"type":"MultiPolygon","coordinates":[[[[35.6158,45.1268],[35.529,45.1298],[35.5307,45.1423],[35.5148,45.1697],[35.4297,45.1718],[35.4261,45.2149],[35.4647,45.2183],[35.4549,45.2591],[35.4594,45.2564],[35.473,45.2594],[35.4655,45.26],[35.4637,45.2708],[35.4817,45.2685],[35.4649,45.278],[35.4767,45.2949],[35.4216,45.3154],[35.4124,45.3102],[35.4207,45.3064],[35.413,45.3049],[35.4289,45.3036],[35.4159,45.3016],[35.4094,45.3077],[35.385,45.3412],[35.3388,45.3747],[35.3601,45.3546],[35.3475,45.3568],[35.3234,45.3912],[35.3153,45.3946],[35.3068,45.3892],[35.2958,45.4095],[35.2241,45.4852],[35.1797,45.5273],[35.1503,45.5444],[35.1299,45.5719],[35.0928,45.5973],[35.093,45.6037],[35.0858,45.6061],[35.092,45.6068],[35.0886,45.6113],[35.0729,45.6243],[35.0625,45.623],[35.0291,45.6736],[35.017,45.6817],[35.0062,45.6805],[34.9695,45.7547],[34.9402,45.7828],[34.9206,45.8325],[34.9303,45.8325],[35.0113,45.7101],[35.0607,45.6475],[35.113,45.5929],[35.2002,45.5184],[35.2697,45.4429],[35.3916,45.3438],[35.4574,45.3069],[35.5183,45.2843],[35.5298,45.2838],[35.6075,45.3146],[35.7208,45.335],[35.729,45.3426],[35.7282,45.3518],[35.7612,45.3734],[35.7623,45.3826],[35.7484,45.3879],[35.7488,45.3938],[35.8192,45.4316],[35.8284,45.4457],[35.82,45.4499],[35.8207,45.4612],[35.8452,45.473],[35.8722,45.4667],[35.8689,45.4587],[35.8456,45.4481],[35.8739,45.4157],[35.922,45.3868],[35.979,45.3705],[36.0168,45.3731],[36.0506,45.3869],[36.0724,45.4069],[36.0726,45.442],[36.1256,45.4622],[36.2844,45.4815],[36.3259,45.4704],[36.3395,45.4751],[36.3442,45.4835],[36.3574,45.4708],[36.414,45.4458],[36.4333,45.4471],[36.4465,45.4588],[36.4762,45.4563],[36.5283,45.4274],[36.5534,45.4235],[36.5676,45.4282],[36.567,45.4365],[36.5737,45.4405],[36.596,45.4378],[36.6135,45.4221],[36.6076,45.4092],[36.6462,45.383],[36.6284,45.375],[36.6316,45.3638],[36.6246,45.3632],[36.6296,45.3619],[36.6099,45.3576],[36.5968,45.3463],[36.5367,45.3461],[36.5375,45.3504],[36.519,45.3524],[36.4998,45.3638],[36.479,45.3592],[36.4768,45.3539],[36.4829,45.3529],[36.4736,45.3479],[36.4714,45.3318],[36.4778,45.322],[36.4939,45.3179],[36.4793,45.3054],[36.4333,45.2962],[36.4175,45.2845],[36.4154,45.2747],[36.4294,45.2661],[36.4207,45.2654],[36.4289,45.2579],[36.4081,45.2602],[36.4264,45.2546],[36.4137,45.243],[36.4321,45.2592],[36.4335,45.2694],[36.4272,45.2772],[36.4372,45.2703],[36.4336,45.2585],[36.4218,45.2453],[36.421,45.2371],[36.4017,45.2121],[36.4058,45.1741],[36.4166,45.1637],[36.4205,45.1364],[36.4301,45.1186],[36.4526,45.1054],[36.4527,45.0964],[36.4245,45.0781],[36.3745,45.0592],[36.2591,45.052],[36.2253,45.0282],[36.0311,45.0503],[36.0016,45.042],[35.9841,45.0258],[35.9536,45.0132],[35.9115,45.0202],[35.8384,44.9995],[35.8301,45.0042],[35.8357,45.0081],[35.8329,45.0137],[35.8121,45.0223],[35.8169,45.0343],[35.809,45.0445],[35.7765,45.0689],[35.7276,45.0935],[35.6158,45.1268]]],[[[36.5257,45.2888],[36.5539,45.2669],[36.5773,45.2497],[36.5505,45.2614],[36.5257,45.2888]]],[[[36.5239,45.2899],[36.5236,45.2886],[36.5183,45.2904],[36.5239,45.2899]]],[[[35.4572,45.271],[35.4644,45.2787],[35.4618,45.2731],[35.4572,45.271]]],[[[35.3642,45.3398],[35.3591,45.3489],[35.3599,45.3508],[35.3664,45.347],[35.3642,45.3398]]],[[[35.0947,45.5854],[35.0875,45.5936],[35.0859,45.6007],[35.0947,45.5854]]],[[[35.0837,45.603],[35.0827,45.6114],[35.0849,45.6016],[35.0837,45.603]]]]}},{"type":"Feature","properties":{"k":"kurmanskyi","o":"Автономна Республіка Крим"},"geometry":{"type":"Polygon","coordinates":[[[34.5635,45.5226],[34.5636,45.5046],[34.5495,45.4968],[34.5693,45.453],[34.5482,45.4503],[34.5499,45.4444],[34.539,45.4464],[34.5268,45.4356],[34.5372,45.4051],[34.5813,45.4063],[34.5814,45.3874],[34.6025,45.3875],[34.6021,45.3515],[34.6098,45.3519],[34.6092,45.3298],[34.5441,45.3298],[34.5437,45.3042],[34.5594,45.304],[34.5599,45.2545],[34.5338,45.2544],[34.5353,45.2395],[34.5543,45.2375],[34.5607,45.2268],[34.5453,45.2097],[34.5224,45.21],[34.5203,45.2249],[34.449,45.2263],[34.4335,45.2175],[34.3826,45.2167],[34.3824,45.2086],[34.3327,45.2088],[34.3195,45.2412],[34.3172,45.2805],[34.2936,45.2808],[34.2931,45.2864],[34.2182,45.2849],[34.2172,45.2664],[34.2094,45.2685],[34.2077,45.2557],[34.1887,45.253],[34.1873,45.2255],[34.086,45.2276],[34.0983,45.248],[34.0693,45.248],[34.0684,45.2323],[34.0213,45.2331],[34.0185,45.2174],[34.0019,45.2176],[34.0002,45.1906],[33.9747,45.1908],[33.9745,45.2358],[33.9807,45.2447],[33.9348,45.2446],[33.9143,45.2898],[33.8848,45.2895],[33.8917,45.3345],[33.9161,45.335],[33.9191,45.3552],[33.9048,45.3983],[33.8027,45.3982],[33.8022,45.4242],[33.8177,45.4242],[33.818,45.4404],[33.7387,45.4391],[33.7333,45.4176],[33.7074,45.4164],[33.7048,45.431],[33.6829,45.4332],[33.6794,45.4458],[33.6502,45.4429],[33.6471,45.4728],[33.5268,45.4776],[33.5401,45.5191],[33.5392,45.5583],[33.5299,45.5586],[33.5346,45.5726],[33.5754,45.5872],[33.579,45.6281],[33.6001,45.6284],[33.6059,45.7481],[33.6593,45.7482],[33.6577,45.7212],[33.6975,45.721],[33.6966,45.7048],[33.7153,45.7038],[33.7052,45.7205],[33.7047,45.7342],[33.7451,45.7488],[33.7342,45.7729],[33.7689,45.7763],[33.7687,45.8065],[33.8115,45.8084],[33.8135,45.8029],[33.8806,45.7978],[33.882,45.7854],[33.8963,45.7826],[33.9729,45.7869],[33.9744,45.768],[33.9995,45.7671],[34.0136,45.767],[34.0312,45.7805],[34.0146,45.7847],[34.0147,45.8049],[34.101,45.797],[34.1021,45.7853],[34.1229,45.7842],[34.1196,45.7626],[34.1016,45.7628],[34.1014,45.7187],[34.1114,45.684],[34.104,45.6802],[34.1023,45.667],[34.0785,45.6658],[34.0722,45.6497],[34.0644,45.6499],[34.0649,45.6325],[34.1038,45.6305],[34.1038,45.6139],[34.1416,45.6139],[34.1432,45.5815],[34.1611,45.5809],[34.1616,45.5991],[34.1829,45.5987],[34.1916,45.6277],[34.2567,45.6262],[34.2569,45.5772],[34.2492,45.5725],[34.2588,45.5649],[34.2741,45.5671],[34.2804,45.5599],[34.3352,45.5629],[34.3292,45.55],[34.4042,45.5499],[34.4045,45.5609],[34.4186,45.561],[34.4195,45.5678],[34.4632,45.5665],[34.4631,45.5475],[34.5073,45.5475],[34.5173,45.543],[34.5219,45.5222],[34.5635,45.5226]]]}},{"type":"Feature","properties":{"k":"perekopskyi","o":"Автономна Республіка Крим"},"geometry":{"type":"MultiPolygon","coordinates":[[[[34.0654,46.0811],[34.0441,46.0575],[34.0802,46.0518],[34.0721,46.0312],[34.0823,46.0174],[34.0879,46.028],[34.0945,46.0212],[34.0844,46.0117],[34.0869,45.9983],[34.0624,45.9907],[34.0592,45.9795],[34.0686,45.9745],[34.0688,45.9617],[34.0758,45.9642],[34.0692,45.9586],[34.087,45.9452],[34.0956,45.9479],[34.1084,45.9409],[34.0933,45.9302],[34.0977,45.9086],[34.1329,45.9127],[34.1335,45.8794],[34.1548,45.8792],[34.1549,45.854],[34.1014,45.8567],[34.104,45.8203],[34.0804,45.8204],[34.0807,45.8027],[34.0147,45.8049],[34.0146,45.7847],[34.0312,45.7805],[34.0136,45.767],[33.9744,45.768],[33.9729,45.7869],[33.8963,45.7826],[33.882,45.7854],[33.8806,45.7978],[33.8135,45.8029],[33.8115,45.8084],[33.7687,45.8065],[33.7689,45.7763],[33.7342,45.7729],[33.7451,45.7488],[33.7047,45.7342],[33.7052,45.7205],[33.7153,45.7038],[33.6966,45.7048],[33.6975,45.721],[33.6577,45.7212],[33.6593,45.7482],[33.6059,45.7481],[33.6001,45.6284],[33.579,45.6281],[33.5754,45.5872],[33.5346,45.5726],[33.5299,45.5586],[33.5392,45.5583],[33.5401,45.5191],[33.5268,45.4776],[33.6471,45.4728],[33.65,45.4407],[33.6404,45.4395],[33.6413,45.4335],[33.6076,45.4354],[33.6088,45.4271],[33.5969,45.4267],[33.5976,45.4026],[33.5743,45.4025],[33.5773,45.4332],[33.5511,45.4339],[33.5515,45.4445],[33.5089,45.4472],[33.5022,45.4332],[33.4319,45.4321],[33.4308,45.456],[33.4428,45.4561],[33.4443,45.4654],[33.4597,45.464],[33.4651,45.5089],[33.4492,45.5099],[33.4491,45.5032],[33.3928,45.507],[33.3942,45.5254],[33.3616,45.5264],[33.3755,45.4785],[33.3357,45.4792],[33.3199,45.5121],[33.3214,45.5535],[33.2334,45.5573],[33.2295,45.6077],[33.2051,45.6082],[33.2053,45.6595],[33.1155,45.6619],[33.1129,45.6787],[33.127,45.68],[33.1258,45.697],[33.1014,45.6961],[33.1008,45.7132],[33.1378,45.719],[33.1537,45.7325],[33.1717,45.8019],[33.1792,45.8075],[33.1832,45.8057],[33.1723,45.7998],[33.1688,45.79],[33.1784,45.7756],[33.204,45.7593],[33.2383,45.7509],[33.3516,45.7839],[33.4279,45.8353],[33.4967,45.8577],[33.4938,45.8509],[33.5026,45.8403],[33.5267,45.848],[33.5356,45.845],[33.5378,45.8348],[33.5435,45.8356],[33.5667,45.8686],[33.5801,45.8677],[33.5957,45.8839],[33.6136,45.8903],[33.6395,45.8728],[33.6589,45.8715],[33.6598,45.8639],[33.6825,45.8498],[33.6786,45.8441],[33.683,45.8431],[33.6868,45.8542],[33.6791,45.9062],[33.688,45.9123],[33.6948,45.9064],[33.7287,45.9277],[33.757,45.928],[33.7592,45.9349],[33.7514,45.9498],[33.691,45.9564],[33.6555,45.9549],[33.635,45.9422],[33.6183,45.9467],[33.632,45.9664],[33.6147,46.0528],[33.6253,46.0703],[33.6427,46.0797],[33.6172,46.1216],[33.6158,46.1346],[33.6367,46.1402],[33.6153,46.2264],[33.646,46.2297],[33.6657,46.2212],[33.6855,46.2015],[33.7006,46.1997],[33.7122,46.1805],[33.6987,46.1703],[33.7291,46.1716],[33.7242,46.1577],[33.7383,46.1484],[33.7362,46.1389],[33.7422,46.1432],[33.7497,46.1358],[33.7716,46.144],[33.7807,46.1381],[33.7748,46.1355],[33.7803,46.1276],[33.773,46.1263],[33.7998,46.1189],[33.8139,46.1314],[33.8137,46.1439],[33.8228,46.1453],[33.826,46.1492],[33.8116,46.1481],[33.8095,46.1744],[33.8037,46.1789],[33.8279,46.1841],[33.835,46.1802],[33.8223,46.1803],[33.8225,46.1719],[33.8444,46.1614],[33.8488,46.1655],[33.8325,46.1757],[33.8458,46.1727],[33.8608,46.1589],[33.8645,46.1397],[33.8394,46.1202],[33.8466,46.11],[33.8336,46.1087],[33.8352,46.1108],[33.827,46.1199],[33.8225,46.1048],[33.8111,46.1007],[33.8008,46.0867],[33.8134,46.1003],[33.829,46.1054],[33.8487,46.1034],[33.877,46.0887],[33.8906,46.0753],[33.8923,46.0562],[33.9012,46.0461],[33.8851,46.0454],[33.8849,46.0373],[33.8724,46.034],[33.882,46.0275],[33.8933,46.0368],[33.9048,46.026],[33.9014,46.0202],[33.9136,46.0339],[33.9065,46.0519],[33.9111,46.0633],[33.9351,46.0725],[33.9483,46.0624],[33.9354,46.0639],[33.9423,46.0471],[33.9274,46.0469],[33.9442,46.0447],[33.9513,46.0353],[33.9364,46.0399],[33.9646,46.0292],[33.9572,46.0068],[33.9656,46.0287],[33.9807,46.0216],[33.9913,46.0289],[33.9691,46.0296],[33.9441,46.0561],[33.978,46.0659],[33.9983,46.0623],[33.984,46.0733],[33.9758,46.0667],[33.9715,46.0748],[33.9698,46.068],[33.9589,46.064],[33.9604,46.0751],[33.9507,46.0718],[33.9331,46.0828],[33.9409,46.0829],[33.9442,46.0938],[34.0211,46.1016],[34.0654,46.0811]]],[[[33.9272,46.0984],[33.9288,46.0832],[33.9228,46.0817],[33.9068,46.1009],[33.9272,46.0984]]],[[[33.6408,45.9442],[33.6439,45.9453],[33.6429,45.9438],[33.6408,45.9442]]],[[[33.5405,45.8799],[33.5236,45.8678],[33.5425,45.8816],[33.5405,45.8799]]],[[[33.5088,45.8575],[33.5122,45.8546],[33.5067,45.8564],[33.5088,45.8575]]],[[[33.5056,45.8543],[33.5076,45.8527],[33.5042,45.8564],[33.5056,45.8543]]]]}},{"type":"Feature","properties":{"k":"simferopolskyi","o":"Автономна Республіка Крим"},"geometry":{"type":"Polygon","coordinates":[[[34.2807,44.7631],[34.2663,44.7947],[34.2298,44.7984],[34.2272,44.7793],[34.174,44.7777],[34.1266,44.7498],[34.1146,44.7297],[34.0744,44.7559],[34.056,44.7831],[34.0075,44.8155],[33.9998,44.8286],[34.0082,44.8335],[34.0261,44.8239],[34.0357,44.8278],[34.0309,44.8315],[34.0414,44.8268],[34.054,44.8323],[34.037,44.8465],[34.0394,44.8514],[34.0049,44.8576],[34.0114,44.8731],[33.9678,44.8732],[33.9575,44.8839],[33.9403,44.8799],[33.9197,44.9026],[33.8989,44.9027],[33.8988,44.9116],[33.8752,44.9208],[33.8348,44.9212],[33.8332,44.8987],[33.7533,44.8982],[33.7534,44.9081],[33.7411,44.9109],[33.7157,44.897],[33.6888,44.9137],[33.6486,44.9089],[33.6476,44.9317],[33.6127,44.9262],[33.5984,44.9751],[33.6053,44.9802],[33.6043,44.9917],[33.6818,44.9876],[33.6758,45.0384],[33.7983,45.0437],[33.7982,45.0761],[33.7723,45.0768],[33.7743,45.0947],[33.847,45.0942],[33.848,45.1025],[33.8984,45.1057],[33.8993,45.132],[33.9149,45.1321],[33.9152,45.1605],[33.8976,45.163],[33.8965,45.1905],[33.9566,45.191],[33.9348,45.2446],[33.9807,45.2447],[33.9745,45.2358],[33.9747,45.1908],[34.0002,45.1906],[34.0019,45.2176],[34.0185,45.2174],[34.0213,45.2331],[34.0684,45.2323],[34.0693,45.248],[34.0983,45.248],[34.086,45.2276],[34.1911,45.2252],[34.191,45.187],[34.2049,45.1511],[34.2132,45.1552],[34.2275,45.1416],[34.2531,45.1467],[34.278,45.1122],[34.2789,45.1064],[34.2649,45.1057],[34.2661,45.0933],[34.2616,45.0949],[34.2633,45.0841],[34.2744,45.0856],[34.2751,45.0639],[34.2672,45.054],[34.2752,45.0546],[34.2813,45.0448],[34.2783,44.992],[34.2881,44.9895],[34.3046,44.9587],[34.3055,44.949],[34.2902,44.9403],[34.3087,44.9255],[34.3033,44.9139],[34.3342,44.8862],[34.3439,44.8885],[34.3446,44.8972],[34.3504,44.8948],[34.3401,44.9075],[34.3572,44.9005],[34.3652,44.8896],[34.3869,44.8919],[34.389,44.8806],[34.3995,44.8788],[34.4077,44.867],[34.4076,44.8791],[34.4222,44.8658],[34.4565,44.8705],[34.4576,44.8635],[34.4798,44.8538],[34.4772,44.8373],[34.426,44.8126],[34.4045,44.7939],[34.3848,44.7924],[34.3799,44.788],[34.3828,44.7783],[34.3327,44.7486],[34.3198,44.751],[34.3102,44.7717],[34.3023,44.769],[34.3059,44.7655],[34.3009,44.761],[34.2946,44.7602],[34.293,44.7668],[34.2807,44.7631]]]}},{"type":"Feature","properties":{"k":"feodosiiskyi","o":"Автономна Республіка Крим"},"geometry":{"type":"MultiPolygon","coordinates":[[[[34.724,44.8488],[34.7571,44.8944],[34.8024,44.8995],[34.8107,44.9113],[34.8272,44.9137],[34.8384,44.9228],[34.8305,44.932],[34.8804,44.9482],[34.8842,45.001],[34.8943,45.0027],[34.9104,44.9932],[34.9259,45.0032],[34.936,44.9969],[34.9401,45.0084],[34.9586,45.0108],[34.9724,45.0457],[34.9659,45.0588],[34.9281,45.0482],[34.9134,45.0643],[34.9249,45.0672],[34.9241,45.0793],[34.8636,45.0804],[34.8642,45.1323],[34.889,45.1335],[34.8925,45.1604],[34.8658,45.1608],[34.8663,45.1784],[34.7923,45.1798],[34.7869,45.1614],[34.7692,45.1616],[34.7704,45.224],[34.7386,45.224],[34.7374,45.2157],[34.6992,45.2066],[34.6962,45.1891],[34.6733,45.189],[34.675,45.2256],[34.6833,45.2257],[34.686,45.2371],[34.6944,45.2388],[34.6983,45.2611],[34.7266,45.2696],[34.7272,45.2874],[34.7679,45.287],[34.7688,45.3138],[34.7598,45.3139],[34.76,45.3591],[34.8072,45.3588],[34.8076,45.3719],[34.8181,45.3721],[34.8186,45.383],[34.78,45.3979],[34.7583,45.4225],[34.7755,45.4217],[34.7774,45.4287],[34.782,45.4218],[34.8015,45.4219],[34.8011,45.4291],[34.8565,45.4286],[34.843,45.4476],[34.9267,45.4401],[34.9195,45.4655],[34.9221,45.4928],[35.0042,45.5004],[35.0143,45.562],[35.0308,45.5611],[35.0527,45.5697],[35.0695,45.564],[35.065,45.5615],[35.0783,45.5569],[35.0707,45.5509],[35.0752,45.5406],[35.0705,45.5412],[35.0753,45.534],[35.0887,45.5342],[35.0948,45.5062],[35.0995,45.5035],[35.0953,45.499],[35.1096,45.4869],[35.0847,45.4652],[35.0435,45.4542],[35.0047,45.431],[35.0089,45.4237],[35.0028,45.3967],[34.98,45.3984],[34.9504,45.3792],[34.978,45.3591],[35.0605,45.3629],[35.0685,45.3739],[35.0515,45.3945],[35.0429,45.4128],[35.0809,45.3638],[35.125,45.3381],[35.1458,45.3333],[35.1644,45.3445],[35.2034,45.3408],[35.2759,45.3048],[35.3544,45.2818],[35.3646,45.2723],[35.3106,45.2569],[35.3174,45.2555],[35.3163,45.2492],[35.3497,45.2514],[35.3648,45.2438],[35.3834,45.2594],[35.4108,45.2569],[35.4532,45.2682],[35.4577,45.2612],[35.448,45.2575],[35.4549,45.2591],[35.4647,45.2183],[35.4261,45.2149],[35.4297,45.1718],[35.5148,45.1697],[35.5307,45.1423],[35.529,45.1298],[35.5385,45.1269],[35.4634,45.1055],[35.4238,45.084],[35.3946,45.0596],[35.3841,45.0321],[35.4253,45.0135],[35.3571,44.9874],[35.3536,44.9754],[35.3696,44.9551],[35.3909,44.9544],[35.3837,44.9473],[35.3534,44.9565],[35.3536,44.9628],[35.3428,44.9665],[35.3137,44.97],[35.2945,44.9616],[35.2911,44.9671],[35.2633,44.9663],[35.2478,44.9546],[35.2531,44.938],[35.2397,44.9182],[35.1876,44.9088],[35.1577,44.8938],[35.1362,44.8587],[35.1302,44.8238],[35.0823,44.7923],[35.0474,44.801],[35.0509,44.8153],[35.0305,44.8302],[35.0011,44.8357],[34.9888,44.8301],[34.9876,44.8353],[34.9654,44.841],[34.9188,44.8302],[34.9192,44.8227],[34.91,44.8213],[34.9097,44.816],[34.9053,44.8209],[34.8913,44.816],[34.8736,44.8224],[34.8453,44.8152],[34.8068,44.8202],[34.7324,44.8123],[34.7238,44.8281],[34.724,44.8488]]],[[[35.3718,45.264],[35.3643,45.2718],[35.3776,45.2622],[35.3718,45.264]]],[[[35.0962,45.5111],[35.0968,45.5137],[35.0982,45.5109],[35.0962,45.5111]]],[[[35.0727,45.5774],[35.0869,45.5551],[35.0971,45.5293],[35.0858,45.556],[35.0746,45.5666],[35.0727,45.5774]]],[[[35.0819,45.5426],[35.0821,45.545],[35.0833,45.542],[35.0819,45.5426]]],[[[35.0795,45.5407],[35.0801,45.5423],[35.0813,45.5408],[35.0795,45.5407]]],[[[35.0794,45.5501],[35.0804,45.5535],[35.0807,45.5495],[35.0794,45.5501]]],[[[35.0746,45.5624],[35.0765,45.5608],[35.0721,45.564],[35.0746,45.5624]]],[[[35.0751,45.5507],[35.0747,45.5535],[35.0763,45.55],[35.0751,45.5507]]],[[[35.065,45.5696],[35.0637,45.5725],[35.0671,45.568],[35.065,45.5696]]],[[[35.0623,45.5671],[35.0619,45.5712],[35.0641,45.5674],[35.0623,45.5671]]],[[[35.0409,45.4173],[35.045,45.3994],[35.037,45.4214],[35.0411,45.4048],[35.0585,45.3795],[35.0394,45.4042],[35.0331,45.4302],[35.0409,45.4173]]],[[[35.0576,45.5715],[35.057,45.5693],[35.0547,45.5716],[35.0576,45.5715]]],[[[35.046,45.3912],[35.0416,45.3979],[35.0482,45.3892],[35.046,45.3912]]],[[[35.0438,45.3909],[35.0407,45.3947],[35.0476,45.3878],[35.0438,45.3909]]],[[[35.038,45.3971],[35.0332,45.403],[35.0412,45.3955],[35.038,45.3971]]],[[[35.0318,45.4255],[35.0319,45.4302],[35.0303,45.4176],[35.0275,45.4358],[35.0325,45.4316],[35.0318,45.4255]]]]}},{"type":"Feature","properties":{"k":"yaltynskyi","o":"Автономна Республіка Крим"},"geometry":{"type":"Polygon","coordinates":[[[33.7574,44.3909],[33.7852,44.3968],[33.7831,44.4066],[33.8147,44.4079],[33.8538,44.4234],[33.9164,44.4222],[33.9768,44.4381],[33.9744,44.4448],[33.9939,44.4629],[34.0333,44.4739],[34.0493,44.5009],[34.1091,44.5193],[34.1257,44.5472],[34.1421,44.5569],[34.1565,44.5553],[34.2098,44.5908],[34.2074,44.6127],[34.2148,44.6239],[34.2037,44.6565],[34.2083,44.6745],[34.1909,44.6803],[34.1814,44.6932],[34.1815,44.7059],[34.1678,44.7067],[34.1651,44.7206],[34.1962,44.7196],[34.2313,44.7469],[34.2758,44.7489],[34.2837,44.7652],[34.3009,44.761],[34.3059,44.7655],[34.3023,44.769],[34.3102,44.7717],[34.3198,44.751],[34.3327,44.7486],[34.3828,44.7783],[34.3799,44.788],[34.3848,44.7924],[34.4045,44.7939],[34.426,44.8126],[34.4772,44.8373],[34.4798,44.8538],[34.4751,44.8566],[34.4867,44.865],[34.538,44.8654],[34.538,44.8886],[34.5721,44.8868],[34.606,44.8768],[34.5892,44.8654],[34.6081,44.8606],[34.6003,44.8562],[34.6088,44.8426],[34.6472,44.8592],[34.6434,44.8619],[34.6595,44.8731],[34.6519,44.88],[34.6938,44.8727],[34.6949,44.8895],[34.7029,44.9011],[34.7268,44.8976],[34.7303,44.8876],[34.7434,44.8811],[34.724,44.8488],[34.7238,44.8281],[34.7324,44.8123],[34.67,44.7878],[34.6045,44.7728],[34.5864,44.7596],[34.5538,44.7533],[34.5332,44.739],[34.4598,44.7122],[34.4164,44.674],[34.3995,44.6396],[34.3757,44.6123],[34.3702,44.5915],[34.3494,44.583],[34.3471,44.5488],[34.3066,44.5532],[34.2765,44.5403],[34.2717,44.5254],[34.2508,44.5068],[34.1831,44.4992],[34.1693,44.4912],[34.1684,44.4955],[34.1263,44.4287],[34.0647,44.4226],[34.0345,44.4056],[34.0182,44.4078],[33.9705,44.3917],[33.8615,44.407],[33.7772,44.3864],[33.7574,44.3909]]]}},{"type":"Feature","properties":{"k":"vinnytskyi","o":"Вінницька"},"geometry":{"type":"Polygon","coordinates":[[[28.3492,48.8223],[28.3126,48.8408],[28.2979,48.8614],[28.2911,48.8599],[28.2831,48.8704],[28.2922,48.879],[28.3002,48.8743],[28.3083,48.8857],[28.2804,48.9114],[28.272,48.9089],[28.252,48.9246],[28.261,48.9301],[28.2727,48.9276],[28.2829,48.9696],[28.2914,48.975],[28.2831,48.9838],[28.2958,48.9861],[28.2851,48.9926],[28.2912,48.9986],[28.2821,49.0024],[28.249,48.9924],[28.237,48.9976],[28.2314,48.9936],[28.2331,48.985],[28.228,48.9859],[28.2301,48.9914],[28.2196,49.0038],[28.2357,49.0131],[28.2049,49.0278],[28.2103,49.0327],[28.2039,49.0356],[28.2194,49.0399],[28.1893,49.0636],[28.1962,49.0646],[28.1932,49.0696],[28.1982,49.0733],[28.1896,49.0803],[28.2328,49.0796],[28.2289,49.0877],[28.2561,49.0904],[28.2343,49.0895],[28.2263,49.1011],[28.2288,49.1064],[28.1975,49.123],[28.2042,49.1362],[28.2299,49.1225],[28.2331,49.1308],[28.2428,49.134],[28.24,49.1518],[28.2173,49.1607],[28.1987,49.1604],[28.19,49.1576],[28.1841,49.1449],[28.1731,49.1461],[28.1554,49.1625],[28.1865,49.176],[28.1781,49.176],[28.1778,49.1819],[28.1397,49.174],[28.0964,49.1928],[28.1068,49.1996],[28.1042,49.2178],[28.1114,49.22],[28.1053,49.2308],[28.1192,49.2318],[28.0789,49.2538],[28.0325,49.2612],[28.0261,49.2534],[27.9734,49.2612],[27.9729,49.2547],[27.9456,49.2503],[27.9359,49.2355],[27.9153,49.2308],[27.887,49.2134],[27.8664,49.2131],[27.8571,49.2382],[27.8714,49.2421],[27.8723,49.2495],[27.8492,49.2638],[27.8526,49.2746],[27.8622,49.2794],[27.8613,49.2986],[27.8518,49.3111],[27.8581,49.3288],[27.8373,49.3504],[27.8156,49.3556],[27.8118,49.3671],[27.829,49.3678],[27.8285,49.3747],[27.8168,49.3743],[27.8119,49.3883],[27.8335,49.3913],[27.8323,49.4059],[27.8501,49.4214],[27.882,49.4125],[27.9309,49.4303],[27.9694,49.4129],[27.9972,49.4109],[27.9937,49.4378],[27.9626,49.4511],[27.969,49.4661],[27.982,49.4716],[27.9877,49.4518],[28.0216,49.4557],[28.025,49.4498],[28.0447,49.4483],[28.0543,49.4589],[28.0549,49.4696],[28.0991,49.4566],[28.1404,49.4624],[28.1491,49.4464],[28.1663,49.4473],[28.2042,49.4351],[28.25,49.4393],[28.2555,49.4322],[28.2619,49.4382],[28.297,49.423],[28.2926,49.4156],[28.2963,49.3996],[28.3314,49.3969],[28.3613,49.3825],[28.37,49.3756],[28.3685,49.367],[28.3824,49.3607],[28.391,49.348],[28.4072,49.3489],[28.4023,49.3577],[28.4115,49.3648],[28.4204,49.3558],[28.4542,49.3689],[28.4492,49.3816],[28.4739,49.4011],[28.4946,49.3929],[28.4848,49.3901],[28.4889,49.382],[28.5193,49.3769],[28.5207,49.355],[28.5447,49.3551],[28.5374,49.3724],[28.5863,49.3438],[28.5941,49.3445],[28.5919,49.3524],[28.6097,49.3549],[28.6165,49.3476],[28.6636,49.3413],[28.6803,49.3596],[28.6171,49.4064],[28.633,49.4067],[28.6466,49.42],[28.6402,49.421],[28.6462,49.4276],[28.6841,49.4187],[28.7684,49.433],[28.7808,49.4207],[28.7917,49.4367],[28.7993,49.4377],[28.8043,49.4287],[28.8815,49.4403],[28.8615,49.4545],[28.8747,49.4613],[28.8903,49.4452],[28.9633,49.4479],[28.9579,49.4524],[28.965,49.4634],[28.9816,49.4608],[28.9828,49.4685],[29.0023,49.4738],[29.0017,49.4835],[28.9691,49.506],[29.0047,49.5288],[28.9764,49.5525],[28.9858,49.6027],[29.0268,49.5904],[29.1049,49.5932],[29.1165,49.5835],[29.1506,49.593],[29.1892,49.5872],[29.203,49.5941],[29.2129,49.5877],[29.2427,49.6042],[29.2537,49.5901],[29.2756,49.59],[29.2756,49.6271],[29.3277,49.628],[29.3399,49.6143],[29.3543,49.6278],[29.38,49.6197],[29.4094,49.659],[29.426,49.6525],[29.431,49.6623],[29.5053,49.6492],[29.5353,49.6367],[29.5084,49.6195],[29.5114,49.6127],[29.4963,49.6],[29.5056,49.5965],[29.4993,49.5937],[29.5307,49.5621],[29.538,49.5382],[29.5463,49.5315],[29.5391,49.521],[29.5699,49.5032],[29.5848,49.5066],[29.5844,49.4947],[29.5599,49.498],[29.5435,49.4837],[29.5608,49.4643],[29.5897,49.4542],[29.5949,49.4433],[29.5725,49.4333],[29.5758,49.4289],[29.5587,49.4175],[29.5624,49.4145],[29.5416,49.4014],[29.5053,49.3958],[29.5027,49.3699],[29.52,49.3605],[29.5228,49.3376],[29.5353,49.3238],[29.568,49.3197],[29.5733,49.324],[29.6191,49.3058],[29.6077,49.2997],[29.6191,49.2814],[29.6141,49.2755],[29.6218,49.2741],[29.6131,49.2654],[29.6388,49.2474],[29.6624,49.25],[29.6899,49.2374],[29.6955,49.2558],[29.7105,49.2632],[29.7229,49.2452],[29.7162,49.2359],[29.7365,49.2284],[29.7252,49.2212],[29.7038,49.2254],[29.7105,49.2071],[29.7259,49.2029],[29.7269,49.182],[29.7176,49.1794],[29.7177,49.1562],[29.7099,49.1551],[29.712,49.1419],[29.7195,49.1315],[29.7313,49.1319],[29.7336,49.1228],[29.6782,49.1122],[29.6863,49.0887],[29.6509,49.0971],[29.6345,49.0607],[29.6414,49.0569],[29.6288,49.0514],[29.6308,49.047],[29.6059,49.0576],[29.5954,49.0522],[29.5956,49.046],[29.5923,49.0508],[29.5429,49.0482],[29.5514,49.071],[29.5446,49.0696],[29.5204,49.1141],[29.4997,49.117],[29.4962,49.1059],[29.4779,49.1117],[29.4867,49.1245],[29.4639,49.1284],[29.471,49.1226],[29.4635,49.1132],[29.4233,49.0932],[29.4234,49.0885],[29.4062,49.0856],[29.4035,49.0723],[29.4152,49.0606],[29.3999,49.0434],[29.3791,49.0549],[29.3499,49.0424],[29.3443,49.0395],[29.358,49.0292],[29.3564,49.0203],[29.3364,49.0122],[29.3112,49.0149],[29.3018,49.0051],[29.2886,49.0025],[29.2851,48.9889],[29.2723,48.9887],[29.252,48.9769],[29.2387,48.9841],[29.2206,48.984],[29.1737,48.9566],[29.1676,48.9687],[29.11,48.9955],[29.1079,48.9911],[29.0887,48.9924],[29.0617,49.0015],[29.0361,48.9529],[28.9817,48.935],[29.0031,48.9253],[28.9987,48.9153],[28.9795,48.9191],[28.9776,48.9144],[28.9954,48.9101],[28.9949,48.9051],[28.9634,48.9029],[28.9343,48.914],[28.9044,48.9069],[28.9177,48.8888],[28.9079,48.8817],[28.9182,48.8674],[28.8989,48.8619],[28.9055,48.8532],[28.8932,48.853],[28.9014,48.833],[28.8711,48.8496],[28.8465,48.8533],[28.8278,48.8461],[28.8279,48.8744],[28.8115,48.8723],[28.8073,48.8952],[28.7993,48.9026],[28.772,48.8933],[28.7467,48.8732],[28.7429,48.8621],[28.728,48.8582],[28.7182,48.8611],[28.7132,48.8657],[28.7162,48.8714],[28.7092,48.8745],[28.6674,48.8706],[28.656,48.8883],[28.6328,48.8947],[28.6499,48.9167],[28.6392,48.9222],[28.6435,48.9263],[28.6397,48.9311],[28.6259,48.9328],[28.5966,48.8808],[28.5641,48.8846],[28.5517,48.8949],[28.5161,48.8733],[28.5324,48.8635],[28.5345,48.8535],[28.5244,48.8496],[28.5302,48.8453],[28.5263,48.8392],[28.4876,48.8422],[28.486,48.8498],[28.4435,48.8684],[28.4393,48.8548],[28.423,48.8639],[28.3955,48.8671],[28.4001,48.8597],[28.3807,48.8653],[28.3741,48.8521],[28.3773,48.8439],[28.3577,48.8376],[28.3492,48.8223]]]}},{"type":"Feature","properties":{"k":"haisynskyi","o":"Вінницька"},"geometry":{"type":"Polygon","coordinates":[[[28.9699,48.9032],[28.9949,48.9051],[28.9954,48.9101],[28.9776,48.9144],[28.9795,48.9191],[28.9987,48.9153],[29.0031,48.9253],[28.9817,48.935],[29.0361,48.9529],[29.0617,49.0015],[29.0887,48.9924],[29.1079,48.9911],[29.11,48.9955],[29.1676,48.9687],[29.1737,48.9566],[29.2206,48.984],[29.2387,48.9841],[29.252,48.9769],[29.2723,48.9887],[29.2821,48.9873],[29.2886,49.0025],[29.3018,49.0051],[29.3112,49.0149],[29.3445,49.0144],[29.3564,49.0203],[29.358,49.0292],[29.3443,49.0395],[29.3791,49.0549],[29.3999,49.0434],[29.4152,49.0606],[29.4035,49.0723],[29.4062,49.0856],[29.4234,49.0885],[29.4233,49.0932],[29.4635,49.1132],[29.471,49.1226],[29.4639,49.1284],[29.4867,49.1245],[29.4779,49.1117],[29.4962,49.1059],[29.4997,49.117],[29.5146,49.1168],[29.5446,49.0696],[29.5514,49.071],[29.5429,49.0482],[29.5923,49.0508],[29.5956,49.046],[29.5954,49.0522],[29.6063,49.0565],[29.6393,49.0118],[29.6837,49.0264],[29.6824,49.0133],[29.6906,49.0122],[29.6835,49.0062],[29.6957,49.0004],[29.652,48.9598],[29.6608,48.9484],[29.6532,48.9385],[29.6672,48.9306],[29.6643,48.9242],[29.6867,48.9122],[29.7002,48.9168],[29.7355,48.9082],[29.7084,48.8954],[29.7281,48.8864],[29.7317,48.8546],[29.7616,48.8471],[29.7661,48.7863],[29.8665,48.763],[29.8598,48.7585],[29.8841,48.7361],[29.8813,48.7313],[29.8677,48.7345],[29.8563,48.7138],[29.8657,48.7081],[29.8612,48.6998],[29.8724,48.7028],[29.917,48.6716],[29.9468,48.6698],[29.9447,48.6578],[29.9562,48.6587],[29.9777,48.635],[29.9898,48.6364],[29.9898,48.6135],[29.9513,48.6085],[29.9478,48.5946],[29.9564,48.5838],[30.0058,48.5731],[30.0033,48.5516],[30.0085,48.5426],[30.02,48.5394],[30.0204,48.5192],[29.9972,48.5214],[29.989,48.5167],[30.0063,48.5134],[30.0009,48.492],[29.9667,48.4914],[29.9612,48.473],[29.9679,48.4717],[29.9643,48.4605],[29.9535,48.4621],[29.9513,48.4501],[29.8859,48.4274],[29.8641,48.4257],[29.8717,48.4167],[29.787,48.3699],[29.8056,48.3603],[29.8132,48.3476],[29.8043,48.3485],[29.8039,48.332],[29.7842,48.33],[29.7819,48.3149],[29.772,48.3131],[29.7679,48.3086],[29.7726,48.3045],[29.7629,48.2964],[29.7505,48.2993],[29.7494,48.2894],[29.7727,48.2722],[29.776,48.2591],[29.7707,48.2568],[29.7824,48.2422],[29.7712,48.2261],[29.7796,48.2054],[29.7175,48.2014],[29.6823,48.1878],[29.6549,48.195],[29.6759,48.1621],[29.6727,48.1271],[29.6567,48.1189],[29.6683,48.1164],[29.6636,48.1075],[29.6378,48.1116],[29.6404,48.1228],[29.6025,48.1329],[29.5982,48.1198],[29.5813,48.1111],[29.5875,48.102],[29.5736,48.104],[29.5701,48.0987],[29.4948,48.1026],[29.4776,48.1078],[29.4723,48.1221],[29.4584,48.1226],[29.3945,48.1137],[29.3824,48.1026],[29.3875,48.0952],[29.3719,48.0906],[29.3689,48.0945],[29.3521,48.0894],[29.3513,48.0967],[29.3116,48.086],[29.2651,48.094],[29.2665,48.1066],[29.2569,48.1072],[29.2578,48.1122],[29.2323,48.1035],[29.2171,48.105],[29.2032,48.1196],[29.2208,48.1251],[29.2349,48.1203],[29.2417,48.1288],[29.2614,48.1304],[29.2512,48.1497],[29.2413,48.1413],[29.2133,48.1431],[29.2093,48.1342],[29.1819,48.1412],[29.1415,48.1407],[29.1582,48.1486],[29.1457,48.1557],[29.1343,48.1525],[29.0777,48.1935],[29.0616,48.1962],[29.0613,48.2082],[29.0731,48.223],[29.0745,48.2367],[29.0949,48.2483],[29.1024,48.2608],[29.0999,48.2686],[29.1108,48.2737],[29.1037,48.2921],[29.0776,48.3005],[29.0775,48.3141],[29.1009,48.3203],[29.0963,48.3314],[29.0546,48.3298],[29.0331,48.3549],[29.0451,48.3808],[29.038,48.4],[29.0445,48.4162],[29.077,48.4135],[29.0963,48.4266],[29.0945,48.4487],[29.0546,48.4564],[28.984,48.4549],[28.9935,48.4874],[28.9601,48.5049],[28.9703,48.5094],[28.9643,48.5195],[28.9436,48.5164],[28.9312,48.5057],[28.9165,48.5239],[28.8803,48.5219],[28.878,48.5385],[28.9035,48.5498],[28.9016,48.5543],[28.9247,48.5595],[28.9517,48.5528],[28.9579,48.5623],[28.9935,48.5537],[29.0173,48.5564],[29.0114,48.5601],[29.0357,48.5719],[29.0434,48.5663],[29.0645,48.5705],[29.0735,48.5663],[29.0735,48.5728],[29.0532,48.5806],[29.0701,48.5811],[29.073,48.5896],[29.1048,48.5914],[29.1241,48.5789],[29.1347,48.5835],[29.154,48.5747],[29.1429,48.5894],[29.1525,48.5962],[29.1418,48.6069],[29.1649,48.6137],[29.1582,48.6299],[29.1754,48.6605],[29.1694,48.6689],[29.1739,48.6717],[29.1417,48.6731],[29.1378,48.6774],[29.1436,48.6847],[29.1355,48.6835],[29.1243,48.6956],[29.1069,48.6834],[29.0983,48.691],[29.0875,48.6857],[29.0778,48.695],[29.0785,48.7084],[29.0669,48.7174],[29.0778,48.7271],[29.1222,48.7082],[29.1421,48.7202],[29.0967,48.7343],[29.0779,48.7528],[29.0958,48.7724],[29.1162,48.776],[29.1174,48.7883],[29.1026,48.8131],[29.1191,48.8185],[29.1412,48.812],[29.1423,48.8186],[29.1349,48.8288],[29.0957,48.8359],[29.0112,48.8285],[29.0017,48.8413],[29.0021,48.8507],[29.0115,48.8545],[28.982,48.8489],[28.9601,48.8551],[28.965,48.8641],[28.9548,48.8688],[28.9628,48.8725],[28.9699,48.9032]]]}},{"type":"Feature","properties":{"k":"zhmerynskyi","o":"Вінницька"},"geometry":{"type":"Polygon","coordinates":[[[27.887,49.2134],[27.9153,49.2308],[27.9359,49.2355],[27.9456,49.2503],[27.9729,49.2547],[27.9734,49.2612],[28.0261,49.2534],[28.0325,49.2612],[28.0789,49.2538],[28.1192,49.2318],[28.1053,49.2308],[28.1114,49.22],[28.1042,49.2178],[28.1068,49.1996],[28.0964,49.1928],[28.1397,49.174],[28.1778,49.1819],[28.1781,49.176],[28.1865,49.176],[28.1554,49.1625],[28.1731,49.1461],[28.1841,49.1449],[28.19,49.1576],[28.1987,49.1604],[28.2173,49.1607],[28.24,49.1518],[28.2428,49.134],[28.2331,49.1308],[28.2299,49.1225],[28.2042,49.1362],[28.1975,49.123],[28.2288,49.1064],[28.2263,49.1011],[28.2343,49.0895],[28.2561,49.0904],[28.2289,49.0877],[28.2328,49.0796],[28.1896,49.0803],[28.1982,49.0733],[28.1932,49.0696],[28.1962,49.0646],[28.1893,49.0636],[28.2194,49.0399],[28.2039,49.0356],[28.2103,49.0327],[28.2049,49.0278],[28.2357,49.0131],[28.2196,49.0038],[28.2301,48.9914],[28.228,48.9859],[28.2331,48.985],[28.2314,48.9936],[28.237,48.9976],[28.249,48.9924],[28.2821,49.0024],[28.2912,48.9986],[28.2851,48.9926],[28.2958,48.9861],[28.2831,48.9838],[28.2914,48.975],[28.2829,48.9696],[28.2727,48.9276],[28.261,48.9301],[28.252,48.9246],[28.272,48.9089],[28.2804,48.9114],[28.3083,48.8857],[28.3002,48.8743],[28.2922,48.879],[28.2831,48.8704],[28.2911,48.8599],[28.2979,48.8614],[28.3126,48.8408],[28.3384,48.8299],[28.3434,48.8242],[28.3347,48.8223],[28.3365,48.8167],[28.3454,48.8171],[28.3922,48.7848],[28.3694,48.772],[28.384,48.7693],[28.3776,48.7647],[28.399,48.7524],[28.417,48.7593],[28.4611,48.7307],[28.4513,48.6982],[28.4717,48.6809],[28.4046,48.6507],[28.3969,48.6411],[28.3936,48.6441],[28.4051,48.6306],[28.3907,48.6166],[28.3827,48.6274],[28.3693,48.6114],[28.3514,48.6143],[28.3,48.573],[28.2439,48.6043],[28.2263,48.5977],[28.2232,48.6054],[28.2133,48.6041],[28.1963,48.6136],[28.1746,48.607],[28.1731,48.6197],[28.1449,48.6156],[28.1132,48.6185],[28.1065,48.6263],[28.0982,48.6234],[28.0808,48.6438],[28.084,48.6494],[28.0583,48.6518],[28.0348,48.64],[27.9748,48.6414],[27.9588,48.6782],[27.903,48.6841],[27.9125,48.6902],[27.9148,48.7133],[27.9059,48.7241],[27.8887,48.7199],[27.8796,48.7338],[27.8759,48.7615],[27.8801,48.773],[27.8991,48.7743],[27.8969,48.7848],[27.8652,48.7901],[27.8426,48.8103],[27.815,48.8128],[27.8089,48.8365],[27.7875,48.8391],[27.7715,48.8113],[27.7496,48.7996],[27.7051,48.8089],[27.7005,48.8024],[27.6568,48.8271],[27.611,48.8431],[27.6129,48.8482],[27.5806,48.8839],[27.5565,48.8899],[27.5469,48.9027],[27.5309,48.9102],[27.5204,48.9035],[27.487,48.9227],[27.4626,48.9118],[27.4671,48.8988],[27.4627,48.8961],[27.4528,48.8995],[27.4054,48.8887],[27.3935,48.9005],[27.3967,48.9253],[27.3916,48.938],[27.4027,48.9528],[27.4174,48.9542],[27.4113,48.9607],[27.4178,48.9716],[27.3963,48.9891],[27.3994,49.0002],[27.3833,49.0077],[27.4053,49.0292],[27.4166,49.0546],[27.4271,49.0529],[27.4278,49.0641],[27.4396,49.0653],[27.4366,49.0692],[27.5039,49.0668],[27.4792,49.0888],[27.5054,49.1103],[27.4926,49.1213],[27.506,49.1308],[27.5349,49.1216],[27.5389,49.1285],[27.5337,49.1414],[27.5486,49.1303],[27.5775,49.1217],[27.5976,49.1351],[27.594,49.1546],[27.6012,49.1611],[27.6398,49.167],[27.687,49.1417],[27.7049,49.1402],[27.7126,49.1475],[27.7413,49.1377],[27.7585,49.153],[27.7517,49.1577],[27.7649,49.1602],[27.7808,49.1747],[27.776,49.1899],[27.7826,49.1909],[27.7961,49.1767],[27.815,49.1895],[27.8224,49.1792],[27.8454,49.1786],[27.8556,49.1706],[27.8987,49.186],[27.8943,49.2089],[27.887,49.2134]]]}},{"type":"Feature","properties":{"k":"mohylivpodilskyi","o":"Вінницька"},"geometry":{"type":"Polygon","coordinates":[[[27.4054,48.8887],[27.4528,48.8995],[27.4627,48.8961],[27.4671,48.8988],[27.4626,48.9118],[27.487,48.9227],[27.5204,48.9035],[27.5309,48.9102],[27.5469,48.9027],[27.5565,48.8899],[27.5806,48.8839],[27.6129,48.8482],[27.611,48.8431],[27.6568,48.8271],[27.7005,48.8024],[27.7051,48.8089],[27.7496,48.7996],[27.7715,48.8113],[27.7875,48.8391],[27.8089,48.8365],[27.815,48.8128],[27.8426,48.8103],[27.8652,48.7901],[27.8969,48.7848],[27.8991,48.7743],[27.8801,48.773],[27.8759,48.7615],[27.8796,48.7338],[27.8887,48.7199],[27.9059,48.7241],[27.9148,48.7133],[27.9125,48.6902],[27.903,48.6841],[27.9588,48.6782],[27.9748,48.6414],[28.0348,48.64],[28.0583,48.6518],[28.084,48.6494],[28.0808,48.6438],[28.0982,48.6234],[28.1065,48.6263],[28.1132,48.6185],[28.1449,48.6156],[28.1731,48.6197],[28.1746,48.607],[28.1963,48.6136],[28.2133,48.6041],[28.2232,48.6054],[28.2263,48.5977],[28.2439,48.6043],[28.3,48.573],[28.2965,48.5565],[28.3502,48.5204],[28.3503,48.5144],[28.3199,48.5072],[28.3176,48.4893],[28.3472,48.486],[28.3378,48.4729],[28.3527,48.4687],[28.3712,48.4517],[28.3784,48.4428],[28.371,48.4392],[28.3937,48.41],[28.4576,48.4297],[28.4652,48.4231],[28.4588,48.4007],[28.4493,48.3943],[28.4567,48.3836],[28.4496,48.3757],[28.4774,48.3617],[28.465,48.349],[28.4684,48.3428],[28.5033,48.3301],[28.5117,48.2821],[28.5006,48.2662],[28.5395,48.2609],[28.5722,48.2361],[28.5628,48.2224],[28.5919,48.2124],[28.5867,48.2008],[28.5777,48.2028],[28.5605,48.1904],[28.5663,48.1747],[28.5457,48.1692],[28.5282,48.1533],[28.5029,48.1511],[28.521,48.1381],[28.4988,48.1272],[28.5017,48.1181],[28.4912,48.0769],[28.5007,48.0679],[28.4623,48.0741],[28.4366,48.0979],[28.4337,48.11],[28.4208,48.1223],[28.4232,48.1314],[28.4399,48.143],[28.4355,48.1642],[28.4268,48.1732],[28.3839,48.1754],[28.3498,48.1356],[28.322,48.1324],[28.3046,48.1407],[28.3073,48.161],[28.3499,48.1798],[28.3686,48.2057],[28.3682,48.2287],[28.3521,48.2467],[28.3222,48.2333],[28.3028,48.2415],[28.2098,48.2049],[28.1865,48.2155],[28.182,48.2363],[28.187,48.2509],[28.176,48.2577],[28.1441,48.2623],[28.1315,48.2421],[28.0988,48.2317],[28.0806,48.2417],[28.0938,48.2941],[28.0723,48.3185],[28.045,48.3258],[27.9533,48.3287],[27.8826,48.3721],[27.8803,48.3933],[27.8716,48.4051],[27.8196,48.4192],[27.8056,48.4343],[27.7631,48.456],[27.7355,48.4564],[27.6823,48.4405],[27.6419,48.4416],[27.5904,48.461],[27.6045,48.4858],[27.5978,48.491],[27.5807,48.4905],[27.5344,48.4701],[27.5206,48.4704],[27.4991,48.4821],[27.4788,48.5064],[27.4831,48.5297],[27.4793,48.5469],[27.4568,48.5902],[27.4244,48.6132],[27.3729,48.6302],[27.3886,48.661],[27.39,48.6808],[27.3988,48.6886],[27.4078,48.6865],[27.4046,48.6943],[27.415,48.701],[27.3999,48.7267],[27.4144,48.74],[27.3906,48.7566],[27.3895,48.7644],[27.409,48.7676],[27.4037,48.7736],[27.4276,48.7972],[27.4111,48.8113],[27.4181,48.8233],[27.4131,48.8364],[27.4177,48.8375],[27.413,48.849],[27.4151,48.8817],[27.4054,48.8887]]]}},{"type":"Feature","properties":{"k":"tulchynskyi","o":"Вінницька"},"geometry":{"type":"Polygon","coordinates":[[[28.3347,48.8223],[28.3492,48.8223],[28.3577,48.8376],[28.3773,48.8439],[28.3741,48.8521],[28.3807,48.8653],[28.4001,48.8597],[28.3955,48.8671],[28.423,48.8639],[28.4393,48.8548],[28.4435,48.8684],[28.486,48.8498],[28.4876,48.8422],[28.5263,48.8392],[28.5302,48.8453],[28.5244,48.8496],[28.5345,48.8535],[28.5324,48.8635],[28.5161,48.8733],[28.5517,48.8949],[28.5641,48.8846],[28.5966,48.8808],[28.6259,48.9328],[28.6397,48.9311],[28.6435,48.9263],[28.6392,48.9222],[28.6499,48.9167],[28.6328,48.8947],[28.656,48.8883],[28.6674,48.8706],[28.7092,48.8745],[28.7236,48.8585],[28.7429,48.8621],[28.7467,48.8732],[28.772,48.8933],[28.7993,48.9026],[28.8073,48.8952],[28.8115,48.8723],[28.8279,48.8744],[28.8278,48.8461],[28.8465,48.8533],[28.8711,48.8496],[28.9014,48.833],[28.8932,48.853],[28.9055,48.8532],[28.8989,48.8619],[28.9182,48.8674],[28.9079,48.8817],[28.9177,48.8888],[28.9044,48.9069],[28.9343,48.914],[28.9699,48.9032],[28.9628,48.8725],[28.9548,48.8688],[28.965,48.8641],[28.9601,48.8551],[28.982,48.8489],[29.0115,48.8545],[29.0021,48.8507],[29.0017,48.8413],[29.0112,48.8285],[29.0767,48.8363],[29.1349,48.8288],[29.1412,48.812],[29.1191,48.8185],[29.1026,48.8131],[29.1174,48.7883],[29.1162,48.776],[29.0958,48.7724],[29.0779,48.7528],[29.0967,48.7343],[29.1421,48.7202],[29.1222,48.7082],[29.0778,48.7271],[29.0669,48.7174],[29.0785,48.7084],[29.0778,48.695],[29.0875,48.6857],[29.0983,48.691],[29.1069,48.6834],[29.1243,48.6956],[29.1355,48.6835],[29.1436,48.6847],[29.1378,48.6774],[29.1417,48.6731],[29.1739,48.6717],[29.1694,48.6689],[29.1754,48.6605],[29.1582,48.6299],[29.1649,48.6137],[29.1418,48.6069],[29.1525,48.5962],[29.1429,48.5894],[29.154,48.5747],[29.1347,48.5835],[29.1241,48.5789],[29.1048,48.5914],[29.073,48.5896],[29.0701,48.5811],[29.0532,48.5806],[29.0735,48.5728],[29.0735,48.5663],[29.0645,48.5705],[29.0434,48.5663],[29.0357,48.5719],[29.0114,48.5601],[29.0207,48.5575],[28.9935,48.5537],[28.9579,48.5623],[28.9517,48.5528],[28.9247,48.5595],[28.9016,48.5543],[28.9035,48.5498],[28.8769,48.5357],[28.8803,48.5219],[28.9165,48.5239],[28.9312,48.5057],[28.9436,48.5164],[28.9643,48.5195],[28.9703,48.5094],[28.9601,48.5049],[28.9935,48.4874],[28.984,48.4549],[29.0546,48.4564],[29.0945,48.4487],[29.0963,48.4266],[29.077,48.4135],[29.0445,48.4162],[29.038,48.4],[29.0451,48.3808],[29.0331,48.3549],[29.0546,48.3298],[29.0963,48.3314],[29.1009,48.3203],[29.0775,48.3141],[29.0776,48.3005],[29.1037,48.2921],[29.1108,48.2737],[29.0999,48.2686],[29.1024,48.2608],[29.0949,48.2483],[29.0745,48.2367],[29.0731,48.223],[29.0613,48.2082],[29.0664,48.194],[29.0578,48.1896],[29.0596,48.1797],[29.0459,48.1733],[29.0426,48.1576],[29.05,48.1495],[29.0322,48.1256],[29.019,48.1314],[29.0045,48.1504],[28.9938,48.1519],[28.9844,48.145],[28.9689,48.1543],[28.9452,48.1567],[28.9283,48.0986],[28.9239,48.0985],[28.9272,48.0944],[28.873,48.0826],[28.8681,48.0693],[28.847,48.0789],[28.8578,48.1031],[28.8335,48.1287],[28.814,48.1242],[28.8059,48.1345],[28.7948,48.1263],[28.7746,48.1249],[28.7547,48.1362],[28.7218,48.1261],[28.7071,48.1295],[28.6878,48.1246],[28.6795,48.1356],[28.6823,48.1467],[28.6477,48.1433],[28.6491,48.1519],[28.6115,48.157],[28.5919,48.1733],[28.5793,48.1666],[28.5663,48.1747],[28.5605,48.1904],[28.5777,48.2028],[28.5867,48.2008],[28.5919,48.2124],[28.5628,48.2224],[28.5722,48.2361],[28.5395,48.2609],[28.5006,48.2662],[28.5117,48.2821],[28.5033,48.3301],[28.4684,48.3428],[28.465,48.349],[28.4774,48.3617],[28.4496,48.3757],[28.4567,48.3836],[28.4493,48.3943],[28.4588,48.4007],[28.4652,48.4231],[28.4576,48.4297],[28.3937,48.41],[28.371,48.4392],[28.3784,48.4428],[28.3712,48.4517],[28.3527,48.4687],[28.3378,48.4729],[28.3472,48.486],[28.3176,48.4893],[28.3199,48.5072],[28.3503,48.5144],[28.3502,48.5204],[28.2965,48.5565],[28.3,48.573],[28.3514,48.6143],[28.3693,48.6114],[28.3827,48.6274],[28.3907,48.6166],[28.4051,48.6306],[28.3936,48.6441],[28.3969,48.6411],[28.4046,48.6507],[28.4717,48.6809],[28.4513,48.6982],[28.4611,48.7307],[28.417,48.7593],[28.399,48.7524],[28.3776,48.7647],[28.384,48.7693],[28.3694,48.772],[28.3922,48.7848],[28.3454,48.8171],[28.3365,48.8167],[28.3347,48.8223]]]}},{"type":"Feature","properties":{"k":"khmilnytskyi","o":"Вінницька"},"geometry":{"type":"Polygon","coordinates":[[[28.9858,49.6027],[28.9764,49.5525],[29.0047,49.5288],[28.9691,49.506],[29.0017,49.4835],[29.0023,49.4738],[28.9828,49.4685],[28.9816,49.4608],[28.965,49.4634],[28.9579,49.4524],[28.9633,49.4479],[28.8903,49.4452],[28.8747,49.4613],[28.8615,49.4545],[28.8815,49.4403],[28.8043,49.4287],[28.7993,49.4377],[28.7917,49.4367],[28.7808,49.4207],[28.7684,49.433],[28.6841,49.4187],[28.6462,49.4276],[28.6402,49.421],[28.6466,49.42],[28.633,49.4067],[28.6171,49.4064],[28.6803,49.3596],[28.6602,49.3411],[28.6165,49.3476],[28.6097,49.3549],[28.5919,49.3524],[28.5941,49.3445],[28.5863,49.3438],[28.5374,49.3724],[28.5447,49.3551],[28.5207,49.355],[28.5193,49.3769],[28.4889,49.382],[28.4848,49.3901],[28.4946,49.3929],[28.4739,49.4011],[28.4492,49.3816],[28.4542,49.3689],[28.4204,49.3558],[28.4115,49.3648],[28.4023,49.3577],[28.4072,49.3489],[28.391,49.348],[28.3824,49.3607],[28.3685,49.367],[28.37,49.3756],[28.3613,49.3825],[28.3314,49.3969],[28.2963,49.3996],[28.2926,49.4156],[28.297,49.423],[28.2619,49.4382],[28.2555,49.4322],[28.25,49.4393],[28.2197,49.4332],[28.1663,49.4473],[28.1491,49.4464],[28.1404,49.4624],[28.1308,49.4638],[28.0991,49.4566],[28.0549,49.4696],[28.0543,49.4589],[28.0447,49.4483],[28.025,49.4498],[28.0216,49.4557],[27.9862,49.4521],[27.982,49.4716],[27.969,49.4661],[27.9626,49.4511],[27.9937,49.4378],[27.9972,49.4109],[27.9694,49.4129],[27.9309,49.4303],[27.882,49.4125],[27.8629,49.4148],[27.8501,49.4214],[27.8462,49.4311],[27.8274,49.4216],[27.8072,49.4395],[27.7906,49.4346],[27.7821,49.4428],[27.7504,49.4397],[27.7451,49.4505],[27.7638,49.4783],[27.7769,49.4749],[27.7845,49.4873],[27.7912,49.4879],[27.7347,49.4963],[27.7427,49.5315],[27.7632,49.5302],[27.7752,49.5203],[27.7941,49.5309],[27.7853,49.545],[27.7936,49.5522],[27.7904,49.557],[27.7583,49.5763],[27.7734,49.5966],[27.7928,49.6043],[27.7999,49.621],[27.8118,49.6154],[27.8115,49.6446],[27.766,49.6664],[27.7625,49.6972],[27.8116,49.702],[27.8069,49.7094],[27.837,49.7298],[27.8176,49.7342],[27.8172,49.7429],[27.8353,49.7448],[27.8359,49.7555],[27.8767,49.7549],[27.8934,49.7578],[27.8996,49.7672],[27.9809,49.7802],[28.0445,49.7705],[28.1093,49.7736],[28.1531,49.7888],[28.2131,49.7917],[28.2198,49.7901],[28.2168,49.7849],[28.2253,49.7851],[28.2282,49.7948],[28.2447,49.7975],[28.2433,49.814],[28.2618,49.8098],[28.2626,49.7994],[28.2982,49.8013],[28.3795,49.7805],[28.4069,49.7919],[28.4216,49.8249],[28.4694,49.8231],[28.4812,49.8076],[28.5284,49.8206],[28.5697,49.7739],[28.601,49.782],[28.6022,49.81],[28.6228,49.8143],[28.6394,49.81],[28.6358,49.817],[28.69,49.7995],[28.6879,49.8052],[28.7224,49.8085],[28.7263,49.7968],[28.7341,49.7984],[28.746,49.8176],[28.759,49.8183],[28.7588,49.8233],[28.7506,49.8227],[28.7507,49.8445],[28.7848,49.8427],[28.7836,49.8515],[28.8441,49.86],[28.8572,49.8885],[28.8986,49.8817],[28.8952,49.8725],[28.91,49.8665],[28.903,49.8634],[28.9375,49.8532],[28.9539,49.8404],[28.9446,49.8198],[28.9606,49.8209],[28.9613,49.8092],[28.9701,49.8036],[28.9428,49.7831],[28.9658,49.7764],[28.9638,49.7549],[29.0021,49.7385],[29.0047,49.7266],[28.9949,49.7249],[28.9907,49.7189],[28.9949,49.7166],[28.9759,49.6982],[28.9641,49.6994],[28.9574,49.6842],[28.9457,49.6792],[28.9635,49.6728],[28.9855,49.6501],[28.9795,49.6491],[28.9825,49.6446],[29.0101,49.6325],[28.9858,49.6027]]]}},{"type":"Feature","properties":{"k":"volodymyrvolynskyi","o":"Волинська"},"geometry":{"type":"Polygon","coordinates":[[[24.1106,50.6365],[24.0884,50.6352],[24.0878,50.6446],[24.08,50.6448],[24.0904,50.6536],[24.0857,50.6552],[24.091,50.6636],[24.0854,50.6614],[24.0822,50.6747],[24.0622,50.6778],[24.0633,50.6848],[24.0695,50.6839],[24.065,50.6864],[24.0724,50.6988],[24.0671,50.7073],[24.0752,50.7109],[24.072,50.7204],[24.0443,50.7151],[24.0165,50.7229],[24.0203,50.7378],[24.0157,50.7371],[24.023,50.7455],[24.0151,50.7473],[24.0239,50.7508],[24.0111,50.7543],[24.0178,50.7569],[24.0122,50.7571],[24.014,50.7621],[24.025,50.7589],[24.0238,50.7663],[24.0113,50.7721],[23.9778,50.7686],[23.9572,50.7947],[23.9688,50.8117],[23.9632,50.8142],[23.9744,50.8171],[23.9752,50.8259],[23.9834,50.8267],[23.9894,50.8374],[24.0201,50.8417],[24.0323,50.8357],[24.0465,50.8384],[24.0398,50.8363],[24.0438,50.8334],[24.1004,50.8359],[24.1315,50.8487],[24.1432,50.8583],[24.1457,50.8692],[24.1161,50.8699],[24.0863,50.889],[24.0524,50.8913],[24.0473,50.9007],[23.9977,50.928],[23.9908,50.943],[23.9699,50.9509],[23.9669,50.9785],[23.9572,50.9901],[23.9384,51.003],[23.915,51.0068],[23.9155,51.0121],[23.9354,51.0136],[23.9229,51.0165],[23.9272,51.0201],[23.9158,51.0281],[23.9311,51.0409],[23.9553,51.0432],[23.9813,51.0212],[24.0055,51.0246],[24.0421,51.0143],[24.0998,51.0095],[24.1252,51.0517],[24.14,51.048],[24.1559,51.0525],[24.1553,51.0578],[24.1685,51.0636],[24.1607,51.0712],[24.1654,51.0756],[24.2037,51.0924],[24.2666,51.0957],[24.2681,51.089],[24.2934,51.0888],[24.2837,51.0562],[24.2935,51.0497],[24.3153,51.0507],[24.3121,51.0387],[24.3697,51.0457],[24.3638,51.0256],[24.3681,51.025],[24.3662,51.0131],[24.3743,51.0135],[24.3773,50.9861],[24.3628,50.9856],[24.3515,50.9764],[24.3942,50.9687],[24.3994,50.9611],[24.4386,50.9582],[24.4248,50.942],[24.4811,50.9286],[24.4893,50.9326],[24.5426,50.9064],[24.5593,50.9102],[24.565,50.9012],[24.6273,50.8849],[24.6679,50.8615],[24.7131,50.8701],[24.7109,50.88],[24.7321,50.8822],[24.741,50.8999],[24.8003,50.8825],[24.8279,50.8863],[24.8287,50.8578],[24.8663,50.8547],[24.9012,50.8361],[24.8986,50.8201],[24.9047,50.8043],[24.9178,50.8008],[24.9217,50.7773],[24.9313,50.7769],[24.942,50.7557],[24.9359,50.7044],[24.8756,50.7146],[24.8708,50.7107],[24.8638,50.6877],[24.8808,50.6798],[24.8754,50.6685],[24.8811,50.6641],[24.876,50.6565],[24.8617,50.6546],[24.8582,50.6368],[24.877,50.634],[24.8264,50.5993],[24.8315,50.5775],[24.7532,50.5687],[24.7375,50.5721],[24.7333,50.5914],[24.6771,50.586],[24.6428,50.592],[24.636,50.5765],[24.6241,50.5724],[24.6167,50.5613],[24.5614,50.5632],[24.5592,50.556],[24.5796,50.5538],[24.5656,50.5445],[24.5634,50.5303],[24.5133,50.5559],[24.4665,50.5408],[24.4349,50.5456],[24.4062,50.5603],[24.3985,50.5744],[24.4135,50.5863],[24.3809,50.6092],[24.3621,50.5966],[24.3235,50.5998],[24.3264,50.593],[24.3125,50.5716],[24.2311,50.5834],[24.2209,50.5896],[24.2253,50.5928],[24.2115,50.5919],[24.2096,50.6019],[24.1995,50.6079],[24.2039,50.6115],[24.1846,50.6194],[24.1734,50.6165],[24.1756,50.6236],[24.1632,50.6315],[24.1723,50.6338],[24.1529,50.6427],[24.1547,50.6466],[24.1378,50.643],[24.1181,50.6479],[24.1219,50.6437],[24.1106,50.6365]]]}},{"type":"Feature","properties":{"k":"kaminkashyrskyi","o":"Волинська"},"geometry":{"type":"Polygon","coordinates":[[[25.9488,51.2322],[25.8157,51.1902],[25.7816,51.1903],[25.7714,51.1784],[25.782,51.1699],[25.7781,51.1517],[25.7886,51.1481],[25.7803,51.1403],[25.658,51.1591],[25.6419,51.1479],[25.6404,51.1592],[25.5813,51.1592],[25.5407,51.1577],[25.5063,51.1472],[25.4992,51.1527],[25.4841,51.1496],[25.4839,51.159],[25.4566,51.1582],[25.4281,51.13],[25.4082,51.1277],[25.4099,51.1323],[25.3638,51.1533],[25.3747,51.1605],[25.3471,51.1625],[25.345,51.1691],[25.3298,51.166],[25.3235,51.1722],[25.3308,51.1749],[25.3292,51.1809],[25.3064,51.1841],[25.304,51.1942],[25.3105,51.198],[25.2932,51.1981],[25.282,51.2103],[25.267,51.2101],[25.3006,51.2186],[25.3353,51.2173],[25.3263,51.2512],[25.294,51.2544],[25.279,51.2452],[25.2488,51.2851],[25.2078,51.2831],[25.198,51.2919],[25.1795,51.3244],[25.2084,51.3747],[25.1465,51.3783],[25.1203,51.3689],[24.9836,51.3582],[24.9665,51.3508],[24.9379,51.3596],[24.9558,51.3691],[24.9565,51.375],[24.8984,51.3784],[24.8883,51.3868],[24.8941,51.3888],[24.8831,51.4053],[24.833,51.4117],[24.8355,51.4241],[24.8273,51.4328],[24.7824,51.4338],[24.7545,51.4512],[24.7641,51.461],[24.7522,51.487],[24.763,51.5018],[24.7671,51.5212],[24.7847,51.5324],[24.7731,51.5529],[24.7746,51.5978],[24.7646,51.6099],[24.6546,51.6031],[24.6345,51.6125],[24.6463,51.6187],[24.6786,51.6163],[24.6716,51.6373],[24.6834,51.6341],[24.6901,51.6405],[24.6632,51.641],[24.6863,51.652],[24.7009,51.6715],[24.6895,51.6929],[24.693,51.6975],[24.6792,51.7035],[24.6971,51.7094],[24.6724,51.7238],[24.6827,51.7302],[24.7012,51.7267],[24.7137,51.7089],[24.7221,51.7158],[24.7305,51.7446],[24.722,51.7568],[24.7905,51.7789],[24.804,51.7723],[24.8155,51.7759],[24.8144,51.7853],[24.8387,51.8278],[24.855,51.8281],[24.8655,51.817],[24.8905,51.8108],[24.9264,51.836],[24.9529,51.8431],[24.9393,51.8464],[24.9347,51.8711],[24.9087,51.8728],[24.9109,51.8785],[24.9354,51.8801],[24.9317,51.897],[24.9662,51.898],[24.9947,51.9152],[25.0204,51.919],[25.0998,51.9535],[25.1409,51.9534],[25.1916,51.9692],[25.2258,51.9609],[25.2642,51.968],[25.3401,51.9332],[25.3639,51.934],[25.3765,51.9264],[25.4692,51.9202],[25.4807,51.9207],[25.4887,51.93],[25.5099,51.9212],[25.5271,51.9402],[25.5927,51.9244],[25.5953,51.9164],[25.6293,51.9017],[25.6764,51.9024],[25.7059,51.8953],[25.6886,51.8797],[25.6597,51.8701],[25.6401,51.8488],[25.6403,51.8338],[25.6512,51.8235],[25.6313,51.8039],[25.6595,51.7834],[25.6497,51.7668],[25.6592,51.7646],[25.6703,51.7721],[25.6827,51.7559],[25.6617,51.7305],[25.6657,51.72],[25.6482,51.7082],[25.6491,51.6941],[25.6363,51.6887],[25.6409,51.6814],[25.6258,51.672],[25.6269,51.6655],[25.6085,51.6412],[25.5886,51.6446],[25.5776,51.6247],[25.5668,51.6264],[25.5677,51.6327],[25.5339,51.6313],[25.5326,51.6145],[25.5552,51.6243],[25.5635,51.6033],[25.5821,51.6057],[25.5851,51.594],[25.6024,51.5826],[25.5959,51.5623],[25.5742,51.5546],[25.5652,51.54],[25.5975,51.5251],[25.5519,51.5129],[25.5554,51.5008],[25.6103,51.5072],[25.6022,51.4934],[25.6231,51.4932],[25.618,51.4772],[25.6418,51.4795],[25.6463,51.4441],[25.6361,51.4384],[25.6465,51.4171],[25.6796,51.4108],[25.6908,51.3908],[25.703,51.3937],[25.7041,51.3839],[25.6958,51.383],[25.7001,51.376],[25.7248,51.3806],[25.7173,51.3888],[25.7249,51.4001],[25.7598,51.4004],[25.7553,51.3812],[25.7812,51.3743],[25.789,51.3787],[25.8071,51.3746],[25.8311,51.3872],[25.8438,51.3758],[25.8295,51.3705],[25.8271,51.3664],[25.8348,51.3619],[25.8227,51.3433],[25.8442,51.3301],[25.8434,51.3228],[25.8511,51.318],[25.8693,51.3181],[25.8785,51.3121],[25.8751,51.3044],[25.8876,51.3054],[25.8869,51.2982],[25.8977,51.3003],[25.8943,51.2923],[25.9383,51.2778],[25.9306,51.27],[25.9376,51.264],[25.9312,51.2633],[25.9472,51.2507],[25.9443,51.2369],[25.9488,51.2322]]]}},{"type":"Feature","properties":{"k":"kovelskyi","o":"Волинська"},"geometry":{"type":"Polygon","coordinates":[[[24.8262,50.8949],[24.8003,50.8825],[24.741,50.8999],[24.7321,50.8822],[24.7109,50.88],[24.7131,50.8701],[24.6679,50.8615],[24.6273,50.8849],[24.565,50.9012],[24.5593,50.9102],[24.5426,50.9064],[24.4893,50.9326],[24.4811,50.9286],[24.4259,50.9414],[24.4386,50.9582],[24.3994,50.9611],[24.3942,50.9687],[24.3515,50.9764],[24.3628,50.9856],[24.3773,50.9861],[24.3743,51.0135],[24.3662,51.0131],[24.3681,51.025],[24.3638,51.0256],[24.3697,51.0457],[24.3121,51.0387],[24.3153,51.0507],[24.2935,51.0497],[24.2837,51.0562],[24.2934,51.0888],[24.2681,51.089],[24.2666,51.0957],[24.2037,51.0924],[24.1654,51.0756],[24.1607,51.0712],[24.1685,51.0636],[24.1553,51.0578],[24.1559,51.0525],[24.14,51.048],[24.1252,51.0517],[24.0998,51.0095],[24.0421,51.0143],[24.0055,51.0246],[23.9813,51.0212],[23.9553,51.0432],[23.9161,51.0396],[23.9198,51.0468],[23.9137,51.0468],[23.9086,51.0777],[23.8924,51.0744],[23.8848,51.0823],[23.8757,51.0771],[23.8714,51.0947],[23.8566,51.1],[23.8625,51.108],[23.8567,51.1107],[23.8624,51.1129],[23.8493,51.1239],[23.854,51.1307],[23.8695,51.1296],[23.8692,51.1505],[23.862,51.1517],[23.8613,51.1578],[23.8497,51.1551],[23.8511,51.16],[23.8421,51.1646],[23.8274,51.1603],[23.8212,51.1654],[23.8266,51.1671],[23.8135,51.1711],[23.8076,51.1852],[23.7848,51.1895],[23.7834,51.1986],[23.7605,51.2028],[23.7569,51.2122],[23.7391,51.212],[23.736,51.2198],[23.7431,51.224],[23.7263,51.2364],[23.7316,51.2388],[23.724,51.2467],[23.7268,51.2615],[23.7054,51.2748],[23.7094,51.2776],[23.6972,51.2833],[23.6952,51.2915],[23.6919,51.2864],[23.6779,51.2924],[23.6482,51.2873],[23.6466,51.2983],[23.6527,51.2994],[23.6407,51.3067],[23.6437,51.3136],[23.6355,51.3196],[23.6423,51.3263],[23.6356,51.3282],[23.6476,51.34],[23.6566,51.3394],[23.6497,51.3437],[23.656,51.3452],[23.6567,51.3594],[23.6694,51.361],[23.6658,51.3674],[23.6864,51.3684],[23.6785,51.3841],[23.6892,51.3883],[23.6767,51.3937],[23.7026,51.4036],[23.6964,51.4075],[23.7021,51.412],[23.6928,51.4141],[23.7029,51.4198],[23.6886,51.4191],[23.6769,51.4301],[23.6859,51.4337],[23.6812,51.4377],[23.6855,51.4452],[23.6764,51.4411],[23.6494,51.4462],[23.6468,51.4593],[23.6764,51.4709],[23.67,51.4828],[23.6587,51.4907],[23.6385,51.4854],[23.6164,51.5031],[23.6177,51.5079],[23.6668,51.4986],[23.6767,51.5065],[23.6714,51.5191],[23.6362,51.5495],[23.6365,51.5563],[23.6596,51.5672],[23.6614,51.5833],[23.6315,51.5925],[23.6252,51.6079],[23.6041,51.6215],[23.6448,51.6392],[23.6663,51.6415],[23.6782,51.6531],[23.7029,51.6485],[23.7827,51.6675],[23.7901,51.6608],[23.7883,51.6401],[23.8678,51.6427],[23.9126,51.6315],[23.8802,51.6083],[23.8757,51.5968],[23.8812,51.5919],[23.9035,51.5977],[23.9433,51.5968],[23.9963,51.5801],[24.0283,51.6022],[24.0751,51.6188],[24.1206,51.6668],[24.2701,51.7169],[24.319,51.7507],[24.2946,51.804],[24.3056,51.8202],[24.3378,51.8456],[24.3342,51.856],[24.3398,51.8642],[24.3724,51.8784],[24.5675,51.8896],[24.6256,51.9027],[24.6629,51.8995],[24.6719,51.8925],[24.715,51.8964],[24.7496,51.8811],[24.7932,51.8947],[24.8105,51.912],[24.8352,51.9125],[24.843,51.8961],[24.9189,51.9113],[24.9317,51.897],[24.9354,51.8801],[24.9109,51.8785],[24.9087,51.8728],[24.9347,51.8711],[24.9393,51.8464],[24.9529,51.8431],[24.9264,51.836],[24.8905,51.8108],[24.8655,51.817],[24.855,51.8281],[24.8387,51.8278],[24.8144,51.7853],[24.8155,51.7759],[24.804,51.7723],[24.7905,51.7789],[24.722,51.7568],[24.7305,51.7446],[24.7221,51.7158],[24.7137,51.7089],[24.7012,51.7267],[24.6827,51.7302],[24.6724,51.7238],[24.6971,51.7094],[24.6792,51.7035],[24.693,51.6975],[24.6895,51.6929],[24.7009,51.6715],[24.6863,51.652],[24.6632,51.641],[24.6901,51.6405],[24.6834,51.6341],[24.6716,51.6373],[24.6786,51.6163],[24.6463,51.6187],[24.6345,51.6125],[24.6546,51.6031],[24.7646,51.6099],[24.7746,51.5978],[24.7731,51.5529],[24.7847,51.5324],[24.7671,51.5212],[24.763,51.5018],[24.7522,51.487],[24.7641,51.461],[24.7545,51.4512],[24.7824,51.4338],[24.8273,51.4328],[24.8355,51.4241],[24.833,51.4117],[24.8831,51.4053],[24.8941,51.3888],[24.8883,51.3868],[24.8984,51.3784],[24.9565,51.375],[24.9558,51.3691],[24.9379,51.3596],[24.9665,51.3508],[24.9836,51.3582],[25.1203,51.3689],[25.1465,51.3783],[25.2084,51.3747],[25.1795,51.3244],[25.198,51.2919],[25.2078,51.2831],[25.2488,51.2851],[25.279,51.2452],[25.294,51.2544],[25.3263,51.2512],[25.3353,51.2173],[25.3006,51.2186],[25.267,51.2101],[25.282,51.2103],[25.2932,51.1981],[25.3105,51.198],[25.304,51.1942],[25.3064,51.1841],[25.3292,51.1809],[25.3308,51.1749],[25.3235,51.1722],[25.3298,51.166],[25.345,51.1691],[25.3471,51.1625],[25.3747,51.1605],[25.3638,51.1533],[25.4099,51.1323],[25.3956,51.1236],[25.3295,51.1105],[25.3188,51.1185],[25.3204,51.1269],[25.295,51.1288],[25.2922,51.1189],[25.2652,51.1242],[25.2627,51.1167],[25.254,51.1193],[25.2423,51.0967],[25.2487,51.0795],[25.2151,51.0644],[25.1893,51.039],[25.1756,51.0483],[25.1402,51.0431],[25.1346,51.0324],[25.1209,51.0288],[25.0905,51.0286],[25.0878,51.0332],[25.0014,51.0177],[24.9479,51.0196],[24.9003,51.0006],[24.8273,51.001],[24.8397,50.9793],[24.8392,50.9678],[24.8659,50.9676],[24.884,50.954],[24.8928,50.9268],[24.8695,50.9401],[24.8272,50.9406],[24.8324,50.9201],[24.8262,50.8949]]]}},{"type":"Feature","properties":{"k":"lutskyi","o":"Волинська"},"geometry":{"type":"Polygon","coordinates":[[[24.5388,50.542],[24.5634,50.5303],[24.5656,50.5445],[24.5796,50.5538],[24.5592,50.556],[24.5614,50.5632],[24.6167,50.5613],[24.6241,50.5724],[24.636,50.5765],[24.6428,50.592],[24.6771,50.586],[24.7333,50.5914],[24.7375,50.5721],[24.7532,50.5687],[24.8315,50.5775],[24.8264,50.5993],[24.877,50.634],[24.8582,50.6368],[24.8617,50.6546],[24.876,50.6565],[24.8811,50.6641],[24.8754,50.6685],[24.8808,50.6798],[24.8638,50.6877],[24.8708,50.7107],[24.8756,50.7146],[24.9359,50.7044],[24.942,50.7557],[24.9313,50.7769],[24.9217,50.7773],[24.9178,50.8008],[24.9047,50.8043],[24.8986,50.8201],[24.9012,50.8361],[24.8663,50.8547],[24.8287,50.8578],[24.8279,50.8863],[24.8178,50.8865],[24.8262,50.8949],[24.8324,50.9201],[24.8272,50.9406],[24.8695,50.9401],[24.8928,50.9268],[24.884,50.954],[24.8659,50.9676],[24.8392,50.9678],[24.8397,50.9793],[24.8273,51.001],[24.9003,51.0006],[24.9479,51.0196],[25.0014,51.0177],[25.0878,51.0332],[25.0905,51.0286],[25.1209,51.0288],[25.1346,51.0324],[25.1402,51.0431],[25.1756,51.0483],[25.1893,51.039],[25.2151,51.0644],[25.2487,51.0795],[25.2423,51.0967],[25.254,51.1193],[25.2627,51.1167],[25.2652,51.1242],[25.2922,51.1189],[25.295,51.1288],[25.3204,51.1269],[25.3188,51.1185],[25.3295,51.1105],[25.3514,51.1129],[25.4281,51.13],[25.4566,51.1582],[25.4839,51.159],[25.4841,51.1496],[25.4992,51.1527],[25.5063,51.1472],[25.5407,51.1577],[25.5813,51.1592],[25.6404,51.1592],[25.6419,51.1479],[25.658,51.1591],[25.7803,51.1403],[25.7886,51.1481],[25.7781,51.1517],[25.782,51.1699],[25.7714,51.1784],[25.7816,51.1903],[25.8157,51.1902],[25.9488,51.2322],[25.9957,51.2278],[26.0677,51.1769],[26.0581,51.1724],[26.0701,51.158],[26.0587,51.1426],[26.0118,51.1309],[26.0084,51.1402],[25.9932,51.1393],[25.9947,51.1234],[25.9594,51.1257],[25.9416,51.1194],[25.9382,51.1125],[25.9499,51.1032],[25.9416,51.084],[25.9822,51.0775],[26.0175,51.0831],[26.0909,51.051],[26.1073,51.0052],[26.0857,51.0028],[26.079,50.9901],[26.0807,50.9717],[26.048,50.972],[25.9663,50.9574],[26.0007,50.9354],[25.9917,50.8658],[26.0142,50.8658],[26.0377,50.8508],[26.0395,50.8417],[26.0295,50.8403],[26.0219,50.821],[25.9065,50.8312],[25.9087,50.8156],[25.8922,50.8031],[25.8871,50.765],[25.8719,50.7386],[25.8793,50.7081],[25.8692,50.6873],[25.8235,50.6467],[25.8439,50.6312],[25.8254,50.6209],[25.7952,50.6695],[25.7729,50.6763],[25.7423,50.6697],[25.7088,50.6715],[25.708,50.6791],[25.7221,50.6835],[25.6955,50.7032],[25.694,50.7247],[25.6294,50.7144],[25.5992,50.7157],[25.6017,50.6962],[25.5792,50.7001],[25.4756,50.6725],[25.4696,50.68],[25.4589,50.6748],[25.4638,50.6693],[25.457,50.6625],[25.4047,50.669],[25.3859,50.689],[25.3756,50.6823],[25.3877,50.6745],[25.3848,50.6549],[25.3622,50.6519],[25.3568,50.6452],[25.3529,50.6494],[25.3512,50.6415],[25.3628,50.6432],[25.3636,50.638],[25.386,50.6295],[25.3829,50.6196],[25.4058,50.6115],[25.3911,50.6056],[25.3831,50.6115],[25.3279,50.6121],[25.3118,50.6292],[25.2919,50.6305],[25.2924,50.6121],[25.3048,50.603],[25.3002,50.5796],[25.3188,50.5836],[25.3214,50.5687],[25.3005,50.5381],[25.2434,50.5338],[25.2465,50.5375],[25.2305,50.5411],[25.1912,50.543],[25.1913,50.5515],[25.1506,50.5474],[25.1237,50.5535],[25.1173,50.5375],[25.1222,50.5288],[25.144,50.5213],[25.163,50.5006],[25.1506,50.4684],[25.0841,50.4754],[25.1383,50.4611],[25.138,50.453],[25.1518,50.4468],[25.137,50.4368],[25.1391,50.4282],[25.1585,50.4289],[25.1581,50.4227],[25.1683,50.4171],[25.1694,50.3959],[25.1974,50.3934],[25.2098,50.3812],[25.1987,50.3631],[25.1793,50.3622],[25.169,50.3797],[25.1417,50.3691],[25.1518,50.352],[25.1459,50.3442],[25.1663,50.3311],[25.1295,50.3184],[25.1303,50.3106],[25.109,50.3122],[25.1105,50.3052],[25.1006,50.3004],[25.1013,50.2951],[25.1114,50.2943],[25.1126,50.2872],[25.0535,50.3019],[25.0589,50.3423],[25.0168,50.3417],[24.9419,50.3894],[24.9293,50.3782],[24.9395,50.3642],[24.9367,50.3456],[24.8856,50.3447],[24.8872,50.3586],[24.8658,50.3596],[24.8594,50.3496],[24.7893,50.346],[24.7773,50.3377],[24.7138,50.3423],[24.7217,50.3723],[24.7149,50.3789],[24.6513,50.4033],[24.6538,50.41],[24.5967,50.4135],[24.5993,50.4562],[24.5886,50.4617],[24.598,50.4664],[24.5976,50.4789],[24.5878,50.4934],[24.5961,50.4978],[24.5866,50.5],[24.5879,50.4937],[24.57,50.4889],[24.5547,50.4929],[24.5536,50.5059],[24.5592,50.5109],[24.5388,50.542]]]}},{"type":"Feature","properties":{"k":"dniprovskyi","o":"Дніпропетровська"},"geometry":{"type":"Polygon","coordinates":[[[34.1759,47.9674],[34.1989,47.9721],[34.2013,48.0052],[34.2114,48.0062],[34.2084,48.0152],[34.2237,48.018],[34.2229,48.0255],[34.2379,48.0295],[34.2321,48.0487],[34.2254,48.0498],[34.2202,48.0611],[34.207,48.0606],[34.2046,48.0718],[34.2293,48.0757],[34.2316,48.0709],[34.2883,48.0828],[34.2826,48.1098],[34.2727,48.1115],[34.2971,48.1178],[34.3769,48.1308],[34.3784,48.1203],[34.3952,48.1274],[34.4303,48.1292],[34.429,48.1404],[34.4082,48.1453],[34.4093,48.154],[34.4465,48.1577],[34.4543,48.1705],[34.4387,48.1702],[34.4399,48.1639],[34.3956,48.1626],[34.3839,48.207],[34.3994,48.2085],[34.4041,48.1957],[34.436,48.1988],[34.4279,48.2345],[34.4539,48.2392],[34.4516,48.2477],[34.4578,48.2442],[34.471,48.2637],[34.5094,48.2572],[34.5178,48.2676],[34.5284,48.2626],[34.5348,48.2663],[34.5286,48.2728],[34.5627,48.2711],[34.5649,48.2508],[34.5929,48.2538],[34.5869,48.2868],[34.6073,48.2903],[34.5903,48.3151],[34.5751,48.3205],[34.598,48.332],[34.5652,48.406],[34.562,48.4352],[34.51,48.4409],[34.5117,48.4563],[34.553,48.4559],[34.5601,48.465],[34.5879,48.451],[34.6275,48.4575],[34.6294,48.4509],[34.6311,48.4584],[34.6439,48.4556],[34.641,48.4671],[34.6593,48.473],[34.6641,48.4666],[34.6559,48.465],[34.6741,48.4644],[34.6964,48.4516],[34.692,48.4472],[34.7007,48.4401],[34.7059,48.4457],[34.6984,48.4503],[34.7038,48.4542],[34.7025,48.4728],[34.7287,48.462],[34.7446,48.4421],[34.7603,48.4405],[34.7584,48.4506],[34.7712,48.4741],[34.7522,48.4807],[34.7422,48.4964],[34.7339,48.495],[34.6888,48.5199],[34.6698,48.5236],[34.6765,48.5321],[34.6692,48.5347],[34.6044,48.531],[34.5816,48.5377],[34.5879,48.5299],[34.5751,48.5401],[34.547,48.5405],[34.5507,48.5429],[34.5412,48.5457],[34.5533,48.5702],[34.5623,48.569],[34.5673,48.5857],[34.5809,48.5866],[34.568,48.5887],[34.6094,48.608],[34.6131,48.616],[34.6071,48.626],[34.5903,48.6217],[34.6009,48.6088],[34.583,48.599],[34.5611,48.6167],[34.5471,48.6045],[34.5388,48.608],[34.5318,48.6014],[34.5528,48.5902],[34.5565,48.5805],[34.5504,48.568],[34.5284,48.5738],[34.5158,48.5862],[34.479,48.5943],[34.4457,48.6125],[34.4251,48.6457],[34.3765,48.6654],[34.3484,48.6992],[34.3001,48.714],[34.3009,48.7256],[34.3062,48.7273],[34.3017,48.7334],[34.312,48.7392],[34.3085,48.7448],[34.3167,48.7562],[34.3087,48.7651],[34.3425,48.7842],[34.3233,48.7924],[34.3141,48.7849],[34.2981,48.7846],[34.2971,48.8207],[34.3434,48.8244],[34.323,48.8289],[34.3251,48.8442],[34.3384,48.8406],[34.3504,48.8482],[34.3503,48.8563],[34.3349,48.8568],[34.3374,48.8715],[34.306,48.8848],[34.3116,48.8894],[34.3002,48.8959],[34.3119,48.9407],[34.3529,48.9839],[34.3436,48.9887],[34.346,48.9927],[34.3255,48.9988],[34.3318,49.0086],[34.3532,49.0165],[34.352,49.0214],[34.3637,49.0284],[34.3602,49.0334],[34.3953,49.0431],[34.3902,49.0504],[34.4157,49.0549],[34.4043,49.0749],[34.4021,49.0939],[34.4658,49.0643],[34.4749,49.0737],[34.4991,49.0617],[34.5158,49.0719],[34.5383,49.058],[34.5582,49.0555],[34.5739,49.0633],[34.5641,49.073],[34.5723,49.0952],[34.5933,49.0928],[34.5897,49.1121],[34.6003,49.1091],[34.6213,49.1213],[34.6547,49.0973],[34.6739,49.0967],[34.6901,49.0692],[34.6805,49.0656],[34.6842,49.0607],[34.6582,49.0516],[34.6704,49.0381],[34.6955,49.0471],[34.7412,48.9945],[34.7308,48.9895],[34.7549,48.9658],[34.7454,48.9615],[34.7618,48.9486],[34.7396,48.9394],[34.7537,48.9273],[34.7616,48.9313],[34.7913,48.9088],[34.7817,48.9032],[34.7869,48.8974],[34.7372,48.8701],[34.7375,48.853],[34.7722,48.844],[34.7752,48.8212],[34.7822,48.8177],[34.7733,48.8047],[34.7725,48.7869],[34.7918,48.7749],[34.7872,48.7593],[34.8094,48.7558],[34.8298,48.7663],[34.8409,48.7744],[34.8293,48.7856],[34.8421,48.7932],[34.8371,48.7965],[34.8469,48.8058],[34.841,48.8211],[34.8584,48.8283],[34.8751,48.8241],[34.8909,48.8339],[34.9074,48.8223],[34.909,48.8157],[34.8972,48.8091],[34.9295,48.7828],[34.9475,48.7941],[34.9567,48.7899],[34.9511,48.7807],[34.9558,48.7731],[34.9316,48.7565],[34.9609,48.7411],[34.964,48.7303],[34.9464,48.7244],[34.9326,48.708],[34.9424,48.7017],[34.9754,48.723],[34.988,48.7148],[34.9842,48.7079],[35.0075,48.6916],[35.0227,48.6983],[35.0706,48.7545],[35.1658,48.733],[35.1621,48.7059],[35.1433,48.6995],[35.1642,48.6764],[35.1562,48.6721],[35.1686,48.6574],[35.2027,48.6672],[35.2146,48.6545],[35.1869,48.6523],[35.1649,48.6131],[35.1751,48.6],[35.1422,48.5861],[35.1525,48.579],[35.1591,48.5842],[35.2315,48.5472],[35.2414,48.5193],[35.262,48.5206],[35.2707,48.5089],[35.2654,48.5043],[35.2794,48.486],[35.3144,48.4985],[35.3197,48.4889],[35.305,48.4874],[35.3142,48.4728],[35.2852,48.4638],[35.3027,48.4398],[35.2365,48.4286],[35.253,48.422],[35.2535,48.4132],[35.2682,48.4121],[35.2722,48.404],[35.2536,48.4066],[35.2693,48.3915],[35.2796,48.3945],[35.2832,48.3832],[35.3095,48.3705],[35.3017,48.3698],[35.3026,48.3603],[35.293,48.3603],[35.2978,48.3572],[35.288,48.3535],[35.2836,48.3586],[35.2622,48.3468],[35.2825,48.3253],[35.2682,48.3196],[35.2654,48.3119],[35.2553,48.3128],[35.2448,48.2991],[35.2507,48.2988],[35.2463,48.2765],[35.2266,48.2552],[35.1957,48.2649],[35.1809,48.2602],[35.1924,48.2499],[35.1997,48.2213],[35.1841,48.1662],[35.1944,48.1403],[35.1802,48.1318],[35.107,48.1312],[35.063,48.1218],[35.0368,48.0974],[34.9893,48.09],[34.9863,48.0966],[34.9146,48.0908],[34.9116,48.1137],[34.9195,48.1146],[34.9156,48.1304],[34.8813,48.1269],[34.8782,48.1339],[34.855,48.133],[34.8756,48.0543],[34.8393,48.049],[34.8462,48.0154],[34.8197,48.0111],[34.8229,47.998],[34.771,47.9921],[34.7694,47.9967],[34.7447,47.9876],[34.7327,48.0275],[34.6018,48.0136],[34.6104,47.9834],[34.59,47.9807],[34.5919,47.9638],[34.5576,47.9608],[34.5602,47.9536],[34.5352,47.9523],[34.5374,47.9406],[34.4929,47.9378],[34.4944,47.9301],[34.4486,47.9298],[34.4402,47.9562],[34.4179,47.9539],[34.4201,47.9447],[34.3735,47.9402],[34.3757,47.931],[34.4077,47.9371],[34.4084,47.9305],[34.3422,47.9195],[34.3395,47.9333],[34.3214,47.9291],[34.3156,47.9349],[34.3009,47.9729],[34.3038,47.9853],[34.2259,47.9739],[34.2259,47.9647],[34.1952,47.9583],[34.1761,47.9566],[34.1759,47.9674]],[[34.6054,48.5888],[34.6325,48.5903],[34.6311,48.6013],[34.6046,48.5937],[34.6054,48.5888]]]}},{"type":"Feature","properties":{"k":"kamianskyi","o":"Дніпропетровська"},"geometry":{"type":"MultiPolygon","coordinates":[[[[34.3009,48.7256],[34.3042,48.7103],[34.3484,48.6992],[34.3765,48.6654],[34.4251,48.6457],[34.4457,48.6125],[34.4641,48.6],[34.5029,48.592],[34.5284,48.5738],[34.5504,48.568],[34.5565,48.5805],[34.5528,48.5902],[34.5318,48.6014],[34.5388,48.608],[34.5471,48.6045],[34.5611,48.6167],[34.583,48.599],[34.6009,48.6088],[34.5903,48.6217],[34.6071,48.626],[34.6131,48.616],[34.6094,48.608],[34.568,48.5887],[34.5809,48.5866],[34.5673,48.5857],[34.5623,48.569],[34.5533,48.5702],[34.5412,48.5457],[34.5507,48.5429],[34.547,48.5405],[34.5751,48.5401],[34.5879,48.5299],[34.5816,48.5377],[34.6044,48.531],[34.6692,48.5347],[34.6765,48.5321],[34.6698,48.5236],[34.6888,48.5199],[34.7339,48.495],[34.7422,48.4964],[34.7522,48.4807],[34.7712,48.4741],[34.7584,48.4506],[34.7603,48.4405],[34.7446,48.4421],[34.7287,48.462],[34.7025,48.4728],[34.7038,48.4542],[34.6984,48.4503],[34.7059,48.4457],[34.7007,48.4401],[34.692,48.4472],[34.6964,48.4516],[34.6741,48.4644],[34.6559,48.465],[34.6641,48.4666],[34.6593,48.473],[34.641,48.4671],[34.6439,48.4556],[34.6311,48.4584],[34.6294,48.4509],[34.6275,48.4575],[34.5879,48.451],[34.5601,48.465],[34.553,48.4559],[34.5117,48.4563],[34.51,48.4409],[34.562,48.4352],[34.5652,48.406],[34.598,48.332],[34.5751,48.3205],[34.5903,48.3151],[34.6073,48.2903],[34.5869,48.2868],[34.5929,48.2538],[34.5649,48.2508],[34.5627,48.2711],[34.5286,48.2728],[34.5348,48.2663],[34.5284,48.2626],[34.5178,48.2676],[34.5094,48.2572],[34.471,48.2637],[34.4578,48.2442],[34.4516,48.2477],[34.4539,48.2392],[34.4279,48.2345],[34.436,48.1988],[34.4041,48.1957],[34.3994,48.2085],[34.3839,48.207],[34.3956,48.1626],[34.4399,48.1639],[34.4387,48.1702],[34.4543,48.1705],[34.4465,48.1577],[34.4093,48.154],[34.4082,48.1453],[34.429,48.1404],[34.4303,48.1292],[34.3952,48.1274],[34.3784,48.1203],[34.3769,48.1308],[34.2727,48.1115],[34.2826,48.1098],[34.2883,48.0828],[34.2316,48.0709],[34.2293,48.0757],[34.2046,48.0718],[34.207,48.0606],[34.1901,48.0576],[34.1886,48.0688],[34.1793,48.0699],[34.184,48.0766],[34.1612,48.0752],[34.1055,48.1046],[34.0879,48.1018],[34.0591,48.1515],[34.0157,48.1419],[34.0048,48.1861],[33.9784,48.1848],[33.9711,48.1918],[33.936,48.1786],[33.9358,48.1855],[33.9452,48.1905],[33.9435,48.2028],[33.9283,48.2023],[33.9226,48.2242],[33.886,48.2199],[33.8751,48.2594],[33.8402,48.2601],[33.8278,48.2522],[33.8126,48.2566],[33.8089,48.2643],[33.745,48.2513],[33.6794,48.2502],[33.6714,48.2623],[33.6315,48.2545],[33.622,48.2506],[33.6261,48.245],[33.5994,48.2427],[33.5929,48.2625],[33.6237,48.2903],[33.6141,48.32],[33.587,48.3194],[33.5713,48.3055],[33.5785,48.2532],[33.5462,48.2353],[33.5297,48.2758],[33.5137,48.2773],[33.5182,48.2848],[33.5101,48.2942],[33.5172,48.3283],[33.5056,48.3324],[33.473,48.3261],[33.4787,48.3493],[33.4617,48.3495],[33.4597,48.3576],[33.4757,48.3697],[33.4697,48.3708],[33.4714,48.3851],[33.4972,48.3937],[33.495,48.4047],[33.4863,48.4042],[33.4894,48.4403],[33.4697,48.5336],[33.4799,48.536],[33.4724,48.545],[33.4842,48.5478],[33.4817,48.5581],[33.5116,48.5589],[33.5096,48.5681],[33.5849,48.5764],[33.5902,48.5596],[33.6222,48.5659],[33.6092,48.5994],[33.65,48.5999],[33.6605,48.5857],[33.7004,48.6059],[33.7611,48.6244],[33.7632,48.6434],[33.7561,48.6572],[33.8021,48.6629],[33.8053,48.6868],[33.7504,48.6807],[33.7465,48.6934],[33.7307,48.6922],[33.6815,48.7232],[33.6506,48.721],[33.6493,48.7256],[33.6188,48.7276],[33.6075,48.7514],[33.5928,48.7481],[33.5852,48.7544],[33.5782,48.7788],[33.5873,48.7796],[33.583,48.7968],[33.6022,48.7986],[33.604,48.7917],[33.6164,48.7932],[33.6178,48.7876],[33.6567,48.7926],[33.675,48.8152],[33.6894,48.8081],[33.7142,48.8135],[33.7203,48.8098],[33.7253,48.7867],[33.7703,48.7992],[33.7722,48.7919],[33.793,48.7942],[33.7922,48.8005],[33.8113,48.8028],[33.819,48.7761],[33.8301,48.7689],[33.8508,48.7708],[33.8477,48.8026],[33.8622,48.8375],[33.8738,48.8407],[33.8938,48.902],[33.9308,48.8798],[33.9853,48.865],[34.0253,48.8625],[34.0329,48.844],[34.0692,48.8253],[34.1113,48.8238],[34.1227,48.8179],[34.1274,48.8105],[34.1169,48.7945],[34.1255,48.7791],[34.1512,48.7726],[34.1755,48.776],[34.2528,48.7439],[34.2885,48.7434],[34.2982,48.7372],[34.2922,48.7237],[34.3009,48.7256]]],[[[34.6325,48.5903],[34.6054,48.5888],[34.6046,48.5937],[34.6311,48.6013],[34.6325,48.5903]]]]}},{"type":"Feature","properties":{"k":"kryvorizkyi","o":"Дніпропетровська"},"geometry":{"type":"Polygon","coordinates":[[[34.1901,48.0576],[34.2202,48.0611],[34.2254,48.0498],[34.2321,48.0487],[34.2379,48.0295],[34.2229,48.0255],[34.2237,48.018],[34.2084,48.0152],[34.2114,48.0062],[34.2013,48.0052],[34.1989,47.9721],[34.1611,47.9666],[34.1448,47.9537],[34.1472,47.9437],[34.1409,47.9405],[34.0954,47.9479],[34.0633,47.9251],[34.056,47.9338],[34.0123,47.929],[34.0169,47.9056],[33.9992,47.9027],[34.0089,47.8959],[34.0073,47.8729],[34.0264,47.8734],[34.0278,47.8668],[34.0191,47.8608],[34.0286,47.863],[34.0435,47.8081],[34.065,47.8091],[34.0663,47.7966],[34.0342,47.7729],[34.0228,47.7528],[33.959,47.7446],[33.9572,47.7261],[33.9285,47.7226],[33.937,47.7169],[33.9308,47.6941],[33.9405,47.6941],[33.9786,47.6679],[34.042,47.6689],[34.0561,47.65],[34.0719,47.6413],[34.0793,47.6443],[34.0507,47.6189],[34.0882,47.5984],[34.0775,47.5922],[34.0782,47.5859],[34.1088,47.474],[34.003,47.4565],[33.9554,47.4574],[33.9475,47.4998],[33.9377,47.5164],[33.6435,47.4845],[33.6358,47.514],[33.6037,47.5101],[33.6047,47.5041],[33.5882,47.5021],[33.5803,47.5326],[33.5923,47.5445],[33.5889,47.5582],[33.609,47.5611],[33.6053,47.575],[33.5924,47.5735],[33.5803,47.6],[33.4737,47.5872],[33.4861,47.544],[33.3252,47.5228],[33.3299,47.51],[33.3489,47.4936],[33.3136,47.4821],[33.307,47.4861],[33.3147,47.4902],[33.3099,47.5016],[33.2954,47.5044],[33.279,47.5171],[33.2876,47.5282],[33.2872,47.5433],[33.2735,47.546],[33.2409,47.5302],[33.2155,47.5331],[33.2219,47.5397],[33.2182,47.5484],[33.2362,47.5636],[33.2332,47.5774],[33.2068,47.5693],[33.1868,47.5741],[33.1717,47.5667],[33.0926,47.5787],[33.095,47.597],[32.9596,47.593],[32.9711,47.6052],[32.9904,47.6064],[32.9871,47.6138],[32.9971,47.6166],[32.972,47.7226],[33.0722,47.7389],[33.0668,47.7626],[33.0545,47.7616],[33.0496,47.7819],[33.0678,47.7836],[33.0572,47.8319],[33.081,47.8348],[33.0697,47.8825],[33.0864,47.8852],[33.0783,47.9204],[33.0134,47.9104],[33.0031,47.916],[32.9935,47.9349],[33.0077,47.9368],[33.0014,47.9671],[32.9952,47.9674],[32.9962,47.9865],[33.0249,47.9842],[33.0241,48.0085],[33.0356,48.0119],[33.0318,48.0309],[33.1106,48.0429],[33.105,48.0475],[33.1057,48.0639],[33.1434,48.064],[33.1481,48.0416],[33.1537,48.0421],[33.1417,48.0765],[33.1543,48.0778],[33.1532,48.0833],[33.2249,48.092],[33.222,48.1058],[33.2369,48.1073],[33.2354,48.1134],[33.22,48.1149],[33.2215,48.1078],[33.1868,48.1042],[33.1817,48.1181],[33.2318,48.1265],[33.227,48.1492],[33.2173,48.1482],[33.2128,48.1699],[33.243,48.1726],[33.2475,48.1511],[33.2718,48.1537],[33.277,48.1032],[33.2934,48.1018],[33.3017,48.1187],[33.3154,48.118],[33.3165,48.1249],[33.307,48.1278],[33.2908,48.15],[33.3165,48.1522],[33.3155,48.1579],[33.431,48.1702],[33.4304,48.1887],[33.4789,48.1944],[33.4775,48.1997],[33.4961,48.202],[33.4974,48.2106],[33.4917,48.2076],[33.4844,48.2145],[33.4982,48.217],[33.5007,48.2319],[33.5277,48.2219],[33.5785,48.2532],[33.5713,48.3055],[33.5784,48.3164],[33.6141,48.32],[33.6237,48.2903],[33.5929,48.2625],[33.5994,48.2427],[33.6261,48.245],[33.622,48.2506],[33.6315,48.2545],[33.6714,48.2623],[33.6794,48.2502],[33.745,48.2513],[33.8089,48.2643],[33.8126,48.2566],[33.8278,48.2522],[33.8402,48.2601],[33.8751,48.2594],[33.886,48.2199],[33.9226,48.2242],[33.9283,48.2023],[33.9435,48.2028],[33.9452,48.1905],[33.9358,48.1855],[33.936,48.1786],[33.9711,48.1918],[33.9784,48.1848],[34.0048,48.1861],[34.0157,48.1419],[34.0591,48.1515],[34.0879,48.1018],[34.1055,48.1046],[34.1612,48.0752],[34.184,48.0766],[34.1793,48.0699],[34.1886,48.0688],[34.1901,48.0576]]]}},{"type":"Feature","properties":{"k":"nikopolskyi","o":"Дніпропетровська"},"geometry":{"type":"Polygon","coordinates":[[[34.1759,47.9674],[34.1761,47.9566],[34.1952,47.9583],[34.2259,47.9647],[34.2259,47.9739],[34.3038,47.9853],[34.3009,47.9729],[34.3156,47.9349],[34.3214,47.9291],[34.3395,47.9333],[34.3422,47.9195],[34.4084,47.9305],[34.4077,47.9371],[34.3757,47.931],[34.3735,47.9402],[34.4201,47.9447],[34.4179,47.9539],[34.4402,47.9562],[34.4486,47.9298],[34.4579,47.9265],[34.4944,47.9301],[34.4929,47.9378],[34.5374,47.9406],[34.5352,47.9523],[34.5919,47.9638],[34.59,47.9807],[34.6104,47.9834],[34.6018,48.0136],[34.7327,48.0275],[34.7447,47.9876],[34.7694,47.9967],[34.771,47.9921],[34.8229,47.998],[34.8197,48.0111],[34.8583,48.0151],[34.8694,47.9823],[34.9047,47.9858],[34.9185,47.9334],[34.8808,47.9288],[34.8764,47.942],[34.8686,47.941],[34.8491,47.9379],[34.8531,47.9216],[34.8019,47.9155],[34.8168,47.8645],[34.8611,47.8805],[34.8706,47.8513],[34.8974,47.8527],[34.9033,47.8298],[34.8789,47.8186],[34.8935,47.7601],[34.9569,47.7693],[34.9648,47.74],[34.9544,47.7389],[34.9559,47.7124],[34.9296,47.7116],[34.9377,47.6776],[34.9055,47.674],[34.9161,47.6338],[34.9329,47.6357],[34.9419,47.6016],[34.9347,47.5907],[34.9259,47.5942],[34.9361,47.5825],[34.9273,47.5804],[34.9458,47.5742],[34.935,47.568],[34.9568,47.5687],[34.965,47.5484],[34.944,47.5292],[34.8625,47.5152],[34.7968,47.5372],[34.7378,47.5388],[34.6443,47.5601],[34.5724,47.5617],[34.5282,47.5539],[34.4677,47.5321],[34.2975,47.5185],[34.2337,47.4943],[34.1088,47.474],[34.0782,47.5859],[34.0775,47.5922],[34.0882,47.5984],[34.0507,47.6189],[34.0793,47.6443],[34.0719,47.6413],[34.0561,47.65],[34.042,47.6689],[33.9786,47.6679],[33.9405,47.6941],[33.9308,47.6941],[33.937,47.7169],[33.9285,47.7226],[33.9572,47.7261],[33.959,47.7446],[34.0228,47.7528],[34.0342,47.7729],[34.0663,47.7966],[34.065,47.8091],[34.0435,47.8081],[34.0286,47.863],[34.0191,47.8608],[34.0278,47.8668],[34.0264,47.8734],[34.0073,47.8729],[34.0089,47.8959],[33.9992,47.9027],[34.0169,47.9056],[34.0123,47.929],[34.056,47.9338],[34.0633,47.9251],[34.0954,47.9479],[34.1409,47.9405],[34.1528,47.9619],[34.1759,47.9674]]]}},{"type":"Feature","properties":{"k":"novomoskovskyi","o":"Дніпропетровська"},"geometry":{"type":"Polygon","coordinates":[[[35.3151,48.4246],[35.2852,48.4638],[35.3142,48.4728],[35.3049,48.4852],[35.3197,48.4889],[35.3144,48.4985],[35.2794,48.486],[35.2654,48.5043],[35.2707,48.5089],[35.262,48.5206],[35.2414,48.5193],[35.2315,48.5472],[35.1591,48.5842],[35.1525,48.579],[35.1422,48.5861],[35.1751,48.6],[35.1649,48.6131],[35.1869,48.6523],[35.2146,48.6545],[35.2027,48.6672],[35.1686,48.6574],[35.1562,48.6721],[35.1642,48.6764],[35.1433,48.6995],[35.1621,48.7059],[35.1658,48.733],[35.0706,48.7545],[35.0227,48.6983],[35.0075,48.6916],[34.9842,48.7079],[34.988,48.7148],[34.9754,48.723],[34.9424,48.7017],[34.9326,48.708],[34.9464,48.7244],[34.964,48.7303],[34.9609,48.7411],[34.9316,48.7565],[34.9558,48.7731],[34.9511,48.7807],[34.9567,48.7899],[34.9475,48.7941],[34.9295,48.7828],[34.8972,48.8091],[34.909,48.8157],[34.9074,48.8223],[34.8909,48.8339],[34.8751,48.8241],[34.8584,48.8283],[34.841,48.8211],[34.8469,48.8058],[34.8371,48.7965],[34.8421,48.7932],[34.8293,48.7856],[34.8409,48.7744],[34.8298,48.7663],[34.8094,48.7558],[34.7872,48.7593],[34.7918,48.7749],[34.7725,48.7869],[34.7733,48.8047],[34.7822,48.8177],[34.7752,48.8212],[34.7722,48.844],[34.7375,48.853],[34.7372,48.8701],[34.7869,48.8974],[34.7817,48.9032],[34.7913,48.9088],[34.7616,48.9313],[34.7537,48.9273],[34.7396,48.9394],[34.7618,48.9486],[34.7454,48.9615],[34.7549,48.9658],[34.7308,48.9895],[34.7412,48.9945],[34.6955,49.0471],[34.6704,49.0381],[34.6582,49.0516],[34.6842,49.0607],[34.6805,49.0656],[34.6901,49.0692],[34.6739,49.0967],[34.6547,49.0973],[34.6213,49.1213],[34.6483,49.1316],[34.6519,49.1231],[34.6632,49.1193],[34.682,49.1219],[34.681,49.1293],[34.6874,49.133],[34.706,49.1298],[34.7406,49.1447],[34.7629,49.1433],[34.7652,49.1557],[34.7584,49.1684],[34.8036,49.1792],[34.8032,49.1735],[34.8093,49.1751],[34.8054,49.1682],[34.8113,49.1667],[34.8282,49.1764],[34.8218,49.1762],[34.8254,49.1802],[34.8196,49.1867],[34.8466,49.1911],[34.8575,49.1906],[34.857,49.1843],[34.865,49.1813],[34.9019,49.1782],[34.8965,49.1691],[34.8712,49.1681],[34.8649,49.1614],[34.8986,49.1507],[34.919,49.1558],[34.9246,49.1821],[34.9354,49.1814],[34.9475,49.1935],[34.959,49.1917],[34.9583,49.1857],[34.9628,49.1896],[34.9649,49.1824],[34.977,49.181],[34.9873,49.1686],[35.0076,49.1601],[35.015,49.1545],[35.0119,49.1492],[35.0441,49.1564],[35.0532,49.177],[35.0734,49.1702],[35.0689,49.167],[35.0719,49.1592],[35.0804,49.1596],[35.0754,49.1489],[35.0854,49.141],[35.0919,49.1546],[35.1223,49.1647],[35.1447,49.1505],[35.1602,49.1612],[35.1875,49.1628],[35.2097,49.1511],[35.1893,49.1476],[35.1899,49.1381],[35.2286,49.1263],[35.2105,49.1241],[35.2095,49.1181],[35.1978,49.1184],[35.19,49.1099],[35.2198,49.107],[35.2274,49.1003],[35.2375,49.1141],[35.2569,49.1135],[35.2764,49.0906],[35.28,49.0964],[35.2828,49.0908],[35.3074,49.0917],[35.3126,49.0774],[35.3018,49.0695],[35.3345,49.0612],[35.3443,49.054],[35.3379,49.0497],[35.342,49.0455],[35.3696,49.0393],[35.3866,49.0266],[35.4011,49.0306],[35.4055,49.0197],[35.3996,49.019],[35.4074,49.0136],[35.4388,49.0111],[35.4361,49.0044],[35.4594,48.997],[35.4566,48.9895],[35.4684,48.9882],[35.4778,48.9789],[35.4884,48.9802],[35.4852,48.9726],[35.5083,48.9827],[35.5298,48.9756],[35.5304,48.9824],[35.5612,48.9737],[35.5705,48.9785],[35.5734,48.9736],[35.5845,48.9873],[35.5958,48.9868],[35.6023,48.9811],[35.6266,48.9832],[35.6247,48.9717],[35.6308,48.9625],[35.6439,48.9633],[35.6502,48.9741],[35.6944,48.9675],[35.6954,48.9534],[35.6903,48.9502],[35.6961,48.9428],[35.6979,48.9487],[35.7141,48.9488],[35.7119,48.9577],[35.7246,48.9666],[35.739,48.9625],[35.7394,48.9496],[35.7569,48.9476],[35.7607,48.9556],[35.7762,48.9481],[35.7837,48.9547],[35.7922,48.952],[35.7898,48.946],[35.8013,48.9424],[35.7922,48.9342],[35.8189,48.9242],[35.8141,48.9237],[35.8157,48.8925],[35.8082,48.8761],[35.7555,48.8759],[35.7578,48.8863],[35.7281,48.8875],[35.7043,48.8817],[35.6445,48.8874],[35.6441,48.8815],[35.6366,48.8816],[35.6366,48.8699],[35.6496,48.8696],[35.6858,48.8469],[35.6791,48.8424],[35.6688,48.8479],[35.6463,48.8309],[35.6814,48.8108],[35.6711,48.8029],[35.6853,48.7951],[35.6603,48.7692],[35.6752,48.7602],[35.6757,48.7313],[35.6413,48.7052],[35.6158,48.7005],[35.5846,48.6694],[35.5945,48.6635],[35.5556,48.6426],[35.5694,48.6396],[35.5646,48.6306],[35.5488,48.6318],[35.5443,48.6171],[35.5503,48.618],[35.5561,48.5945],[35.525,48.5987],[35.5538,48.5382],[35.5205,48.5322],[35.5133,48.5363],[35.5168,48.5267],[35.4359,48.5384],[35.4031,48.5267],[35.3972,48.5343],[35.3792,48.5282],[35.3928,48.507],[35.386,48.5112],[35.3668,48.5044],[35.3563,48.518],[35.3306,48.509],[35.3722,48.4549],[35.3477,48.4467],[35.3533,48.4385],[35.3151,48.4246]]]}},{"type":"Feature","properties":{"k":"pavlohradskyi","o":"Дніпропетровська"},"geometry":{"type":"Polygon","coordinates":[[[35.5228,48.5259],[35.5133,48.5363],[35.5205,48.5322],[35.5538,48.5382],[35.525,48.5987],[35.5561,48.5945],[35.5503,48.618],[35.5443,48.6171],[35.5488,48.6318],[35.5646,48.6306],[35.5694,48.6396],[35.5556,48.6426],[35.5945,48.6635],[35.5846,48.6694],[35.6158,48.7005],[35.6413,48.7052],[35.6757,48.7313],[35.6752,48.7602],[35.6603,48.7692],[35.6853,48.7951],[35.6711,48.8029],[35.6814,48.8108],[35.6463,48.8309],[35.6688,48.8479],[35.6791,48.8424],[35.6858,48.8469],[35.6496,48.8696],[35.6366,48.8699],[35.6366,48.8816],[35.6441,48.8815],[35.6445,48.8874],[35.7043,48.8817],[35.7281,48.8875],[35.7578,48.8863],[35.7555,48.8759],[35.8082,48.8761],[35.8157,48.8925],[35.8141,48.9237],[35.8189,48.9242],[35.8098,48.9413],[35.8197,48.9399],[35.8302,48.9501],[35.8361,48.943],[35.8381,48.9473],[35.8558,48.9451],[35.8551,48.958],[35.8792,48.9629],[35.885,48.9752],[35.9147,48.9682],[35.9375,48.9729],[35.9436,48.9774],[35.9306,48.9797],[35.94,48.9992],[35.9896,48.9692],[35.9776,48.9597],[36.0041,48.9461],[35.9959,48.9393],[36.0436,48.9156],[36.0117,48.8879],[36.0403,48.8735],[36.0194,48.8547],[36.0748,48.8362],[36.0661,48.8089],[36.1305,48.8067],[36.159,48.7841],[36.1529,48.781],[36.1589,48.7681],[36.14,48.7659],[36.1617,48.7488],[36.1428,48.7244],[36.2842,48.6595],[36.2668,48.6496],[36.2684,48.6373],[36.2512,48.6207],[36.319,48.5872],[36.2713,48.5437],[36.2963,48.5315],[36.2419,48.4828],[36.2489,48.4792],[36.2336,48.4651],[36.1881,48.4354],[36.1564,48.4423],[36.1114,48.4181],[36.1127,48.424],[36.0996,48.4261],[36.1065,48.4409],[36.0558,48.4503],[36.0476,48.4583],[36.0548,48.4348],[36.104,48.3498],[35.8908,48.4096],[35.8695,48.4056],[35.8723,48.3967],[35.8839,48.3916],[35.8398,48.3856],[35.8413,48.38],[35.8233,48.3772],[35.8278,48.3573],[35.8054,48.3551],[35.8145,48.3126],[35.7844,48.3095],[35.7897,48.2858],[35.7635,48.2903],[35.7528,48.2993],[35.7645,48.3072],[35.7485,48.3132],[35.7558,48.3206],[35.7497,48.3285],[35.7541,48.3398],[35.7388,48.3349],[35.7279,48.3405],[35.7072,48.3323],[35.6788,48.3613],[35.7007,48.3694],[35.6923,48.3798],[35.7023,48.3839],[35.7156,48.3686],[35.7479,48.3862],[35.7332,48.4007],[35.7828,48.4049],[35.7754,48.4278],[35.7945,48.4344],[35.7694,48.4602],[35.7471,48.4723],[35.733,48.4651],[35.7243,48.4712],[35.7059,48.4598],[35.6704,48.4916],[35.6473,48.4782],[35.6147,48.5109],[35.6387,48.5225],[35.6192,48.5459],[35.6052,48.5435],[35.6093,48.5287],[35.5603,48.5192],[35.566,48.5044],[35.5333,48.4989],[35.5228,48.5259]]]}},{"type":"Feature","properties":{"k":"synelnykivskyi","o":"Дніпропетровська"},"geometry":{"type":"Polygon","coordinates":[[[35.1944,48.1403],[35.1841,48.1662],[35.1997,48.2213],[35.1924,48.2499],[35.1809,48.2602],[35.1957,48.2649],[35.2266,48.2552],[35.2463,48.2765],[35.2507,48.2988],[35.2448,48.2991],[35.2553,48.3128],[35.2654,48.3119],[35.2682,48.3196],[35.2825,48.3253],[35.2622,48.3468],[35.2836,48.3586],[35.288,48.3535],[35.2978,48.3572],[35.293,48.3603],[35.3026,48.3603],[35.3017,48.3698],[35.3095,48.3705],[35.2832,48.3832],[35.2796,48.3945],[35.2693,48.3915],[35.2536,48.4066],[35.2722,48.404],[35.2682,48.4121],[35.2535,48.4132],[35.253,48.422],[35.2365,48.4286],[35.3027,48.4398],[35.3151,48.4246],[35.3533,48.4385],[35.3477,48.4467],[35.3722,48.4549],[35.3306,48.509],[35.3563,48.518],[35.3668,48.5044],[35.386,48.5112],[35.3928,48.507],[35.3792,48.5282],[35.3972,48.5343],[35.4031,48.5267],[35.4359,48.5384],[35.5228,48.5259],[35.5333,48.4989],[35.566,48.5044],[35.5603,48.5192],[35.6093,48.5287],[35.6052,48.5435],[35.6192,48.5459],[35.6387,48.5225],[35.6147,48.5109],[35.6473,48.4782],[35.6704,48.4916],[35.7059,48.4598],[35.7243,48.4712],[35.733,48.4651],[35.7471,48.4723],[35.7572,48.469],[35.7945,48.4344],[35.7754,48.4278],[35.7828,48.4049],[35.7332,48.4007],[35.7479,48.3862],[35.7156,48.3686],[35.7023,48.3839],[35.6923,48.3798],[35.7007,48.3694],[35.6788,48.3613],[35.7072,48.3323],[35.7279,48.3405],[35.7388,48.3349],[35.7541,48.3398],[35.7497,48.3285],[35.7558,48.3206],[35.7485,48.3132],[35.7645,48.3072],[35.7528,48.2993],[35.7635,48.2903],[35.7897,48.2858],[35.7844,48.3095],[35.8145,48.3126],[35.8054,48.3551],[35.8278,48.3573],[35.8233,48.3772],[35.8413,48.38],[35.8398,48.3856],[35.8839,48.3916],[35.8723,48.3967],[35.8695,48.4056],[35.8908,48.4096],[36.104,48.3498],[36.0548,48.4348],[36.0476,48.4583],[36.0558,48.4503],[36.1065,48.4409],[36.0996,48.4261],[36.1127,48.424],[36.1114,48.4181],[36.1564,48.4423],[36.1881,48.4354],[36.2336,48.4651],[36.2489,48.4792],[36.2419,48.4828],[36.3237,48.5556],[36.355,48.5397],[36.3496,48.535],[36.3548,48.5321],[36.3919,48.5647],[36.3811,48.5703],[36.4251,48.6127],[36.4454,48.6137],[36.4281,48.6158],[36.4424,48.6287],[36.4202,48.635],[36.4476,48.6329],[36.4825,48.6635],[36.5614,48.6231],[36.5627,48.6168],[36.5783,48.6159],[36.5802,48.6071],[36.59,48.608],[36.5911,48.6024],[36.6554,48.6093],[36.6539,48.6161],[36.6739,48.6182],[36.6724,48.6247],[36.7389,48.6262],[36.7453,48.5964],[36.7786,48.6003],[36.8057,48.5963],[36.8104,48.569],[36.859,48.5688],[36.8714,48.5502],[36.883,48.551],[36.8848,48.5418],[36.9015,48.5434],[36.906,48.5229],[36.8503,48.5177],[36.8567,48.487],[36.8301,48.4844],[36.8367,48.4431],[36.8453,48.4437],[36.8514,48.4174],[36.8372,48.4204],[36.8246,48.4147],[36.8349,48.4101],[36.8203,48.4065],[36.8277,48.3712],[36.8215,48.3658],[36.813,48.3685],[36.8162,48.3488],[36.8088,48.3481],[36.8166,48.3125],[36.8712,48.3169],[36.8737,48.3055],[36.9123,48.3092],[36.9365,48.1943],[36.9043,48.1935],[36.9059,48.1886],[36.8977,48.1873],[36.8931,48.1913],[36.8943,48.1802],[36.8883,48.1773],[36.8727,48.1841],[36.8962,48.0776],[36.8782,48.0619],[36.8765,48.0511],[36.858,48.0522],[36.8545,48.0324],[36.8127,48.0405],[36.8037,48.0532],[36.7827,48.0468],[36.764,48.0558],[36.7438,48.0502],[36.747,48.0643],[36.7264,48.0711],[36.7186,48.0846],[36.7105,48.0797],[36.6752,48.0907],[36.6633,48.0876],[36.6533,48.1002],[36.636,48.0941],[36.651,48.0882],[36.6291,48.089],[36.6325,48.0847],[36.6224,48.082],[36.602,48.0909],[36.6043,48.0855],[36.5803,48.0797],[36.587,48.0759],[36.5871,48.0648],[36.578,48.0619],[36.5872,48.0523],[36.5738,48.0402],[36.5909,48.0201],[36.5683,48.0115],[36.5863,48.0007],[36.5764,47.998],[36.5853,47.9566],[36.6291,47.9617],[36.6401,47.9204],[36.5897,47.9217],[36.5925,47.9108],[36.5418,47.9059],[36.5494,47.8773],[36.5767,47.8803],[36.585,47.8471],[36.5208,47.8363],[36.5225,47.8289],[36.449,47.8241],[36.3763,47.8302],[36.3744,47.838],[36.3237,47.8394],[36.3326,47.8207],[36.2753,47.8153],[36.2659,47.8333],[36.1896,47.837],[36.196,47.8594],[36.1774,47.8571],[36.1788,47.8504],[36.1013,47.8424],[36.0994,47.8496],[36.0737,47.8479],[36.0684,47.8674],[36.0574,47.8683],[36.054,47.88],[36.0806,47.8833],[36.087,47.8611],[36.1195,47.8649],[36.1175,47.8719],[36.1298,47.8906],[36.1224,47.9002],[36.128,47.9021],[36.1106,47.9247],[36.1201,47.9279],[36.109,47.9417],[36.0846,47.9303],[36.0734,47.9651],[36.0515,47.9585],[36.0478,47.9658],[36.0708,47.9721],[36.0616,48.0014],[36.0415,48.0036],[36.0342,48.0187],[36.0652,48.0251],[36.0523,48.0588],[35.9751,48.0433],[35.9885,48.058],[35.9808,48.0634],[35.9714,48.0607],[35.9696,48.0739],[35.9836,48.0779],[35.9854,48.0845],[35.9672,48.0947],[35.8166,48.0657],[35.806,48.1007],[35.7828,48.0943],[35.7428,48.0957],[35.7032,48.1403],[35.5243,48.0744],[35.5189,48.0948],[35.4848,48.0949],[35.4516,48.1033],[35.42,48.1],[35.4151,48.1112],[35.3379,48.1238],[35.2941,48.1437],[35.2448,48.1349],[35.2205,48.1416],[35.1944,48.1403]]]}},{"type":"Feature","properties":{"k":"bakhmutskyi","o":"Донецька"},"geometry":{"type":"MultiPolygon","coordinates":[[[[38.0448,48.9349],[38.0846,48.9346],[38.1331,48.9237],[38.1425,48.9329],[38.1962,48.9279],[38.2238,48.9348],[38.2292,48.8588],[38.2213,48.8394],[38.2599,48.8427],[38.2723,48.8249],[38.3137,48.8284],[38.3165,48.8139],[38.2895,48.812],[38.2789,48.8034],[38.2832,48.7733],[38.2756,48.7727],[38.2632,48.7502],[38.2833,48.7373],[38.3199,48.7334],[38.3251,48.7142],[38.3036,48.7121],[38.3144,48.7043],[38.3089,48.6893],[38.3131,48.684],[38.285,48.682],[38.2859,48.6712],[38.258,48.668],[38.2594,48.6584],[38.2313,48.6531],[38.2335,48.6399],[38.2624,48.6424],[38.2791,48.5459],[38.2739,48.5454],[38.3188,48.5092],[38.3121,48.4983],[38.2975,48.4952],[38.3055,48.4752],[38.2886,48.4761],[38.3185,48.4646],[38.3111,48.4556],[38.3409,48.4373],[38.3697,48.443],[38.3795,48.4303],[38.3934,48.4319],[38.3991,48.4162],[38.3533,48.4193],[38.3542,48.4122],[38.3354,48.4128],[38.3458,48.405],[38.3473,48.3909],[38.3288,48.4021],[38.318,48.399],[38.3194,48.3928],[38.2932,48.3904],[38.2792,48.3896],[38.2753,48.3966],[38.2488,48.3953],[38.2631,48.3657],[38.2078,48.3612],[38.1997,48.3983],[38.1944,48.4012],[38.2002,48.4063],[38.1913,48.4122],[38.1556,48.3937],[38.1456,48.4024],[38.1038,48.3936],[38.1062,48.4019],[38.0984,48.4031],[38.0949,48.4118],[38.0619,48.4187],[38.053,48.4175],[38.0576,48.4138],[38.0384,48.4164],[38.0428,48.412],[38.0369,48.4109],[38.0533,48.4003],[38.0354,48.402],[38.0359,48.3854],[38.0093,48.3839],[37.9992,48.4107],[38.014,48.4075],[38.016,48.3947],[38.0221,48.3955],[38.0253,48.4239],[38.0209,48.4297],[38.0117,48.427],[38.011,48.4208],[37.9886,48.427],[38.0008,48.4335],[37.9975,48.4404],[38.0165,48.4468],[38.0198,48.4646],[38.006,48.4705],[38.0126,48.4774],[37.9682,48.4734],[37.9672,48.4675],[37.9599,48.4708],[37.9541,48.464],[37.9502,48.4714],[37.9594,48.4745],[37.9652,48.4911],[37.9359,48.4897],[37.9369,48.4831],[37.9288,48.4816],[37.9108,48.4947],[37.9209,48.5031],[37.8979,48.5275],[37.8834,48.5298],[37.8786,48.5433],[37.8659,48.5434],[37.852,48.554],[37.8271,48.546],[37.8433,48.5471],[37.8451,48.5418],[37.8121,48.5477],[37.8204,48.5539],[37.8133,48.5612],[37.8117,48.581],[37.7997,48.5847],[37.8084,48.5917],[37.7998,48.5951],[37.819,48.6025],[37.829,48.5997],[37.8229,48.6322],[37.8124,48.6455],[37.8346,48.6592],[37.8417,48.6725],[37.8207,48.6779],[37.8012,48.6929],[37.8162,48.7211],[37.8116,48.7316],[37.8191,48.7367],[37.8123,48.7393],[37.8239,48.7547],[37.8196,48.7611],[37.8643,48.8046],[37.9121,48.7882],[37.9353,48.7955],[37.9301,48.8193],[37.9154,48.8185],[37.9087,48.8399],[37.9337,48.8431],[37.9368,48.8494],[38.0012,48.8452],[38.0017,48.8605],[38.0372,48.87],[38.0343,48.8817],[38.041,48.8911],[38.0301,48.8931],[38.0206,48.8858],[38.0049,48.899],[38.0192,48.9033],[38.0448,48.9349]]],[[[37.9529,48.457],[37.9587,48.4478],[37.946,48.4494],[37.9534,48.4501],[37.9486,48.4555],[37.9529,48.457]]],[[[37.9402,48.3789],[37.9351,48.3789],[37.9282,48.3813],[37.9361,48.3814],[37.9402,48.3789]]],[[[37.9261,48.3621],[37.9346,48.3517],[37.9052,48.3518],[37.8685,48.3633],[37.8718,48.3725],[37.823,48.3683],[37.8252,48.3897],[37.8075,48.3934],[37.809,48.4017],[37.8029,48.4047],[37.8177,48.4171],[37.8471,48.4094],[37.857,48.4146],[37.8702,48.4046],[37.8845,48.4048],[37.8787,48.4173],[37.9132,48.4079],[37.9288,48.4131],[37.9227,48.4214],[37.9337,48.4165],[37.9301,48.4045],[37.9394,48.3992],[37.9283,48.3998],[37.9117,48.3714],[37.9306,48.3672],[37.9261,48.3621]]],[[[37.8691,48.3232],[37.8895,48.3232],[37.8824,48.3196],[37.8933,48.3141],[37.8691,48.3232]]],[[[37.8451,48.3404],[37.855,48.3417],[37.8546,48.3351],[37.8913,48.3258],[37.8461,48.3271],[37.8863,48.3141],[37.857,48.3219],[37.8575,48.2878],[37.8447,48.305],[37.8445,48.3234],[37.8108,48.3206],[37.8166,48.3291],[37.8108,48.3336],[37.8221,48.3369],[37.8171,48.3393],[37.8212,48.3441],[37.8335,48.34],[37.8372,48.3473],[37.8451,48.3404]]],[[[37.8698,48.4342],[37.8885,48.4217],[37.8891,48.4201],[37.8733,48.4243],[37.8698,48.4342]]],[[[37.8616,48.4312],[37.8597,48.4352],[37.8635,48.432],[37.8616,48.4312]]],[[[37.8176,48.3679],[37.8179,48.3624],[37.8298,48.3623],[37.8513,48.3485],[37.8266,48.3466],[37.8078,48.3677],[37.8121,48.3702],[37.7698,48.3907],[37.7698,48.4045],[37.7859,48.4148],[37.7785,48.4232],[37.7791,48.4332],[37.788,48.4168],[37.7779,48.4052],[37.8098,48.3914],[37.8014,48.3781],[37.8176,48.3679]]],[[[37.8203,48.3118],[37.8389,48.3169],[37.8399,48.3152],[37.8203,48.3118]]],[[[37.7944,48.3682],[37.795,48.3762],[37.8063,48.369],[37.7944,48.3682]]],[[[37.7699,48.3249],[37.7579,48.3179],[37.7646,48.3087],[37.7561,48.3164],[37.7563,48.3237],[37.7687,48.3307],[37.7699,48.3249]]],[[[37.754,48.3127],[37.7548,48.3142],[37.7572,48.3112],[37.754,48.3127]]]]}},{"type":"Feature","properties":{"k":"volnovaskyi","o":"Донецька"},"geometry":{"type":"Polygon","coordinates":[[[36.585,47.8471],[36.5767,47.8803],[36.5494,47.8773],[36.5418,47.9059],[36.5925,47.9108],[36.5897,47.9217],[36.6401,47.9204],[36.6291,47.9617],[36.5853,47.9566],[36.5764,47.998],[36.5863,48.0007],[36.5683,48.0115],[36.5909,48.0201],[36.5738,48.0402],[36.5872,48.0523],[36.578,48.0619],[36.5871,48.0648],[36.587,48.0759],[36.5803,48.0797],[36.6043,48.0855],[36.602,48.0909],[36.6224,48.082],[36.6325,48.0847],[36.6291,48.089],[36.651,48.0882],[36.636,48.0941],[36.6533,48.1002],[36.6633,48.0876],[36.6752,48.0907],[36.7105,48.0797],[36.7186,48.0846],[36.7264,48.0711],[36.747,48.0643],[36.7438,48.0502],[36.764,48.0558],[36.7827,48.0468],[36.8037,48.0532],[36.8127,48.0405],[36.8545,48.0324],[36.858,48.0522],[36.8765,48.0511],[36.8816,48.0629],[36.9933,48.0719],[36.992,48.0775],[37.1132,48.0895],[37.1119,48.096],[37.1532,48.1001],[37.1586,48.0748],[37.1519,48.0745],[37.1622,48.0262],[37.1766,48.027],[37.1767,48.0051],[37.1406,48.0061],[37.1275,47.9959],[37.1703,47.9937],[37.1689,47.9817],[37.158,47.9822],[37.1541,47.9591],[37.0973,47.967],[37.092,47.9786],[37.0762,47.978],[37.0696,47.9339],[37.1495,47.9285],[37.1471,47.9103],[37.2115,47.9065],[37.2137,47.8967],[37.1848,47.8968],[37.1836,47.8883],[37.2061,47.8875],[37.2154,47.8729],[37.2574,47.8667],[37.2485,47.8391],[37.2741,47.8176],[37.271,47.8047],[37.2918,47.8023],[37.2966,47.8101],[37.2891,47.8128],[37.2964,47.8318],[37.3529,47.818],[37.358,47.8222],[37.4109,47.8059],[37.4274,47.8069],[37.4282,47.7997],[37.4682,47.8022],[37.468,47.8098],[37.5485,47.8149],[37.5875,47.8024],[37.6061,47.8105],[37.6089,47.7915],[37.5908,47.774],[37.6052,47.7749],[37.6079,47.7529],[37.6142,47.7506],[37.6174,47.7312],[37.6022,47.7058],[37.607,47.6985],[37.617,47.7018],[37.626,47.6964],[37.6292,47.7056],[37.6468,47.706],[37.6638,47.6882],[37.6918,47.712],[37.778,47.6634],[37.7581,47.6671],[37.7553,47.6612],[37.7635,47.6521],[37.7833,47.6602],[37.8223,47.6388],[37.8225,47.6293],[37.8161,47.6276],[37.8164,47.5946],[37.8239,47.5938],[37.8244,47.5797],[37.8472,47.5796],[37.8474,47.5656],[37.8246,47.5654],[37.8244,47.5399],[37.8405,47.54],[37.8418,47.4941],[37.8486,47.4881],[37.8876,47.4871],[37.8923,47.4712],[37.8768,47.4564],[37.8899,47.4502],[37.9638,47.4491],[37.9645,47.4206],[37.8593,47.4106],[37.8597,47.3894],[37.8415,47.3779],[37.8537,47.3641],[37.8408,47.3584],[37.6993,47.3708],[37.6944,47.3492],[37.7021,47.3487],[37.6996,47.3328],[37.6369,47.3379],[37.6378,47.346],[37.6202,47.3501],[37.6218,47.3543],[37.5822,47.3627],[37.5898,47.3702],[37.4086,47.3563],[37.4047,47.3645],[37.4219,47.3825],[37.4071,47.3911],[37.4092,47.4001],[37.3565,47.4152],[37.3354,47.3966],[37.3339,47.4036],[37.3224,47.405],[37.3084,47.4186],[37.2849,47.4203],[37.2812,47.4249],[37.2891,47.434],[37.2594,47.4421],[37.2545,47.4474],[37.2647,47.4661],[37.1894,47.4689],[37.1961,47.4789],[37.1797,47.4835],[37.1575,47.4547],[37.0841,47.4961],[37.0742,47.4936],[37.021,47.5528],[37.0015,47.539],[36.9801,47.5607],[36.9664,47.5534],[36.9444,47.5759],[36.8931,47.545],[36.8302,47.6242],[36.7623,47.6003],[36.7637,47.6076],[36.748,47.6065],[36.7452,47.6217],[36.7653,47.6235],[36.7657,47.6341],[36.725,47.6311],[36.718,47.6593],[36.7546,47.6622],[36.752,47.6666],[36.7592,47.6673],[36.7754,47.6643],[36.7914,47.6846],[36.7133,47.6783],[36.7001,47.7326],[36.6854,47.7309],[36.6714,47.7932],[36.5875,47.7855],[36.5884,47.8159],[36.5989,47.8169],[36.6083,47.8402],[36.6044,47.8506],[36.585,47.8471]]]}},{"type":"Feature","properties":{"k":"horlivskyi","o":"Донецька"},"geometry":{"type":"Polygon","coordinates":[[[37.9052,48.3518],[37.9346,48.3517],[37.9318,48.3594],[37.9483,48.3561],[37.9578,48.3672],[37.9795,48.3645],[37.9556,48.3691],[37.9638,48.3758],[37.9549,48.3775],[37.9706,48.3808],[37.985,48.3753],[37.9897,48.3829],[37.9621,48.3992],[37.9596,48.4624],[38.0198,48.4646],[38.0165,48.4468],[37.9975,48.4404],[38.0008,48.4335],[37.9886,48.427],[38.011,48.4208],[38.0117,48.427],[38.0209,48.4297],[38.0253,48.4239],[38.0221,48.3955],[38.016,48.3947],[38.014,48.4075],[37.9992,48.4107],[38.007,48.3847],[38.0359,48.3854],[38.0354,48.402],[38.0533,48.4003],[38.0369,48.4109],[38.0428,48.412],[38.0384,48.4164],[38.0576,48.4138],[38.053,48.4175],[38.0619,48.4187],[38.0949,48.4118],[38.0984,48.4031],[38.1062,48.4019],[38.1038,48.3936],[38.1456,48.4024],[38.1556,48.3937],[38.1913,48.4122],[38.2002,48.4063],[38.1944,48.4012],[38.1997,48.3983],[38.2078,48.3612],[38.2631,48.3657],[38.2488,48.3953],[38.2753,48.3966],[38.2792,48.3896],[38.2932,48.3904],[38.3194,48.3928],[38.318,48.399],[38.3288,48.4021],[38.3473,48.3909],[38.3458,48.405],[38.3354,48.4128],[38.3542,48.4122],[38.3533,48.4193],[38.3991,48.4162],[38.3934,48.4319],[38.403,48.4344],[38.4008,48.4397],[38.4331,48.4474],[38.4395,48.4168],[38.4364,48.3962],[38.4476,48.3763],[38.4672,48.379],[38.4728,48.367],[38.487,48.3619],[38.4697,48.3599],[38.4653,48.3488],[38.4331,48.3406],[38.4382,48.316],[38.4267,48.3069],[38.4341,48.2973],[38.4245,48.2881],[38.4277,48.2779],[38.5591,48.2746],[38.5873,48.2577],[38.589,48.2268],[38.6137,48.2037],[38.6104,48.1898],[38.597,48.1805],[38.6017,48.1727],[38.6374,48.1613],[38.6941,48.1591],[38.69,48.1457],[38.7657,48.1326],[38.7735,48.1265],[38.7802,48.1303],[38.7812,48.1247],[38.8194,48.1158],[38.8067,48.0886],[38.8174,48.0842],[38.7983,48.0738],[38.8178,48.0653],[38.8288,48.0774],[38.8254,48.0662],[38.8299,48.0636],[38.8128,48.048],[38.8254,48.0382],[38.8213,48.036],[38.8375,48.0132],[39.0399,48.0064],[39.044,47.9869],[39.0386,47.956],[39.0528,47.9545],[39.0502,47.9505],[39.0572,47.9464],[39.0733,47.953],[39.0835,47.9406],[39.0909,47.9405],[39.0656,47.8956],[39.0744,47.8695],[38.9532,47.8694],[38.8789,47.876],[38.8752,47.8676],[38.8436,47.8651],[38.7763,47.8787],[38.7763,47.8705],[38.7488,47.8655],[38.7344,47.9134],[38.7022,47.9205],[38.6716,47.9105],[38.6522,47.9155],[38.6451,47.9222],[38.6497,47.9281],[38.606,47.9168],[38.5949,47.9398],[38.5962,47.9592],[38.5575,47.9599],[38.5608,47.9304],[38.5233,47.9352],[38.5255,47.953],[38.5185,47.9574],[38.505,47.9493],[38.4941,47.9558],[38.4552,47.9361],[38.4453,47.9443],[38.3912,47.9578],[38.3948,47.9644],[38.3641,47.9874],[38.3577,48.031],[38.3383,48.0267],[38.3352,48.0415],[38.319,48.0477],[38.3224,48.0673],[38.2833,48.0684],[38.2655,48.0624],[38.2667,48.0709],[38.2857,48.0778],[38.341,48.0752],[38.3356,48.0789],[38.3379,48.0911],[38.32,48.0887],[38.3037,48.0943],[38.3175,48.0959],[38.313,48.1076],[38.2953,48.1077],[38.3033,48.109],[38.3,48.1147],[38.3147,48.1171],[38.2934,48.1308],[38.2949,48.1241],[38.2779,48.1292],[38.2746,48.1219],[38.2481,48.1271],[38.2493,48.1087],[38.2555,48.1022],[38.2288,48.1001],[38.2283,48.0889],[38.2097,48.0886],[38.2118,48.0825],[38.2276,48.0816],[38.2281,48.0656],[38.2148,48.0808],[38.1739,48.0918],[38.1059,48.0719],[38.0814,48.1086],[38.0947,48.1152],[38.0932,48.1238],[38.1076,48.1263],[38.1221,48.1407],[38.1726,48.1323],[38.169,48.1254],[38.1594,48.1244],[38.163,48.1202],[38.1443,48.1135],[38.1542,48.1084],[38.1635,48.1137],[38.1632,48.1075],[38.1324,48.1009],[38.1282,48.0942],[38.1487,48.104],[38.1867,48.1059],[38.1782,48.1083],[38.1753,48.124],[38.1697,48.1253],[38.1815,48.1305],[38.1811,48.123],[38.2077,48.1287],[38.2162,48.1231],[38.2229,48.1245],[38.2242,48.1327],[38.2021,48.1397],[38.1977,48.1367],[38.2032,48.1338],[38.1829,48.135],[38.1778,48.1422],[38.1833,48.1468],[38.1529,48.1432],[38.1491,48.1536],[38.1196,48.1529],[38.1049,48.1644],[38.077,48.1578],[38.0569,48.1428],[38.0422,48.1438],[38.0373,48.1659],[38.0255,48.1581],[38.0135,48.1724],[38.001,48.1745],[38.01,48.1802],[37.999,48.189],[38.0021,48.195],[37.9568,48.1958],[37.9526,48.1978],[37.9601,48.2025],[37.9541,48.2055],[37.9568,48.2094],[37.9215,48.2125],[37.9343,48.2165],[37.9359,48.23],[37.8941,48.2311],[37.8882,48.2506],[37.9275,48.2545],[37.9256,48.2598],[37.91,48.2602],[37.9051,48.2892],[37.8943,48.2883],[37.8858,48.3077],[37.9043,48.3062],[37.9049,48.3218],[37.9393,48.3243],[37.9377,48.3309],[37.9243,48.3329],[37.922,48.3408],[37.9121,48.34],[37.9052,48.3518]],[[38.2059,48.1197],[38.1848,48.1155],[38.1843,48.1108],[38.2059,48.1197]],[[38.1407,48.1709],[38.1409,48.1641],[38.1262,48.1702],[38.1412,48.1559],[38.141,48.1627],[38.1588,48.1516],[38.1659,48.1518],[38.1407,48.1709]],[[38.138,48.0835],[38.1311,48.0923],[38.1245,48.0898],[38.132,48.082],[38.138,48.0835]],[[38.1012,48.0979],[38.1166,48.1017],[38.0951,48.1011],[38.1012,48.0979]],[[38.1058,48.1156],[38.1104,48.1178],[38.1064,48.1196],[38.1058,48.1156]],[[37.9155,48.2643],[37.9122,48.2608],[37.9168,48.263],[37.9155,48.2643]]]}},{"type":"Feature","properties":{"k":"donetskyi","o":"Донецька"},"geometry":{"type":"MultiPolygon","coordinates":[[[[37.9526,48.1978],[38.0021,48.195],[37.999,48.189],[38.01,48.1802],[38.001,48.1745],[38.0135,48.1724],[38.0255,48.1581],[38.0373,48.1659],[38.0422,48.1438],[38.0569,48.1428],[38.077,48.1578],[38.1049,48.1644],[38.1196,48.1529],[38.1491,48.1536],[38.1529,48.1432],[38.1833,48.1468],[38.1778,48.1422],[38.1829,48.135],[38.2032,48.1338],[38.1977,48.1367],[38.2021,48.1397],[38.2242,48.1327],[38.2229,48.1245],[38.2162,48.1231],[38.2077,48.1287],[38.1811,48.123],[38.1815,48.1305],[38.1697,48.1253],[38.1753,48.124],[38.1782,48.1083],[38.1867,48.1059],[38.1487,48.104],[38.1282,48.0942],[38.1324,48.1009],[38.1632,48.1075],[38.1635,48.1137],[38.1542,48.1084],[38.1443,48.1135],[38.163,48.1202],[38.1594,48.1244],[38.169,48.1254],[38.1726,48.1323],[38.1221,48.1407],[38.1076,48.1263],[38.0932,48.1238],[38.0947,48.1152],[38.0814,48.1086],[38.1059,48.0719],[38.1739,48.0918],[38.2148,48.0808],[38.2281,48.0656],[38.2276,48.0816],[38.2118,48.0825],[38.2097,48.0886],[38.2283,48.0889],[38.2288,48.1001],[38.2555,48.1022],[38.2493,48.1087],[38.2481,48.1271],[38.2746,48.1219],[38.2754,48.1287],[38.2949,48.1241],[38.2934,48.1308],[38.3014,48.129],[38.3147,48.1171],[38.3,48.1147],[38.3033,48.109],[38.2947,48.1058],[38.313,48.1076],[38.3175,48.0959],[38.3037,48.0943],[38.32,48.0887],[38.3379,48.0911],[38.3356,48.0789],[38.341,48.0752],[38.2857,48.0778],[38.2632,48.0668],[38.2723,48.0611],[38.2833,48.0684],[38.3224,48.0673],[38.319,48.0477],[38.3352,48.0415],[38.3383,48.0267],[38.3577,48.031],[38.3641,47.9874],[38.3948,47.9644],[38.3912,47.9578],[38.4453,47.9443],[38.4552,47.9361],[38.4941,47.9558],[38.505,47.9493],[38.5185,47.9574],[38.5255,47.953],[38.5233,47.9352],[38.5574,47.9301],[38.5575,47.9599],[38.5962,47.9592],[38.5949,47.9398],[38.606,47.9168],[38.6414,47.9282],[38.6497,47.9281],[38.6451,47.9222],[38.6522,47.9155],[38.6716,47.9105],[38.7079,47.9201],[38.7344,47.9134],[38.7488,47.8655],[38.7763,47.8705],[38.7763,47.8787],[38.8429,47.8684],[38.8366,47.8526],[38.826,47.8452],[38.8256,47.8343],[38.8342,47.8269],[38.8292,47.8147],[38.7891,47.8156],[38.7909,47.7968],[38.7838,47.788],[38.7932,47.7843],[38.7887,47.7785],[38.7965,47.7735],[38.7887,47.7656],[38.7889,47.7366],[38.7774,47.7355],[38.7714,47.7266],[38.7727,47.6857],[38.7467,47.6863],[38.7362,47.6801],[38.7396,47.6852],[38.7299,47.6908],[38.7336,47.7003],[38.663,47.6997],[38.6661,47.669],[38.6292,47.6694],[38.6296,47.6535],[38.6164,47.6445],[38.4566,47.6441],[38.4563,47.617],[38.3571,47.6166],[38.3579,47.6266],[38.3393,47.6308],[38.3474,47.6366],[38.3416,47.6375],[38.3395,47.6539],[38.3276,47.6538],[38.3259,47.6867],[38.3178,47.7023],[38.3018,47.7015],[38.2826,47.6869],[38.2447,47.7091],[38.2221,47.7],[38.2368,47.7117],[38.2087,47.7301],[38.1898,47.7304],[38.1909,47.7601],[38.1653,47.7624],[38.1864,47.7741],[38.2191,47.7675],[38.2242,47.7829],[38.2316,47.7817],[38.2567,47.8143],[38.2351,47.8128],[38.2263,47.8062],[38.207,47.811],[38.1835,47.8357],[38.1435,47.8059],[38.126,47.8196],[38.1325,47.8236],[38.131,47.8296],[38.089,47.8386],[38.0956,47.8188],[38.0294,47.8135],[38.025,47.829],[38.001,47.8367],[38.0032,47.853],[38.0191,47.8561],[38.0233,47.8621],[37.9889,47.847],[37.9656,47.8616],[37.9658,47.8571],[37.9453,47.8596],[37.9216,47.8406],[37.9337,47.8354],[37.9201,47.8307],[37.9114,47.8402],[37.9056,47.8633],[37.8976,47.8669],[37.9149,47.872],[37.9066,47.886],[37.88,47.8867],[37.8735,47.8967],[37.863,47.8959],[37.8523,47.907],[37.8106,47.9027],[37.8224,47.8847],[37.8144,47.8812],[37.7956,47.884],[37.7914,47.9009],[37.7832,47.9033],[37.7204,47.8967],[37.7191,47.9015],[37.6927,47.8891],[37.6778,47.9101],[37.6599,47.9096],[37.6578,47.9204],[37.6098,47.9238],[37.6235,47.8926],[37.594,47.8869],[37.6034,47.8645],[37.5471,47.8668],[37.5414,47.9153],[37.5527,47.9322],[37.5255,47.9417],[37.5463,47.9697],[37.5616,47.9777],[37.5448,47.9831],[37.5406,48.0074],[37.5496,48.0047],[37.541,48.0506],[37.6149,48.0564],[37.625,48.0027],[37.6641,47.9952],[37.6649,48.0005],[37.6814,48.0051],[37.6708,48.0115],[37.6761,48.0163],[37.6595,48.0211],[37.6566,48.0337],[37.688,48.0547],[37.6963,48.05],[37.7075,48.0578],[37.7004,48.071],[37.7071,48.0712],[37.7038,48.0879],[37.6955,48.0873],[37.6931,48.1025],[37.7552,48.1141],[37.7839,48.1076],[37.8077,48.1188],[37.8005,48.1421],[37.7761,48.1446],[37.7932,48.1627],[37.7898,48.172],[37.8144,48.1852],[37.8284,48.1823],[37.8324,48.1721],[37.8253,48.1568],[37.8377,48.1422],[37.8694,48.15],[37.8762,48.1359],[37.8989,48.1457],[37.8975,48.1654],[37.9347,48.1733],[37.9332,48.1852],[37.9526,48.1978]],[[37.9861,47.8547],[37.9821,47.8575],[37.9802,47.8568],[37.9861,47.8547]],[[37.7312,48.0917],[37.7302,48.0984],[37.7114,48.0959],[37.7312,48.0917]]],[[[38.1843,48.1108],[38.2027,48.1212],[38.2059,48.1197],[38.1843,48.1108]]],[[[38.1409,48.1641],[38.1444,48.1728],[38.1469,48.163],[38.1659,48.1518],[38.141,48.1627],[38.1412,48.1559],[38.1262,48.1702],[38.1409,48.1641]]],[[[38.138,48.0835],[38.132,48.082],[38.1245,48.0898],[38.1311,48.0923],[38.138,48.0835]]],[[[38.1166,48.1017],[38.1012,48.0979],[38.0951,48.1011],[38.1166,48.1017]]],[[[38.1104,48.1178],[38.1058,48.1156],[38.1064,48.1196],[38.1104,48.1178]]]]}},{"type":"Feature","properties":{"k":"kalmiuskyi","o":"Донецька"},"geometry":{"type":"MultiPolygon","coordinates":[[[[37.8408,47.3584],[37.8537,47.3641],[37.8415,47.3779],[37.8597,47.3894],[37.8593,47.4106],[37.9645,47.4206],[37.9638,47.4491],[37.8899,47.4502],[37.8768,47.4564],[37.8923,47.4712],[37.8876,47.4871],[37.8486,47.4881],[37.8418,47.4941],[37.8405,47.54],[37.8244,47.5399],[37.8246,47.5654],[37.8474,47.5656],[37.8472,47.5796],[37.8244,47.5797],[37.8239,47.5938],[37.8164,47.5946],[37.8161,47.6276],[37.8225,47.6293],[37.8223,47.6388],[37.7833,47.6602],[37.7635,47.6521],[37.7553,47.6612],[37.7581,47.6671],[37.778,47.6634],[37.6918,47.712],[37.6638,47.6882],[37.6468,47.706],[37.6292,47.7056],[37.626,47.6964],[37.617,47.7018],[37.607,47.6985],[37.6022,47.7058],[37.6174,47.7312],[37.6142,47.7506],[37.6079,47.7529],[37.6052,47.7749],[37.5908,47.774],[37.6089,47.7915],[37.6061,47.8105],[37.5875,47.8024],[37.5485,47.8149],[37.5101,47.8124],[37.5092,47.8238],[37.5307,47.8234],[37.5347,47.8423],[37.5438,47.8388],[37.5442,47.8669],[37.6034,47.8645],[37.594,47.8869],[37.6235,47.8926],[37.6098,47.9238],[37.6578,47.9204],[37.6599,47.9096],[37.6778,47.9101],[37.6927,47.8891],[37.7191,47.9015],[37.7204,47.8967],[37.7832,47.9033],[37.7914,47.9009],[37.7956,47.884],[37.8144,47.8812],[37.8224,47.8847],[37.8106,47.9027],[37.8523,47.907],[37.863,47.8959],[37.8735,47.8967],[37.88,47.8867],[37.9066,47.886],[37.9149,47.872],[37.8976,47.8669],[37.9056,47.8633],[37.9114,47.8402],[37.9201,47.8307],[37.9337,47.8354],[37.9216,47.8406],[37.9453,47.8596],[37.9658,47.8571],[37.9656,47.8616],[37.9889,47.847],[38.0233,47.8621],[38.0032,47.853],[38.001,47.8367],[38.025,47.829],[38.0294,47.8135],[38.0956,47.8188],[38.089,47.8386],[38.131,47.8296],[38.1325,47.8236],[38.126,47.8196],[38.1435,47.8059],[38.1835,47.8357],[38.207,47.811],[38.2263,47.8062],[38.2351,47.8128],[38.2567,47.8143],[38.2316,47.7817],[38.2242,47.7829],[38.2191,47.7675],[38.1864,47.7741],[38.1653,47.7624],[38.1909,47.7601],[38.1898,47.7304],[38.2087,47.7301],[38.2368,47.7117],[38.2221,47.7],[38.2447,47.7091],[38.2826,47.6869],[38.3018,47.7015],[38.3178,47.7023],[38.3259,47.6867],[38.3276,47.6538],[38.3395,47.6539],[38.3416,47.6375],[38.3474,47.6366],[38.3393,47.6308],[38.3579,47.6266],[38.3571,47.6166],[38.3506,47.6166],[38.3508,47.5762],[38.311,47.576],[38.3073,47.5465],[38.2846,47.5443],[38.2847,47.5088],[38.2941,47.5032],[38.2874,47.4785],[38.3022,47.4745],[38.302,47.3933],[38.2866,47.3914],[38.2867,47.3736],[38.2569,47.3736],[38.2446,47.3644],[38.2453,47.3504],[38.2316,47.3447],[38.2202,47.3258],[38.2209,47.3053],[38.335,47.3062],[38.3263,47.2998],[38.333,47.2929],[38.3226,47.2813],[38.3324,47.2694],[38.3241,47.2566],[38.2881,47.2564],[38.2879,47.2386],[38.2612,47.2384],[38.2328,47.229],[38.2427,47.2177],[38.236,47.2029],[38.2357,47.1396],[38.2296,47.1192],[38.1865,47.0954],[38.1487,47.0583],[38.0888,47.024],[38.1073,47.0419],[38.1363,47.0562],[38.1227,47.0826],[38.0901,47.1067],[38.0617,47.1116],[38.0332,47.0903],[37.9981,47.099],[37.9708,47.0945],[37.9824,47.087],[37.9015,47.1111],[37.8164,47.1063],[37.7869,47.1417],[37.8382,47.1445],[37.8395,47.1629],[37.8806,47.1569],[37.8804,47.1963],[37.8848,47.1976],[37.8833,47.2102],[37.8406,47.2136],[37.8435,47.2367],[37.8552,47.24],[37.8632,47.2712],[37.7948,47.282],[37.8059,47.3069],[37.8224,47.31],[37.8356,47.3011],[37.8409,47.3058],[37.8266,47.3186],[37.8331,47.3418],[37.8555,47.3414],[37.8632,47.3486],[37.8618,47.3541],[37.8416,47.3512],[37.8408,47.3584]],[[37.5624,47.8322],[37.5745,47.8336],[37.5661,47.8384],[37.5624,47.8322]]],[[[37.9861,47.8547],[37.9802,47.8568],[37.9821,47.8575],[37.9861,47.8547]]]]}},{"type":"Feature","properties":{"k":"kramatorskyi","o":"Донецька"},"geometry":{"type":"Polygon","coordinates":[[[36.904,48.5305],[36.9015,48.5434],[36.8848,48.5418],[36.883,48.551],[36.8714,48.5502],[36.859,48.5688],[36.8104,48.569],[36.8057,48.5963],[36.7786,48.6003],[36.7453,48.5964],[36.7343,48.6462],[36.7225,48.6546],[36.7309,48.657],[36.7208,48.6639],[36.7272,48.6671],[36.7172,48.6735],[36.7148,48.6794],[36.7213,48.6833],[36.7118,48.6926],[36.7302,48.6952],[36.7355,48.7052],[36.7126,48.7437],[36.7176,48.7449],[36.7086,48.7682],[36.6919,48.7694],[36.6891,48.7761],[36.7208,48.806],[36.765,48.7969],[36.7905,48.8014],[36.7839,48.7898],[36.7922,48.786],[36.7884,48.7806],[36.8167,48.7776],[36.8212,48.7713],[36.8408,48.7728],[36.8541,48.8004],[36.9689,48.7933],[37.0015,48.7657],[37.0324,48.7492],[37.0432,48.7665],[37.023,48.7678],[37.0231,48.7751],[36.9949,48.7874],[37.0073,48.8027],[37.0186,48.8015],[37.0238,48.8179],[37.0781,48.8176],[37.0988,48.8508],[37.1477,48.8417],[37.1404,48.8327],[37.1921,48.8147],[37.1937,48.8819],[37.2112,48.8877],[37.224,48.9083],[37.2664,48.9065],[37.2691,48.9227],[37.328,48.9217],[37.3324,48.9412],[37.3107,48.9419],[37.3081,48.9511],[37.3208,48.9565],[37.311,48.9568],[37.3043,48.9629],[37.3108,48.9663],[37.2948,48.9709],[37.3079,48.981],[37.3165,48.9776],[37.3164,48.9827],[37.3247,48.9829],[37.3128,48.9897],[37.3367,48.9948],[37.3442,49.0035],[37.3598,48.9986],[37.3588,48.9924],[37.3736,48.9943],[37.3754,49.0262],[37.3919,49.0252],[37.3849,49.0483],[37.4077,49.0519],[37.4176,49.0613],[37.4432,49.0574],[37.4494,49.0615],[37.4514,49.0532],[37.4646,49.0613],[37.468,49.0546],[37.4768,49.0632],[37.4953,49.0638],[37.5051,49.0706],[37.5066,49.08],[37.501,49.0913],[37.4865,49.0995],[37.5849,49.1261],[37.543,49.1446],[37.564,49.1456],[37.5545,49.1649],[37.4988,49.1816],[37.5097,49.1965],[37.5692,49.2312],[37.6143,49.2331],[37.7978,49.202],[37.8024,49.2072],[37.8435,49.2014],[37.8503,49.2216],[37.8722,49.2376],[37.8793,49.2215],[37.8898,49.2188],[37.8897,49.2118],[37.9075,49.214],[37.9351,49.1917],[37.8933,49.175],[37.9025,49.1668],[37.8927,49.1606],[37.9242,49.1445],[37.9426,49.1392],[37.9558,49.1426],[37.9586,49.1361],[37.9808,49.1307],[38.0398,49.1268],[38.0432,49.1503],[38.0815,49.1482],[38.0839,49.1353],[38.0676,49.0961],[38.0621,49.0634],[38.0526,49.0594],[38.0728,49.0395],[38.0987,48.9924],[38.0524,48.9857],[38.0577,48.9758],[38.0537,48.9652],[38.0294,48.9746],[38.0042,48.9459],[38.0392,48.944],[38.0448,48.9349],[38.0192,48.9033],[38.0049,48.899],[38.0206,48.8858],[38.0301,48.8931],[38.041,48.8911],[38.0343,48.8817],[38.0372,48.87],[38.0017,48.8605],[38.0012,48.8452],[37.9368,48.8494],[37.9337,48.8431],[37.9087,48.8399],[37.9154,48.8185],[37.9301,48.8193],[37.9353,48.7955],[37.9121,48.7882],[37.8643,48.8046],[37.8196,48.7611],[37.8239,48.7547],[37.8123,48.7393],[37.8191,48.7367],[37.8116,48.7316],[37.8162,48.7211],[37.8012,48.6929],[37.8207,48.6779],[37.8417,48.6725],[37.8346,48.6592],[37.8124,48.6455],[37.8229,48.6322],[37.829,48.5997],[37.819,48.6025],[37.7998,48.5951],[37.8084,48.5917],[37.7997,48.5847],[37.8117,48.581],[37.8133,48.5612],[37.8204,48.5539],[37.8121,48.5477],[37.8451,48.5418],[37.8433,48.5471],[37.8271,48.546],[37.852,48.554],[37.8659,48.5434],[37.8786,48.5433],[37.8834,48.5298],[37.8979,48.5275],[37.9209,48.5031],[37.9108,48.4947],[37.9288,48.4816],[37.9369,48.4831],[37.9359,48.4897],[37.9652,48.4911],[37.9594,48.4745],[37.9502,48.4714],[37.9541,48.464],[37.9599,48.4708],[37.9672,48.4675],[37.9682,48.4734],[38.0126,48.4774],[38.0074,48.4659],[37.9596,48.4624],[37.959,48.4506],[37.9529,48.457],[37.9486,48.4555],[37.9534,48.4501],[37.946,48.4494],[37.9587,48.4478],[37.965,48.3937],[37.9897,48.3829],[37.985,48.3753],[37.9583,48.3811],[37.9549,48.3775],[37.9638,48.3758],[37.9556,48.3691],[37.9795,48.3645],[37.9578,48.3672],[37.9483,48.3561],[37.9117,48.3714],[37.9283,48.3998],[37.9394,48.3992],[37.9301,48.4045],[37.9337,48.4165],[37.9227,48.4214],[37.9288,48.4131],[37.9132,48.4079],[37.8766,48.4169],[37.8845,48.4048],[37.8702,48.4046],[37.857,48.4146],[37.8471,48.4094],[37.8177,48.4171],[37.8029,48.4047],[37.809,48.4017],[37.8075,48.3934],[37.8252,48.3897],[37.823,48.3683],[37.8176,48.3679],[37.8014,48.3781],[37.8098,48.3914],[37.7779,48.4052],[37.788,48.4168],[37.7791,48.4332],[37.7785,48.4232],[37.7859,48.4148],[37.7698,48.4045],[37.7698,48.3907],[37.7964,48.3767],[37.7757,48.3649],[37.7384,48.3571],[37.7369,48.3473],[37.7499,48.3227],[37.7102,48.3091],[37.7211,48.2632],[37.6891,48.2614],[37.6864,48.2687],[37.6426,48.2735],[37.6448,48.2772],[37.6357,48.2821],[37.6197,48.2761],[37.6003,48.2785],[37.6077,48.3077],[37.597,48.3101],[37.5925,48.3046],[37.5559,48.3361],[37.5397,48.3401],[37.4944,48.3175],[37.4738,48.334],[37.4849,48.3419],[37.4702,48.353],[37.4528,48.3467],[37.4436,48.3838],[37.4523,48.3846],[37.4464,48.412],[37.4268,48.4101],[37.4238,48.4233],[37.4454,48.426],[37.4421,48.4432],[37.4325,48.4421],[37.4333,48.4752],[37.3635,48.482],[37.3673,48.4946],[37.3905,48.5094],[37.3915,48.5166],[37.3856,48.5178],[37.3985,48.5338],[37.3685,48.5363],[37.3665,48.5599],[37.3467,48.5564],[37.3274,48.5779],[37.3345,48.5797],[37.2944,48.6015],[37.301,48.5721],[37.2596,48.568],[37.252,48.6011],[37.2236,48.5988],[37.2208,48.6043],[37.2038,48.6015],[37.2003,48.609],[37.1652,48.6093],[37.1647,48.5908],[37.1427,48.5975],[37.1122,48.5918],[37.0972,48.6094],[37.0635,48.6063],[37.0631,48.5886],[37.0464,48.5869],[37.0576,48.566],[37.0514,48.5654],[37.0528,48.559],[37.0144,48.5648],[37.0177,48.5479],[37.0026,48.5488],[37.0044,48.539],[36.9952,48.538],[36.9932,48.5463],[36.904,48.5305]],[[37.9402,48.3789],[37.9361,48.3814],[37.9282,48.3813],[37.9351,48.3789],[37.9402,48.3789]],[[37.8891,48.4201],[37.8698,48.4342],[37.8733,48.4243],[37.8891,48.4201]],[[37.8597,48.4352],[37.8616,48.4312],[37.8635,48.432],[37.8597,48.4352]]]}},{"type":"Feature","properties":{"k":"mariupolskyi","o":"Донецька"},"geometry":{"type":"Polygon","coordinates":[[[37.2446,47.4685],[37.2647,47.4661],[37.2545,47.4474],[37.2891,47.434],[37.2812,47.4249],[37.2849,47.4203],[37.3084,47.4186],[37.3224,47.405],[37.3339,47.4036],[37.3354,47.3966],[37.3565,47.4152],[37.4092,47.4001],[37.4071,47.3911],[37.4219,47.3825],[37.4047,47.3645],[37.4086,47.3563],[37.5898,47.3702],[37.5822,47.3627],[37.6218,47.3543],[37.6202,47.3501],[37.6378,47.346],[37.6369,47.3379],[37.6996,47.3328],[37.7021,47.3487],[37.6944,47.3492],[37.6993,47.3708],[37.8408,47.3584],[37.8457,47.3494],[37.8618,47.3541],[37.863,47.3453],[37.8555,47.3414],[37.8331,47.3418],[37.8266,47.3186],[37.8409,47.3058],[37.8356,47.3011],[37.8224,47.31],[37.8059,47.3069],[37.7948,47.282],[37.8632,47.2712],[37.8552,47.24],[37.8435,47.2367],[37.8406,47.2136],[37.8833,47.2102],[37.8806,47.1569],[37.8395,47.1629],[37.8382,47.1445],[37.811,47.1464],[37.7854,47.1391],[37.8164,47.1063],[37.877,47.1077],[37.7937,47.0852],[37.7673,47.0884],[37.7098,47.0803],[37.6293,47.0948],[37.6092,47.0841],[37.6062,47.0894],[37.592,47.0874],[37.595,47.0815],[37.5864,47.0787],[37.5729,47.0989],[37.5793,47.0892],[37.57,47.096],[37.5743,47.0857],[37.5375,47.081],[37.5201,47.0717],[37.518,47.0608],[37.5053,47.0562],[37.4978,47.0406],[37.4904,47.0425],[37.4752,47.0295],[37.4413,46.9896],[37.3953,46.9521],[37.3352,46.8896],[37.3031,46.869],[37.2857,46.8676],[37.284,46.8718],[37.2999,46.8711],[37.3304,46.8883],[37.3241,46.8848],[37.321,46.9106],[37.2834,46.9368],[37.2377,46.9511],[37.2086,46.9339],[37.1897,46.9327],[37.1623,46.9141],[37.1212,46.9068],[37.0625,46.884],[37.0214,46.9279],[37.0923,46.9684],[37.1026,46.9599],[37.1412,46.9818],[37.0894,47.0075],[37.1249,47.0392],[37.0986,47.0593],[37.0811,47.0475],[36.9858,47.0795],[37.0127,47.0894],[37.011,47.0982],[37.002,47.1008],[37.0107,47.1107],[37.0001,47.1142],[37.0016,47.1276],[36.9834,47.1244],[36.9704,47.1356],[36.9737,47.1398],[36.9486,47.1593],[36.9401,47.1575],[36.9365,47.1655],[36.9226,47.1605],[36.9211,47.1721],[36.9088,47.1638],[36.8997,47.1739],[36.8885,47.1707],[36.8589,47.1895],[36.8544,47.1993],[36.9313,47.207],[36.9316,47.2007],[36.9624,47.2017],[36.9553,47.229],[36.9491,47.2282],[36.9452,47.2405],[36.9262,47.3193],[36.9441,47.3207],[36.9466,47.311],[37.0266,47.3147],[37.0362,47.3],[37.0821,47.3153],[37.0807,47.3227],[37.0951,47.326],[37.0923,47.33],[37.122,47.3403],[37.1062,47.3758],[37.1418,47.3798],[37.1618,47.3414],[37.2035,47.3558],[37.1946,47.3733],[37.2412,47.4448],[37.2444,47.4543],[37.2385,47.4576],[37.2446,47.4685]]]}},{"type":"Feature","properties":{"k":"pokrovskyi","o":"Донецька"},"geometry":{"type":"MultiPolygon","coordinates":[[[[36.8816,48.0629],[36.8962,48.0776],[36.8727,48.1841],[36.8883,48.1773],[36.8943,48.1802],[36.8931,48.1913],[36.8977,48.1873],[36.9059,48.1886],[36.9043,48.1935],[36.9365,48.1943],[36.9123,48.3092],[36.8737,48.3055],[36.8712,48.3169],[36.8166,48.3125],[36.8088,48.3481],[36.8162,48.3488],[36.813,48.3685],[36.8215,48.3658],[36.8277,48.3712],[36.8203,48.4065],[36.8349,48.4101],[36.8246,48.4147],[36.8372,48.4204],[36.8514,48.4174],[36.8453,48.4437],[36.8367,48.4431],[36.8301,48.4844],[36.8567,48.487],[36.8503,48.5177],[36.906,48.5229],[36.904,48.5305],[36.9417,48.5347],[36.944,48.5413],[36.9932,48.5463],[36.9952,48.538],[37.0044,48.539],[37.0026,48.5488],[37.0177,48.5479],[37.0144,48.5648],[37.0528,48.559],[37.0514,48.5654],[37.0576,48.566],[37.0464,48.5869],[37.0631,48.5886],[37.0635,48.6063],[37.0972,48.6094],[37.1122,48.5918],[37.1427,48.5975],[37.1647,48.5908],[37.1652,48.6093],[37.2003,48.609],[37.2038,48.6015],[37.2208,48.6043],[37.2236,48.5988],[37.252,48.6011],[37.2596,48.568],[37.301,48.5721],[37.2944,48.6015],[37.3345,48.5797],[37.3274,48.5779],[37.3467,48.5564],[37.3665,48.5599],[37.3685,48.5363],[37.3985,48.5338],[37.3856,48.5178],[37.3915,48.5166],[37.3905,48.5094],[37.3673,48.4946],[37.3635,48.482],[37.4333,48.4752],[37.4325,48.4421],[37.4421,48.4432],[37.4454,48.426],[37.4238,48.4233],[37.4268,48.4101],[37.4464,48.412],[37.4523,48.3846],[37.4436,48.3838],[37.4528,48.3467],[37.4702,48.353],[37.4849,48.3419],[37.4738,48.334],[37.4944,48.3175],[37.5397,48.3401],[37.5559,48.3361],[37.5925,48.3046],[37.597,48.3101],[37.6077,48.3077],[37.6003,48.2785],[37.6197,48.2761],[37.6357,48.2821],[37.6448,48.2772],[37.6426,48.2735],[37.6864,48.2687],[37.6891,48.2614],[37.7211,48.2632],[37.7102,48.3091],[37.7499,48.3227],[37.7369,48.3473],[37.7384,48.3571],[37.7917,48.3742],[37.7944,48.3682],[37.8063,48.369],[37.799,48.3729],[37.795,48.3762],[37.7964,48.3767],[37.8121,48.3702],[37.8078,48.3677],[37.8266,48.3466],[37.8513,48.3485],[37.8158,48.3677],[37.8718,48.3725],[37.8685,48.3633],[37.8921,48.3531],[37.8959,48.3585],[37.9031,48.3554],[37.9121,48.34],[37.9377,48.3309],[37.9393,48.3243],[37.9049,48.3218],[37.9043,48.3062],[37.8858,48.3077],[37.8943,48.2883],[37.9051,48.2892],[37.91,48.2602],[37.9256,48.2598],[37.9275,48.2545],[37.8882,48.2506],[37.8941,48.2311],[37.9304,48.2326],[37.939,48.2265],[37.9343,48.2165],[37.9215,48.2125],[37.9568,48.2094],[37.9541,48.2055],[37.9601,48.2025],[37.9332,48.1852],[37.9347,48.1733],[37.8975,48.1654],[37.8989,48.1457],[37.8762,48.1359],[37.8694,48.15],[37.8377,48.1422],[37.8253,48.1568],[37.8324,48.1721],[37.8284,48.1823],[37.8144,48.1852],[37.7898,48.172],[37.7932,48.1627],[37.7761,48.1446],[37.8005,48.1421],[37.8077,48.1188],[37.7839,48.1076],[37.7552,48.1141],[37.6931,48.1025],[37.6955,48.0873],[37.7038,48.0879],[37.7071,48.0712],[37.7004,48.071],[37.7075,48.0578],[37.6963,48.05],[37.688,48.0547],[37.6566,48.0337],[37.6595,48.0211],[37.6761,48.0163],[37.6708,48.0115],[37.6814,48.0051],[37.6649,48.0005],[37.6641,47.9952],[37.625,48.0027],[37.6149,48.0564],[37.541,48.0506],[37.5496,48.0047],[37.5406,48.0074],[37.5448,47.9831],[37.5616,47.9777],[37.5463,47.9697],[37.5255,47.9417],[37.5527,47.9322],[37.5414,47.9153],[37.5471,47.8668],[37.5417,47.8564],[37.5481,47.8558],[37.5438,47.8388],[37.5347,47.8423],[37.5307,47.8234],[37.5092,47.8238],[37.5101,47.8124],[37.4282,47.7997],[37.4274,47.8069],[37.4109,47.8059],[37.358,47.8222],[37.3529,47.818],[37.2964,47.8318],[37.2891,47.8128],[37.2966,47.8101],[37.2918,47.8023],[37.271,47.8047],[37.2741,47.8176],[37.2485,47.8391],[37.2574,47.8667],[37.2154,47.8729],[37.2061,47.8875],[37.1836,47.8883],[37.1848,47.8968],[37.2137,47.8967],[37.2115,47.9065],[37.1471,47.9103],[37.1495,47.9285],[37.0696,47.9339],[37.0762,47.978],[37.092,47.9786],[37.0973,47.967],[37.1541,47.9591],[37.158,47.9822],[37.1689,47.9817],[37.1703,47.9937],[37.1275,47.9959],[37.1406,48.0061],[37.1767,48.0051],[37.1766,48.027],[37.1622,48.0262],[37.1519,48.0745],[37.1586,48.0748],[37.1532,48.1001],[37.1119,48.096],[37.1132,48.0895],[36.992,48.0775],[36.9933,48.0719],[36.8816,48.0629]],[[37.8895,48.3232],[37.8691,48.3232],[37.8933,48.3141],[37.8824,48.3196],[37.8895,48.3232]],[[37.8451,48.3404],[37.8372,48.3473],[37.8335,48.34],[37.8212,48.3441],[37.8171,48.3393],[37.8221,48.3369],[37.8108,48.3336],[37.8166,48.3291],[37.8108,48.3206],[37.8445,48.3234],[37.8447,48.305],[37.8575,48.2878],[37.857,48.3219],[37.8863,48.3141],[37.8461,48.3271],[37.8913,48.3258],[37.8546,48.3351],[37.855,48.3417],[37.8451,48.3404]],[[37.8389,48.3169],[37.8203,48.3118],[37.8399,48.3152],[37.8389,48.3169]],[[37.7609,48.3213],[37.7699,48.3249],[37.7687,48.3307],[37.7563,48.3237],[37.7561,48.3164],[37.7646,48.3087],[37.7609,48.3213]],[[37.754,48.3127],[37.7572,48.3112],[37.7548,48.3142],[37.754,48.3127]]],[[[37.9122,48.2608],[37.9155,48.2643],[37.9168,48.263],[37.9122,48.2608]]],[[[37.7312,48.0917],[37.7114,48.0959],[37.7302,48.0984],[37.7312,48.0917]]],[[[37.5745,47.8336],[37.5624,47.8322],[37.5661,47.8384],[37.5745,47.8336]]]]}},{"type":"Feature","properties":{"k":"berdychivskyi","o":"Житомирська"},"geometry":{"type":"Polygon","coordinates":[[[29.5053,49.6492],[29.431,49.6623],[29.426,49.6525],[29.4094,49.659],[29.38,49.6197],[29.3543,49.6278],[29.3399,49.6143],[29.3277,49.628],[29.2756,49.6271],[29.2756,49.59],[29.2537,49.5901],[29.2427,49.6042],[29.2129,49.5877],[29.203,49.5941],[29.1892,49.5872],[29.1506,49.593],[29.1165,49.5835],[29.1049,49.5932],[29.0268,49.5904],[28.9956,49.5966],[28.9858,49.6027],[28.9882,49.6093],[29.0101,49.6325],[28.9825,49.6446],[28.9795,49.6491],[28.9855,49.6501],[28.9635,49.6728],[28.9457,49.6792],[28.9574,49.6842],[28.9641,49.6994],[28.9759,49.6982],[28.9949,49.7166],[28.9907,49.7189],[28.9949,49.7249],[29.0047,49.7266],[29.0021,49.7385],[28.9638,49.7549],[28.9658,49.7764],[28.9428,49.7831],[28.9701,49.8036],[28.9613,49.8092],[28.9606,49.8209],[28.9446,49.8198],[28.9539,49.8404],[28.9375,49.8532],[28.903,49.8634],[28.91,49.8665],[28.8952,49.8725],[28.8986,49.8817],[28.8809,49.8883],[28.8572,49.8885],[28.8441,49.86],[28.7836,49.8515],[28.7848,49.8427],[28.7507,49.8445],[28.7506,49.8227],[28.7588,49.8233],[28.759,49.8183],[28.746,49.8176],[28.7341,49.7984],[28.7263,49.7968],[28.7224,49.8085],[28.6879,49.8052],[28.69,49.7995],[28.6358,49.817],[28.6394,49.81],[28.6228,49.8143],[28.6022,49.81],[28.601,49.782],[28.5697,49.7739],[28.5284,49.8206],[28.4812,49.8076],[28.4694,49.8231],[28.4216,49.8249],[28.4069,49.7919],[28.3795,49.7805],[28.2982,49.8013],[28.2626,49.7994],[28.2618,49.8098],[28.2433,49.814],[28.2447,49.7975],[28.2282,49.7948],[28.2253,49.7851],[28.2168,49.7849],[28.2198,49.7901],[28.2131,49.7917],[28.1531,49.7888],[28.1093,49.7736],[28.0445,49.7705],[27.9809,49.7802],[27.9186,49.7669],[27.9238,49.7761],[27.8853,49.7852],[27.88,49.8022],[27.8901,49.8189],[27.8699,49.8319],[27.8826,49.8399],[27.8981,49.8698],[27.9279,49.88],[27.9312,49.8938],[27.9695,49.9018],[27.9639,49.9198],[27.9952,49.918],[28.0177,49.9035],[28.0686,49.9029],[28.0688,49.8917],[28.0813,49.8861],[28.07,49.882],[28.0973,49.8557],[28.1316,49.8567],[28.1252,49.8429],[28.142,49.8476],[28.1426,49.8561],[28.1345,49.859],[28.1446,49.8628],[28.1455,49.8702],[28.1826,49.8864],[28.2182,49.8884],[28.2251,49.9018],[28.2457,49.9024],[28.2743,49.9237],[28.2813,49.9225],[28.2783,49.9154],[28.2829,49.9137],[28.2859,49.9204],[28.3427,49.9058],[28.3866,49.9463],[28.3899,49.9806],[28.3846,49.9856],[28.4113,50.0055],[28.4093,50.0107],[28.4193,50.0122],[28.4295,50.0301],[28.4645,50.0313],[28.4649,50.0487],[28.4975,50.0456],[28.5197,50.0507],[28.5941,50.0357],[28.6,50.0441],[28.6131,50.0422],[28.6154,50.0479],[28.6414,50.044],[28.6398,50.0378],[28.6836,50.0621],[28.7092,50.0568],[28.715,50.0606],[28.7376,50.0465],[28.7698,50.0383],[28.7797,50.0702],[28.8085,50.0768],[28.8186,50.0897],[28.836,50.0821],[28.872,50.0902],[28.8726,50.0977],[28.8564,50.1047],[28.8977,50.1334],[28.9421,50.1534],[28.9619,50.1484],[28.9493,50.124],[28.9383,50.118],[28.9423,50.1134],[28.9381,50.1097],[28.949,50.0989],[28.9302,50.0926],[28.9308,50.0858],[28.9376,50.0839],[28.9289,50.0774],[28.9308,50.0609],[28.9238,50.0549],[28.957,50.0499],[28.9822,50.0643],[28.9941,50.0627],[29.0146,50.08],[29.0636,50.0629],[29.0777,50.0752],[29.097,50.0615],[29.1088,50.0701],[29.123,50.0639],[29.1405,50.0873],[29.1645,50.0902],[29.1628,50.1427],[29.1993,50.1476],[29.1916,50.1353],[29.2191,50.1365],[29.224,50.1254],[29.2347,50.1236],[29.2224,50.1104],[29.2728,50.0964],[29.2729,50.0715],[29.2569,50.0656],[29.2506,50.0541],[29.2773,50.05],[29.3008,50.0243],[29.2693,50.0123],[29.2783,50.0031],[29.2796,49.9959],[29.2727,49.9941],[29.2827,49.9867],[29.279,49.9641],[29.213,49.9663],[29.2208,49.9624],[29.2108,49.943],[29.235,49.9312],[29.2485,49.8922],[29.2348,49.8868],[29.2358,49.8817],[29.2509,49.8815],[29.2495,49.862],[29.2963,49.8592],[29.3086,49.8332],[29.3225,49.8322],[29.3312,49.8425],[29.3312,49.8471],[29.3196,49.8488],[29.3314,49.8525],[29.3277,49.8589],[29.3648,49.8584],[29.3657,49.8524],[29.3822,49.8495],[29.397,49.8305],[29.3849,49.8237],[29.4096,49.809],[29.4296,49.8175],[29.4621,49.7619],[29.4447,49.7321],[29.4357,49.7295],[29.446,49.7135],[29.4973,49.7138],[29.4911,49.7074],[29.489,49.6692],[29.5136,49.6631],[29.5053,49.6492]]]}},{"type":"Feature","properties":{"k":"zhytomyrskyi","o":"Житомирська"},"geometry":{"type":"Polygon","coordinates":[[[27.9186,49.7669],[27.8996,49.7672],[27.8934,49.7578],[27.8767,49.7549],[27.8359,49.7555],[27.8353,49.7448],[27.8172,49.7429],[27.8176,49.7342],[27.8062,49.7273],[27.79,49.7269],[27.7811,49.7283],[27.7493,49.7565],[27.7036,49.769],[27.727,49.7996],[27.7165,49.8062],[27.6972,49.809],[27.6919,49.802],[27.668,49.8078],[27.663,49.7946],[27.6581,49.7968],[27.6416,49.8122],[27.6392,49.8247],[27.6217,49.8382],[27.6276,49.8505],[27.6188,49.8554],[27.6226,49.8604],[27.61,49.8757],[27.6254,49.8924],[27.5958,49.8902],[27.5698,49.9098],[27.5626,49.9094],[27.5637,49.9018],[27.5468,49.9035],[27.5477,49.9348],[27.5572,49.9356],[27.5568,49.9452],[27.5756,49.9486],[27.5664,49.9589],[27.5616,49.9837],[27.5488,49.9963],[27.5465,50.0116],[27.5713,50.0197],[27.6117,50.0056],[27.642,50.0368],[27.6581,50.0328],[27.658,50.0258],[27.6703,50.0253],[27.6814,50.0346],[27.6776,50.042],[27.6822,50.0474],[27.6742,50.056],[27.6784,50.0636],[27.6687,50.0775],[27.6154,50.0862],[27.6303,50.1033],[27.6237,50.1041],[27.6245,50.1125],[27.6391,50.1151],[27.6259,50.1233],[27.6316,50.1462],[27.6486,50.144],[27.6518,50.1531],[27.6724,50.154],[27.6787,50.1608],[27.6623,50.1713],[27.6643,50.1927],[27.6516,50.1992],[27.6617,50.2024],[27.6518,50.2076],[27.6664,50.219],[27.6629,50.2226],[27.6829,50.2135],[27.6659,50.2324],[27.6954,50.2379],[27.6996,50.2316],[27.6862,50.2229],[27.69,50.2165],[27.7115,50.2132],[27.7173,50.2162],[27.7181,50.2288],[27.7513,50.232],[27.7585,50.2245],[27.7785,50.2265],[27.7741,50.2431],[27.7515,50.2412],[27.7487,50.2492],[27.8028,50.2549],[27.8021,50.2487],[27.8615,50.2413],[27.8562,50.2286],[27.8654,50.2308],[27.8674,50.2691],[27.8839,50.2702],[27.8873,50.2784],[27.8958,50.2752],[27.9055,50.2901],[27.9717,50.2827],[27.9733,50.2902],[27.9674,50.2927],[27.9743,50.294],[27.9831,50.3301],[28.0156,50.3214],[28.0254,50.3343],[28.0429,50.3294],[28.0664,50.3408],[28.0339,50.3584],[28.0482,50.3791],[28.0457,50.3855],[28.0047,50.3944],[27.9618,50.3942],[27.9132,50.4062],[27.9473,50.4019],[27.9552,50.406],[27.9444,50.4237],[27.9298,50.4292],[27.9454,50.4368],[27.9361,50.4561],[27.9397,50.4755],[27.9224,50.4801],[27.9458,50.5092],[27.9373,50.5115],[27.9965,50.5206],[27.9882,50.5281],[27.9941,50.5378],[28.0146,50.5334],[28.016,50.545],[28.0425,50.5498],[28.0552,50.563],[28.0441,50.5797],[28.0433,50.5943],[28.0797,50.5839],[28.0958,50.586],[28.1318,50.6028],[28.1749,50.6099],[28.2085,50.6275],[28.2421,50.6315],[28.2415,50.6373],[28.2697,50.6556],[28.2824,50.6799],[28.2498,50.6963],[28.2439,50.7109],[28.2612,50.7118],[28.263,50.7242],[28.2801,50.7174],[28.2902,50.7208],[28.283,50.7261],[28.2911,50.7315],[28.2909,50.7544],[28.3251,50.7533],[28.337,50.7591],[28.3862,50.7499],[28.4097,50.7589],[28.4116,50.7452],[28.44,50.7547],[28.4499,50.7445],[28.4864,50.7429],[28.4953,50.769],[28.5151,50.767],[28.5138,50.7597],[28.5415,50.7535],[28.5446,50.7427],[28.5942,50.7488],[28.6111,50.7348],[28.6542,50.7467],[28.6454,50.7521],[28.6485,50.7554],[28.7023,50.7545],[28.6903,50.7504],[28.6793,50.729],[28.6684,50.723],[28.6791,50.7273],[28.684,50.7164],[28.7369,50.7193],[28.719,50.7123],[28.716,50.692],[28.6873,50.6821],[28.6892,50.6708],[28.7189,50.6725],[28.7249,50.6665],[28.7231,50.649],[28.74,50.6544],[28.7374,50.679],[28.7483,50.6892],[28.7679,50.6945],[28.7817,50.6812],[28.8447,50.6677],[28.8533,50.6728],[28.8427,50.69],[28.8564,50.698],[28.8566,50.7095],[28.9109,50.7268],[28.9356,50.7089],[28.9562,50.7165],[28.9614,50.7105],[28.9769,50.7151],[29.0181,50.7064],[29.0204,50.6929],[29.0366,50.6908],[29.036,50.6824],[29.0424,50.6781],[29.0784,50.673],[29.0787,50.6687],[29.0638,50.6711],[29.0645,50.6671],[29.0392,50.6638],[29.0438,50.6578],[29.0939,50.6566],[29.1448,50.6686],[29.1578,50.6839],[29.1996,50.6772],[29.1968,50.6712],[29.2077,50.6704],[29.2071,50.6617],[29.2379,50.655],[29.2465,50.6432],[29.2551,50.6457],[29.2581,50.6565],[29.2818,50.658],[29.3064,50.6794],[29.2896,50.686],[29.2926,50.6923],[29.3115,50.6846],[29.3163,50.6891],[29.3347,50.6771],[29.3742,50.6917],[29.3761,50.7037],[29.4112,50.7081],[29.4109,50.726],[29.4341,50.7233],[29.4465,50.7276],[29.4513,50.7364],[29.4601,50.7366],[29.4652,50.7262],[29.4614,50.7199],[29.4874,50.7172],[29.4687,50.7429],[29.4813,50.7423],[29.4911,50.731],[29.5015,50.7386],[29.5041,50.729],[29.4912,50.7238],[29.4896,50.7166],[29.5038,50.715],[29.5387,50.6942],[29.5583,50.6947],[29.5606,50.7062],[29.5792,50.7174],[29.578,50.7383],[29.5972,50.729],[29.5764,50.6993],[29.5657,50.6932],[29.5499,50.6934],[29.542,50.6898],[29.5406,50.6811],[29.5277,50.6778],[29.528,50.6633],[29.5051,50.6583],[29.4858,50.6627],[29.476,50.6533],[29.4849,50.6467],[29.4636,50.6333],[29.4725,50.6282],[29.4447,50.6212],[29.4757,50.608],[29.498,50.5903],[29.4985,50.5774],[29.5049,50.5727],[29.4985,50.5603],[29.5029,50.5494],[29.4869,50.5374],[29.4588,50.5395],[29.4668,50.5281],[29.4602,50.5172],[29.5066,50.5001],[29.5034,50.4951],[29.5091,50.488],[29.5026,50.4839],[29.5109,50.4708],[29.4835,50.4592],[29.4572,50.4711],[29.4469,50.4528],[29.4976,50.4505],[29.4984,50.4398],[29.4817,50.4196],[29.4718,50.421],[29.4693,50.4155],[29.4491,50.4204],[29.4426,50.4154],[29.4548,50.4015],[29.4817,50.404],[29.4803,50.4132],[29.5603,50.4225],[29.5904,50.4004],[29.5888,50.3749],[29.6089,50.3726],[29.6178,50.3649],[29.6357,50.3712],[29.6357,50.3582],[29.612,50.3411],[29.626,50.3301],[29.6757,50.321],[29.6929,50.3247],[29.6908,50.3098],[29.6821,50.3117],[29.6756,50.2976],[29.678,50.2851],[29.6898,50.2842],[29.6887,50.2794],[29.6663,50.2745],[29.6737,50.2674],[29.6656,50.265],[29.6815,50.2554],[29.7013,50.2308],[29.6859,50.2262],[29.6759,50.2068],[29.6431,50.1798],[29.6935,50.1556],[29.6881,50.1439],[29.6591,50.1276],[29.6557,50.1183],[29.6699,50.1137],[29.6463,50.1068],[29.6973,50.0684],[29.6953,50.0442],[29.6715,50.0322],[29.6835,50.0122],[29.6985,50.0063],[29.6908,49.998],[29.6965,49.9912],[29.7173,49.9789],[29.7142,49.9676],[29.7282,49.9703],[29.732,49.9631],[29.7216,49.9594],[29.7352,49.9445],[29.7251,49.9418],[29.7279,49.9328],[29.666,49.9113],[29.643,49.8983],[29.6336,49.8856],[29.6272,49.8865],[29.6332,49.8771],[29.6667,49.874],[29.6527,49.8649],[29.6407,49.8703],[29.621,49.8524],[29.6038,49.8557],[29.593,49.8415],[29.5469,49.8355],[29.5502,49.8281],[29.5419,49.819],[29.5091,49.8351],[29.4907,49.8254],[29.4983,49.8112],[29.4819,49.8013],[29.47,49.8144],[29.4487,49.8026],[29.4296,49.8175],[29.4096,49.809],[29.3849,49.8237],[29.397,49.8305],[29.3822,49.8495],[29.3657,49.8524],[29.3648,49.8584],[29.3277,49.8589],[29.3314,49.8525],[29.3196,49.8488],[29.3312,49.8471],[29.3312,49.8425],[29.3225,49.8322],[29.3086,49.8332],[29.2963,49.8592],[29.2495,49.862],[29.2509,49.8815],[29.2358,49.8817],[29.2348,49.8868],[29.2485,49.8922],[29.235,49.9312],[29.2108,49.943],[29.2208,49.9624],[29.2161,49.9686],[29.279,49.9641],[29.2827,49.9867],[29.2727,49.9941],[29.2796,49.9959],[29.2783,50.0031],[29.2693,50.0123],[29.3008,50.0243],[29.2773,50.05],[29.2506,50.0541],[29.2569,50.0656],[29.2729,50.0715],[29.2706,50.0989],[29.2224,50.1104],[29.2347,50.1236],[29.224,50.1254],[29.2191,50.1365],[29.1916,50.1353],[29.1993,50.1476],[29.1738,50.1468],[29.1628,50.1427],[29.1645,50.0902],[29.1405,50.0873],[29.123,50.0639],[29.1088,50.0701],[29.097,50.0615],[29.0777,50.0752],[29.0636,50.0629],[29.0146,50.08],[28.9941,50.0627],[28.9822,50.0643],[28.957,50.0499],[28.9238,50.0549],[28.9308,50.0609],[28.9289,50.0774],[28.9376,50.0839],[28.9308,50.0858],[28.9302,50.0926],[28.949,50.0989],[28.9381,50.1097],[28.9423,50.1134],[28.9383,50.118],[28.9493,50.124],[28.9619,50.1484],[28.9421,50.1534],[28.8977,50.1334],[28.8564,50.1047],[28.8726,50.0977],[28.872,50.0902],[28.836,50.0821],[28.8186,50.0897],[28.8085,50.0768],[28.7797,50.0702],[28.7698,50.0383],[28.7376,50.0465],[28.715,50.0606],[28.7092,50.0568],[28.6836,50.0621],[28.6398,50.0378],[28.6414,50.044],[28.6154,50.0479],[28.6131,50.0422],[28.6,50.0441],[28.5941,50.0357],[28.5197,50.0507],[28.4975,50.0456],[28.4649,50.0487],[28.4645,50.0313],[28.4295,50.0301],[28.4193,50.0122],[28.4093,50.0107],[28.4113,50.0055],[28.3846,49.9856],[28.3899,49.9806],[28.3866,49.9463],[28.3427,49.9058],[28.2859,49.9204],[28.2829,49.9137],[28.2783,49.9154],[28.2813,49.9225],[28.2743,49.9237],[28.2457,49.9024],[28.2251,49.9018],[28.2182,49.8884],[28.1826,49.8864],[28.1455,49.8702],[28.1446,49.8628],[28.1345,49.859],[28.1426,49.8561],[28.142,49.8476],[28.1316,49.8433],[28.1251,49.8443],[28.1316,49.8567],[28.0973,49.8557],[28.0833,49.8677],[28.07,49.882],[28.0813,49.8861],[28.0688,49.8917],[28.0686,49.9029],[28.0177,49.9035],[27.9952,49.918],[27.9639,49.9198],[27.9695,49.9018],[27.9312,49.8938],[27.9279,49.88],[27.8981,49.8698],[27.8826,49.8399],[27.8699,49.8319],[27.8901,49.8189],[27.88,49.8022],[27.8853,49.7852],[27.9238,49.7761],[27.9186,49.7669]]]}},{"type":"Feature","properties":{"k":"korostenskyi","o":"Житомирська"},"geometry":{"type":"Polygon","coordinates":[[[29.5809,50.7493],[29.5761,50.7329],[29.5823,50.7217],[29.5606,50.7062],[29.5583,50.6947],[29.5387,50.6942],[29.5038,50.715],[29.4896,50.7166],[29.4912,50.7238],[29.5041,50.729],[29.5015,50.7386],[29.4911,50.731],[29.4813,50.7423],[29.4687,50.7429],[29.4874,50.7172],[29.4614,50.7199],[29.4652,50.7262],[29.4601,50.7366],[29.4513,50.7364],[29.4465,50.7276],[29.4341,50.7233],[29.4109,50.726],[29.4112,50.7081],[29.3761,50.7037],[29.3742,50.6917],[29.3347,50.6771],[29.3163,50.6891],[29.3115,50.6846],[29.2926,50.6923],[29.2896,50.686],[29.3064,50.6794],[29.2818,50.658],[29.2581,50.6565],[29.2551,50.6457],[29.2465,50.6432],[29.2379,50.655],[29.2071,50.6617],[29.2077,50.6704],[29.1968,50.6712],[29.1996,50.6772],[29.1578,50.6839],[29.1448,50.6686],[29.0939,50.6566],[29.0438,50.6578],[29.0392,50.6638],[29.0645,50.6671],[29.0638,50.6711],[29.0787,50.6687],[29.0784,50.673],[29.0424,50.6781],[29.036,50.6824],[29.0366,50.6908],[29.0204,50.6929],[29.0181,50.7064],[28.9769,50.7151],[28.9614,50.7105],[28.9562,50.7165],[28.9356,50.7089],[28.9109,50.7268],[28.8566,50.7095],[28.8564,50.698],[28.8427,50.69],[28.8533,50.6728],[28.8447,50.6677],[28.7817,50.6812],[28.7679,50.6945],[28.7483,50.6892],[28.7374,50.679],[28.74,50.6544],[28.7231,50.649],[28.7249,50.6665],[28.7189,50.6725],[28.6892,50.6708],[28.6873,50.6821],[28.716,50.692],[28.719,50.7123],[28.7369,50.7193],[28.684,50.7164],[28.6791,50.7273],[28.6684,50.723],[28.6793,50.729],[28.6903,50.7504],[28.7023,50.7545],[28.6485,50.7554],[28.6454,50.7521],[28.6542,50.7467],[28.6111,50.7348],[28.5942,50.7488],[28.5446,50.7427],[28.5415,50.7535],[28.5138,50.7597],[28.5151,50.767],[28.4953,50.769],[28.4864,50.7429],[28.4499,50.7445],[28.44,50.7547],[28.4116,50.7452],[28.4097,50.7589],[28.3862,50.7499],[28.337,50.7591],[28.3251,50.7533],[28.2998,50.7581],[28.2909,50.7544],[28.2911,50.7315],[28.283,50.7261],[28.2902,50.7208],[28.2472,50.7224],[28.2426,50.7371],[28.2292,50.7431],[28.2439,50.7524],[28.1675,50.7841],[28.175,50.7967],[28.1502,50.803],[28.1528,50.8166],[28.1304,50.8573],[28.1097,50.8636],[28.1121,50.8717],[28.1316,50.8843],[28.1372,50.899],[28.1644,50.9117],[28.1704,50.9207],[28.1673,50.9357],[28.141,50.9653],[28.1565,50.9676],[28.1072,50.9884],[28.1309,51.0135],[28.1246,51.019],[28.1284,51.0273],[28.1096,51.0215],[28.0583,51.0285],[28.0484,51.0349],[28.0465,51.0443],[28.0273,51.0518],[27.9923,51.0604],[27.9554,51.0577],[27.9515,51.0701],[27.9285,51.0491],[27.8017,51.0548],[27.778,51.0461],[27.7542,51.048],[27.7637,51.0361],[27.7502,51.0296],[27.7732,51.0118],[27.7474,50.9966],[27.7098,50.9965],[27.7042,50.9978],[27.7036,51.0078],[27.6606,51.0137],[27.6664,51.0387],[27.625,51.0776],[27.6071,51.0802],[27.602,51.0753],[27.5839,51.0825],[27.5799,51.0807],[27.5859,51.0571],[27.5706,51.0574],[27.5776,51.0605],[27.5776,51.068],[27.5499,51.0782],[27.4739,51.0528],[27.4793,51.0442],[27.4537,51.0107],[27.4203,50.9984],[27.4078,50.9999],[27.4019,50.9929],[27.3957,50.9989],[27.3891,50.9853],[27.3643,50.9988],[27.353,51.0123],[27.3854,51.0031],[27.4228,51.0201],[27.4166,51.0297],[27.444,51.0468],[27.4314,51.0685],[27.4028,51.0581],[27.359,51.059],[27.3609,51.0764],[27.3335,51.083],[27.3361,51.0883],[27.355,51.0869],[27.3539,51.0954],[27.3667,51.0976],[27.364,51.1429],[27.3803,51.1478],[27.374,51.1549],[27.3982,51.1702],[27.3944,51.1722],[27.406,51.1879],[27.4004,51.2007],[27.4159,51.2018],[27.4428,51.2226],[27.4581,51.2238],[27.4635,51.2363],[27.4729,51.2372],[27.4474,51.2582],[27.4614,51.2641],[27.4482,51.282],[27.4407,51.3105],[27.4899,51.3156],[27.5222,51.3417],[27.5261,51.3664],[27.4947,51.3747],[27.4921,51.4081],[27.5049,51.4351],[27.505,51.4515],[27.5345,51.4529],[27.5265,51.4431],[27.5319,51.4296],[27.5837,51.4074],[27.5844,51.4016],[27.6141,51.403],[27.6135,51.4101],[27.6031,51.4145],[27.599,51.4302],[27.5825,51.4297],[27.5788,51.4785],[27.6233,51.4829],[27.6484,51.5018],[27.6691,51.497],[27.6629,51.5173],[27.7383,51.4749],[27.7618,51.4738],[27.7665,51.4933],[27.7999,51.5329],[27.8328,51.5348],[27.8494,51.5432],[27.8248,51.577],[27.8291,51.5968],[27.84,51.6078],[27.8195,51.6172],[27.8487,51.6293],[27.9118,51.6163],[27.9225,51.6055],[27.92,51.5777],[27.9447,51.5793],[27.9575,51.5927],[27.9745,51.5942],[27.9393,51.557],[28.0436,51.5662],[28.0728,51.58],[28.0815,51.5741],[28.1053,51.5792],[28.1301,51.6073],[28.1479,51.605],[28.155,51.6111],[28.1697,51.6263],[28.1707,51.644],[28.2619,51.6818],[28.2696,51.6709],[28.2548,51.6212],[28.28,51.6233],[28.3424,51.5769],[28.3543,51.5571],[28.3526,51.5398],[28.3912,51.5504],[28.4691,51.5932],[28.5176,51.5907],[28.523,51.582],[28.5542,51.5821],[28.5543,51.5723],[28.6582,51.5674],[28.6296,51.5613],[28.6337,51.5566],[28.6485,51.5584],[28.6405,51.5537],[28.6493,51.5449],[28.6549,51.5266],[28.6509,51.5239],[28.6832,51.4444],[28.6974,51.4414],[28.7361,51.4652],[28.733,51.4348],[28.7389,51.4258],[28.7503,51.4244],[28.7532,51.415],[28.7662,51.4275],[28.7709,51.4482],[28.7799,51.454],[28.7743,51.4734],[28.7614,51.487],[28.8195,51.5587],[28.837,51.5585],[28.8783,51.5763],[28.8837,51.5838],[28.9049,51.5885],[28.9235,51.5849],[28.9665,51.5913],[28.9736,51.5732],[28.9994,51.5736],[29.0304,51.5905],[29.0628,51.6244],[29.0914,51.6287],[29.0937,51.643],[29.1172,51.6565],[29.1376,51.6491],[29.1654,51.6534],[29.1762,51.6479],[29.1578,51.6288],[29.1857,51.621],[29.1774,51.607],[29.2059,51.5962],[29.2019,51.5822],[29.2145,51.567],[29.2521,51.5675],[29.2591,51.5295],[29.2511,51.5233],[29.2456,51.5001],[29.2525,51.482],[29.267,51.4762],[29.2706,51.4582],[29.3044,51.4544],[29.3116,51.4212],[29.3247,51.4016],[29.316,51.391],[29.3205,51.3773],[29.3593,51.3884],[29.3593,51.3759],[29.3938,51.3795],[29.3926,51.3425],[29.3985,51.3212],[29.3545,51.2744],[29.3351,51.2699],[29.3291,51.2711],[29.3314,51.2786],[29.2673,51.2653],[29.3204,51.1272],[29.329,51.1259],[29.3305,51.1576],[29.3489,51.1601],[29.4275,51.124],[29.4586,51.0898],[29.5118,51.0606],[29.4646,51.019],[29.4671,50.9867],[29.4749,50.9791],[29.4405,50.9885],[29.4127,50.9854],[29.4115,50.9489],[29.4355,50.9456],[29.4675,50.9247],[29.4751,50.9148],[29.4714,50.9037],[29.5213,50.8689],[29.4975,50.8373],[29.5292,50.8238],[29.5422,50.8284],[29.5481,50.8119],[29.501,50.8189],[29.4882,50.8122],[29.5219,50.7919],[29.5064,50.7854],[29.5105,50.7755],[29.4751,50.7726],[29.5031,50.7661],[29.5358,50.7763],[29.5698,50.7715],[29.5661,50.7633],[29.5809,50.7493]]]}},{"type":"Feature","properties":{"k":"novohradvolynskyi","o":"Житомирська"},"geometry":{"type":"Polygon","coordinates":[[[28.2622,50.7206],[28.2612,50.7118],[28.2439,50.7109],[28.2498,50.6963],[28.2824,50.6799],[28.2697,50.6556],[28.2415,50.6373],[28.2421,50.6315],[28.2085,50.6275],[28.1749,50.6099],[28.1318,50.6028],[28.0958,50.586],[28.0797,50.5839],[28.0433,50.5943],[28.0441,50.5797],[28.0552,50.563],[28.0425,50.5498],[28.016,50.545],[28.0146,50.5334],[27.9941,50.5378],[27.9882,50.5281],[27.9965,50.5206],[27.9373,50.5115],[27.9458,50.5092],[27.9224,50.4801],[27.9397,50.4755],[27.9361,50.4561],[27.9454,50.4368],[27.9298,50.4292],[27.9444,50.4237],[27.9552,50.406],[27.9473,50.4019],[27.9132,50.4062],[27.9618,50.3942],[28.0047,50.3944],[28.0457,50.3855],[28.0482,50.3791],[28.0339,50.3584],[28.0664,50.3408],[28.0617,50.3365],[28.0429,50.3294],[28.0254,50.3343],[28.0156,50.3214],[27.9831,50.3301],[27.9743,50.294],[27.9674,50.2927],[27.9733,50.2902],[27.9717,50.2827],[27.9055,50.2901],[27.8958,50.2752],[27.8873,50.2784],[27.8839,50.2702],[27.8674,50.2691],[27.8654,50.2308],[27.8562,50.2286],[27.8615,50.2413],[27.8021,50.2487],[27.8028,50.2549],[27.7487,50.2492],[27.7515,50.2412],[27.7741,50.2431],[27.7785,50.2265],[27.7585,50.2245],[27.7513,50.232],[27.7181,50.2288],[27.7173,50.2162],[27.7115,50.2132],[27.69,50.2165],[27.6862,50.2229],[27.6996,50.2316],[27.6954,50.2379],[27.6659,50.2324],[27.6829,50.2135],[27.6605,50.2213],[27.6664,50.219],[27.6518,50.2076],[27.6617,50.2024],[27.6516,50.1992],[27.6571,50.193],[27.6365,50.1884],[27.642,50.1723],[27.6213,50.1695],[27.6227,50.1997],[27.6081,50.1966],[27.6077,50.2145],[27.593,50.2157],[27.6022,50.2427],[27.5974,50.2586],[27.5769,50.2587],[27.5625,50.2459],[27.5431,50.2459],[27.5271,50.2253],[27.5209,50.2255],[27.4894,50.2393],[27.481,50.2572],[27.4426,50.2612],[27.4447,50.2755],[27.4241,50.2764],[27.4222,50.2716],[27.3909,50.2891],[27.4168,50.2952],[27.4162,50.3074],[27.3632,50.3325],[27.3156,50.3317],[27.3128,50.3398],[27.3231,50.354],[27.3215,50.3684],[27.2484,50.3928],[27.259,50.4245],[27.2912,50.4579],[27.2912,50.477],[27.3013,50.4931],[27.2678,50.4918],[27.2587,50.5131],[27.2074,50.5318],[27.1963,50.5526],[27.1963,50.5621],[27.2312,50.5667],[27.2152,50.5884],[27.2248,50.606],[27.1864,50.6253],[27.2055,50.6286],[27.2005,50.6327],[27.2137,50.6396],[27.2075,50.6437],[27.2135,50.6575],[27.2013,50.6632],[27.2221,50.6728],[27.2446,50.6731],[27.2543,50.6893],[27.25,50.6928],[27.2613,50.6987],[27.2587,50.7036],[27.2722,50.7118],[27.2757,50.7223],[27.2626,50.7457],[27.2705,50.7633],[27.2417,50.7703],[27.2434,50.7928],[27.234,50.7959],[27.2418,50.8281],[27.2315,50.8388],[27.249,50.8568],[27.2442,50.8693],[27.2527,50.8817],[27.2463,50.8832],[27.2563,50.896],[27.2173,50.918],[27.2153,50.9259],[27.2377,50.9352],[27.2383,50.9454],[27.2232,50.9521],[27.224,50.9656],[27.2,51.0002],[27.2263,51.0079],[27.2287,51.0216],[27.2194,51.0301],[27.3259,51.0422],[27.3174,51.0527],[27.324,51.0815],[27.3335,51.083],[27.3609,51.0764],[27.359,51.059],[27.4028,51.0581],[27.4314,51.0685],[27.444,51.0468],[27.4166,51.0297],[27.4228,51.0201],[27.3854,51.0031],[27.353,51.0123],[27.3643,50.9988],[27.3891,50.9853],[27.3957,50.9989],[27.4019,50.9929],[27.4078,50.9999],[27.4203,50.9984],[27.4537,51.0107],[27.4793,51.0442],[27.4739,51.0528],[27.5499,51.0782],[27.5776,51.068],[27.5776,51.0605],[27.5706,51.0574],[27.5859,51.0571],[27.5799,51.0807],[27.5839,51.0825],[27.602,51.0753],[27.6071,51.0802],[27.625,51.0776],[27.6664,51.0387],[27.6606,51.0137],[27.7036,51.0078],[27.7042,50.9978],[27.7098,50.9965],[27.7474,50.9966],[27.7732,51.0118],[27.7502,51.0296],[27.7637,51.0361],[27.7542,51.048],[27.778,51.0461],[27.8017,51.0548],[27.9285,51.0491],[27.9515,51.0701],[27.9554,51.0577],[27.9923,51.0604],[28.0273,51.0518],[28.0465,51.0443],[28.0484,51.0349],[28.0583,51.0285],[28.1096,51.0215],[28.1284,51.0273],[28.1246,51.019],[28.1309,51.0135],[28.1072,50.9884],[28.1565,50.9676],[28.141,50.9653],[28.1673,50.9357],[28.1704,50.9207],[28.1644,50.9117],[28.1372,50.899],[28.1316,50.8843],[28.1121,50.8717],[28.1097,50.8636],[28.1304,50.8573],[28.1528,50.8166],[28.1502,50.803],[28.175,50.7967],[28.1675,50.7841],[28.2439,50.7524],[28.2292,50.7431],[28.2426,50.7371],[28.2472,50.7224],[28.2622,50.7206]]]}},{"type":"Feature","properties":{"k":"berehivskyi","o":"Закарпатська"},"geometry":{"type":"Polygon","coordinates":[[[22.9463,48.3512],[22.9488,48.344],[22.972,48.3403],[22.9757,48.3296],[22.9928,48.3333],[22.9873,48.3249],[22.9918,48.3171],[23.0235,48.2951],[23.0269,48.298],[23.0253,48.2859],[23.0329,48.2793],[22.9791,48.286],[22.9562,48.2747],[22.9407,48.2567],[22.9461,48.2496],[23.0355,48.2734],[23.0419,48.2678],[23.0382,48.2609],[23.0592,48.2545],[23.0582,48.2408],[23.067,48.2319],[23.0627,48.222],[23.0928,48.2206],[23.1029,48.2426],[23.1521,48.2114],[23.1559,48.1929],[23.2031,48.1719],[23.2052,48.1625],[23.2313,48.1523],[23.2394,48.1575],[23.2638,48.1523],[23.2714,48.1288],[23.2611,48.1087],[23.267,48.1003],[23.2518,48.1008],[23.2463,48.092],[23.1892,48.0977],[23.1812,48.1172],[23.1666,48.1199],[23.1511,48.1126],[23.1388,48.0945],[23.114,48.0866],[23.1233,48.0774],[23.1052,48.0657],[23.1125,48.0618],[23.1124,48.0544],[23.0982,48.0442],[23.1092,48.0352],[23.0898,48.0193],[23.0974,48.0158],[23.09,48.0055],[23.0657,48.0077],[23.0136,47.9905],[22.9777,48.0099],[22.9612,48.0074],[22.9271,48.0191],[22.9203,48.0067],[22.9352,47.9989],[22.9475,47.9673],[22.8959,47.954],[22.8906,47.957],[22.8925,47.967],[22.879,47.9634],[22.8692,47.9766],[22.8617,47.9736],[22.86,47.9796],[22.8402,47.9808],[22.8424,47.9881],[22.8356,47.9898],[22.866,48.0121],[22.8647,48.0219],[22.8804,48.0364],[22.8815,48.0547],[22.8679,48.0519],[22.8609,48.0577],[22.8649,48.0592],[22.8609,48.0743],[22.8472,48.0834],[22.8366,48.0797],[22.84,48.0855],[22.8278,48.0956],[22.8316,48.1083],[22.8256,48.1166],[22.8157,48.1173],[22.8064,48.106],[22.8023,48.1217],[22.7904,48.1166],[22.7723,48.1215],[22.7785,48.1122],[22.7705,48.1089],[22.7567,48.12],[22.7351,48.1193],[22.6727,48.0917],[22.5902,48.1076],[22.5992,48.1163],[22.5924,48.1239],[22.5954,48.1353],[22.5883,48.1416],[22.5981,48.1452],[22.5829,48.1596],[22.5747,48.1592],[22.5614,48.1816],[22.5687,48.1851],[22.5704,48.1961],[22.5317,48.2089],[22.5131,48.2262],[22.5154,48.238],[22.4972,48.2395],[22.5021,48.2484],[22.4892,48.2538],[22.4571,48.2414],[22.4326,48.2523],[22.4325,48.2468],[22.4006,48.249],[22.3845,48.2341],[22.3693,48.245],[22.3597,48.2654],[22.3385,48.2789],[22.3367,48.3079],[22.3209,48.3145],[22.313,48.3257],[22.32,48.3386],[22.3188,48.3686],[22.3474,48.3799],[22.3428,48.382],[22.348,48.3844],[22.3421,48.406],[22.361,48.4026],[22.356,48.3887],[22.3618,48.3885],[22.3595,48.3819],[22.3651,48.3788],[22.3816,48.3791],[22.3839,48.3876],[22.3939,48.3924],[22.4048,48.3804],[22.418,48.3906],[22.4596,48.3746],[22.4819,48.3738],[22.4738,48.3801],[22.4754,48.386],[22.4973,48.3843],[22.495,48.373],[22.5088,48.3731],[22.5431,48.349],[22.5242,48.3338],[22.5358,48.3311],[22.5016,48.3081],[22.5041,48.301],[22.522,48.2976],[22.5519,48.2996],[22.5668,48.3068],[22.5763,48.3206],[22.5447,48.3256],[22.5636,48.3302],[22.5712,48.3391],[22.5852,48.3303],[22.5971,48.3322],[22.5929,48.3276],[22.6051,48.3226],[22.6135,48.3245],[22.6017,48.3165],[22.6106,48.3133],[22.6355,48.3231],[22.6294,48.3326],[22.6407,48.3396],[22.668,48.3073],[22.7075,48.2931],[22.7546,48.2878],[22.7665,48.2943],[22.7924,48.2911],[22.7916,48.3097],[22.815,48.3144],[22.825,48.3297],[22.8385,48.3356],[22.8283,48.3394],[22.8305,48.3458],[22.8457,48.3423],[22.8409,48.3375],[22.8602,48.336],[22.8566,48.3509],[22.8636,48.3551],[22.8795,48.3346],[22.8743,48.3318],[22.8777,48.3264],[22.8531,48.3262],[22.8557,48.3049],[22.8763,48.3006],[22.8729,48.2882],[22.8954,48.281],[22.8902,48.2983],[22.8998,48.3021],[22.8919,48.3134],[22.9072,48.3241],[22.8963,48.3206],[22.8947,48.3281],[22.9172,48.3293],[22.9225,48.343],[22.9463,48.3512]],[[22.8988,48.2458],[22.9003,48.2383],[22.9179,48.243],[22.9107,48.2499],[22.8988,48.2458]]]}},{"type":"Feature","properties":{"k":"mukachivskyi","o":"Закарпатська"},"geometry":{"type":"Polygon","coordinates":[[[22.9463,48.3512],[22.9225,48.343],[22.9172,48.3293],[22.8947,48.3281],[22.8963,48.3206],[22.9072,48.3241],[22.8919,48.3134],[22.8998,48.3021],[22.8902,48.2983],[22.8954,48.281],[22.8729,48.2882],[22.8763,48.3006],[22.8557,48.3049],[22.8531,48.3262],[22.8777,48.3264],[22.8743,48.3318],[22.8795,48.3346],[22.8636,48.3551],[22.8566,48.3509],[22.8602,48.336],[22.8409,48.3375],[22.8457,48.3423],[22.8305,48.3458],[22.8283,48.3394],[22.8385,48.3356],[22.825,48.3297],[22.815,48.3144],[22.7916,48.3097],[22.7924,48.2911],[22.7665,48.2943],[22.7546,48.2878],[22.7075,48.2931],[22.668,48.3073],[22.6407,48.3396],[22.6294,48.3326],[22.6355,48.3231],[22.6106,48.3133],[22.6017,48.3165],[22.6135,48.3245],[22.6051,48.3226],[22.5929,48.3276],[22.5971,48.3322],[22.5852,48.3303],[22.5712,48.3391],[22.5636,48.3302],[22.5447,48.3256],[22.5763,48.3206],[22.5668,48.3068],[22.5519,48.2996],[22.5125,48.2988],[22.5016,48.3081],[22.5358,48.3311],[22.5242,48.3338],[22.5431,48.349],[22.5088,48.3731],[22.495,48.373],[22.4982,48.3808],[22.4924,48.3863],[22.5026,48.404],[22.4665,48.4102],[22.4657,48.4211],[22.4492,48.432],[22.4316,48.4311],[22.4359,48.4407],[22.4044,48.4507],[22.3619,48.4752],[22.4021,48.4903],[22.4342,48.4827],[22.4364,48.4769],[22.4721,48.4804],[22.4893,48.4937],[22.5098,48.496],[22.5579,48.4816],[22.5577,48.495],[22.5831,48.4993],[22.5832,48.5114],[22.5547,48.531],[22.555,48.5514],[22.5493,48.5596],[22.5599,48.5549],[22.5822,48.569],[22.628,48.5773],[22.6378,48.5937],[22.6536,48.6008],[22.6537,48.6184],[22.6675,48.6289],[22.677,48.6502],[22.71,48.6451],[22.7098,48.6394],[22.728,48.6314],[22.7882,48.6337],[22.8159,48.6125],[22.8521,48.6163],[22.8598,48.636],[22.8478,48.6388],[22.8565,48.6671],[22.8487,48.6828],[22.8676,48.7137],[22.862,48.7279],[22.873,48.7396],[22.8702,48.7489],[22.894,48.7572],[22.8961,48.764],[22.8798,48.7861],[22.8877,48.7929],[22.8734,48.8167],[22.882,48.828],[22.8474,48.8671],[22.8333,48.8696],[22.8334,48.8778],[22.8603,48.899],[22.8596,48.9177],[22.886,48.9247],[22.8982,48.9043],[22.9705,48.8744],[22.9747,48.8449],[23.001,48.8295],[23.0201,48.8472],[23.0451,48.8513],[23.0577,48.8467],[23.1002,48.8622],[23.1315,48.8526],[23.1336,48.8341],[23.1526,48.831],[23.1681,48.8167],[23.2008,48.7606],[23.268,48.7617],[23.2854,48.7758],[23.3128,48.76],[23.3173,48.7535],[23.3138,48.7278],[23.2902,48.7164],[23.2906,48.6883],[23.2468,48.6625],[23.2484,48.6516],[23.209,48.6364],[23.1895,48.6431],[23.1899,48.6335],[23.1644,48.6361],[23.1648,48.6293],[23.1786,48.627],[23.1662,48.614],[23.1385,48.6261],[23.1427,48.6214],[23.1367,48.6181],[23.1491,48.6196],[23.1648,48.6105],[23.1936,48.6197],[23.1989,48.6091],[23.195,48.5854],[23.164,48.5697],[23.1548,48.5559],[23.16,48.5179],[23.1534,48.5031],[23.1693,48.4933],[23.1634,48.4831],[23.1708,48.4763],[23.1429,48.4449],[23.1312,48.4534],[23.0904,48.4561],[23.0497,48.4795],[23.0173,48.4817],[22.9806,48.4958],[22.9635,48.4898],[22.9515,48.4718],[22.9204,48.4517],[22.9252,48.4458],[22.9118,48.423],[22.8831,48.4329],[22.8878,48.4354],[22.8829,48.4415],[22.8918,48.4429],[22.8963,48.4491],[22.8901,48.4455],[22.8833,48.4509],[22.8823,48.4428],[22.8715,48.4421],[22.8783,48.4414],[22.8773,48.435],[22.8605,48.4441],[22.8512,48.4387],[22.8606,48.4284],[22.8711,48.4275],[22.869,48.4196],[22.8792,48.4181],[22.8795,48.4099],[22.9129,48.4059],[22.9312,48.3834],[22.9213,48.3842],[22.919,48.378],[22.9383,48.3717],[22.9382,48.3603],[22.9463,48.3512]]]}},{"type":"Feature","properties":{"k":"rakhivskyi","o":"Закарпатська"},"geometry":{"type":"Polygon","coordinates":[[[24.5546,48.118],[24.5588,48.1054],[24.5957,48.09],[24.6197,48.0648],[24.6271,48.0472],[24.5956,48.0342],[24.5745,48.0143],[24.5627,47.9685],[24.5525,47.9587],[24.5276,47.9616],[24.5021,47.9523],[24.4358,47.9703],[24.3939,47.9543],[24.3813,47.9359],[24.3814,47.9264],[24.3445,47.9145],[24.3249,47.9259],[24.2979,47.9112],[24.2557,47.9068],[24.228,47.8966],[24.2184,47.8976],[24.1949,47.9164],[24.1652,47.9204],[24.1416,47.9119],[24.1124,47.9147],[24.098,47.9365],[24.0626,47.9533],[24.0323,47.9492],[24.0085,47.9673],[23.9814,47.959],[23.9761,47.9674],[23.9556,47.9646],[23.9595,47.9664],[23.9521,47.9679],[23.9646,47.9766],[23.9635,47.9889],[23.9336,47.9859],[23.9237,48.0136],[23.8921,48.0447],[23.9091,48.0507],[23.9346,48.0471],[23.9408,48.0527],[23.9351,48.0681],[23.9411,48.0774],[23.9321,48.082],[23.9354,48.0877],[23.9192,48.1083],[23.933,48.13],[23.9568,48.1473],[23.9627,48.161],[23.9961,48.1835],[23.9668,48.1986],[23.9685,48.2044],[23.9951,48.1916],[24.0166,48.2],[24.0229,48.2064],[24.0224,48.2206],[24.0373,48.2349],[24.0351,48.2623],[24.0608,48.2628],[24.0664,48.2502],[24.0703,48.2563],[24.0751,48.2538],[24.072,48.2604],[24.0782,48.2615],[24.0787,48.2731],[24.0893,48.2735],[24.0935,48.2615],[24.1008,48.2646],[24.0998,48.2589],[24.1093,48.254],[24.1161,48.2673],[24.1231,48.2597],[24.1256,48.2702],[24.1475,48.2755],[24.1551,48.2957],[24.1654,48.3047],[24.1644,48.3095],[24.1443,48.3134],[24.145,48.3204],[24.161,48.3318],[24.1571,48.337],[24.1649,48.3393],[24.1659,48.3532],[24.1784,48.3667],[24.2099,48.3653],[24.2585,48.3498],[24.2888,48.3808],[24.2811,48.3917],[24.2838,48.4012],[24.351,48.3809],[24.3584,48.3733],[24.3518,48.365],[24.3578,48.352],[24.3844,48.3454],[24.3934,48.3348],[24.417,48.332],[24.4168,48.3257],[24.4457,48.3023],[24.4882,48.2798],[24.4854,48.2433],[24.5201,48.2366],[24.5453,48.2157],[24.5297,48.2115],[24.5207,48.2007],[24.5257,48.1955],[24.511,48.1857],[24.5203,48.1768],[24.5002,48.1601],[24.5235,48.1438],[24.5311,48.1235],[24.5546,48.118]]]}},{"type":"Feature","properties":{"k":"tiachivskyi","o":"Закарпатська"},"geometry":{"type":"Polygon","coordinates":[[[24.1795,48.3753],[24.1659,48.3532],[24.1649,48.3393],[24.1571,48.337],[24.161,48.3318],[24.145,48.3204],[24.1443,48.3134],[24.1644,48.3095],[24.1654,48.3047],[24.1551,48.2957],[24.1475,48.2755],[24.1256,48.2702],[24.1231,48.2597],[24.1161,48.2673],[24.1093,48.254],[24.0998,48.2589],[24.1008,48.2646],[24.0935,48.2615],[24.0893,48.2735],[24.0787,48.2731],[24.0782,48.2615],[24.072,48.2604],[24.0751,48.2538],[24.0703,48.2563],[24.0664,48.2502],[24.0608,48.2628],[24.0351,48.2623],[24.0373,48.2349],[24.0224,48.2206],[24.0229,48.2064],[24.0166,48.2],[23.9951,48.1916],[23.9767,48.204],[23.965,48.2005],[23.9961,48.1835],[23.9627,48.161],[23.9568,48.1473],[23.933,48.13],[23.9192,48.1083],[23.9354,48.0877],[23.9321,48.082],[23.9411,48.0774],[23.9351,48.0681],[23.9408,48.0527],[23.9346,48.0471],[23.9091,48.0507],[23.8921,48.0447],[23.9237,48.0136],[23.9336,47.9859],[23.9635,47.9889],[23.9646,47.9766],[23.9521,47.9679],[23.9595,47.9664],[23.9489,47.9621],[23.9393,47.9474],[23.8829,47.9435],[23.8635,47.932],[23.8427,47.9427],[23.844,47.948],[23.8328,47.9572],[23.8337,47.9672],[23.8177,47.9761],[23.8195,47.9824],[23.7527,47.9966],[23.6669,47.9838],[23.617,48.0082],[23.5665,48.0029],[23.5409,48.0097],[23.5284,48.0226],[23.5085,48.0265],[23.5006,48.0341],[23.4524,48.0404],[23.4404,48.0564],[23.4388,48.07],[23.4632,48.0901],[23.4703,48.1142],[23.4922,48.1176],[23.4978,48.1241],[23.5299,48.1177],[23.5478,48.1284],[23.5539,48.14],[23.5279,48.1457],[23.5278,48.1545],[23.5144,48.1634],[23.5185,48.1723],[23.5104,48.176],[23.5272,48.2079],[23.5461,48.2058],[23.5554,48.2239],[23.5746,48.2228],[23.5873,48.2546],[23.599,48.2547],[23.6254,48.2797],[23.6306,48.3013],[23.6568,48.314],[23.6781,48.3119],[23.6841,48.3168],[23.6667,48.3396],[23.6951,48.3481],[23.6945,48.3577],[23.7057,48.3738],[23.7282,48.3724],[23.7279,48.3661],[23.7367,48.3653],[23.7352,48.373],[23.7501,48.3747],[23.7557,48.3881],[23.7668,48.3848],[23.7917,48.4002],[23.8192,48.4316],[23.8113,48.4381],[23.8155,48.4451],[23.8073,48.4476],[23.839,48.4888],[23.8389,48.5052],[23.8584,48.5224],[23.8545,48.5313],[23.8648,48.541],[23.8601,48.5527],[23.8917,48.5545],[23.9068,48.563],[23.9131,48.5552],[23.9289,48.5523],[23.9142,48.5334],[23.9248,48.513],[23.9164,48.5065],[23.9193,48.4935],[23.9075,48.4819],[23.925,48.4653],[23.9631,48.4579],[23.9805,48.4656],[23.9733,48.477],[24.0028,48.5065],[24.0343,48.5013],[24.0463,48.5121],[24.0664,48.5176],[24.0771,48.5126],[24.0881,48.5198],[24.0886,48.5272],[24.101,48.525],[24.1121,48.5342],[24.1255,48.5329],[24.1328,48.527],[24.1147,48.4963],[24.1402,48.4809],[24.1263,48.4705],[24.125,48.4532],[24.132,48.4392],[24.1454,48.4345],[24.1407,48.4087],[24.1523,48.4009],[24.1479,48.3893],[24.1795,48.3753]]]}},{"type":"Feature","properties":{"k":"uzhhorodskyi","o":"Закарпатська"},"geometry":{"type":"Polygon","coordinates":[[[22.4924,48.3863],[22.4754,48.386],[22.4738,48.3801],[22.4819,48.3738],[22.4485,48.3756],[22.418,48.3906],[22.4048,48.3804],[22.3939,48.3924],[22.3839,48.3876],[22.3816,48.3791],[22.3651,48.3788],[22.3595,48.3819],[22.3618,48.3885],[22.356,48.3887],[22.361,48.4026],[22.3421,48.406],[22.348,48.3844],[22.3428,48.382],[22.3474,48.3799],[22.3188,48.3686],[22.3177,48.354],[22.2997,48.3534],[22.2674,48.3609],[22.2397,48.387],[22.256,48.393],[22.2652,48.4098],[22.2336,48.4109],[22.213,48.4254],[22.1603,48.4112],[22.1552,48.4039],[22.1421,48.4047],[22.1376,48.4327],[22.1582,48.527],[22.1609,48.5673],[22.1713,48.5875],[22.1886,48.6095],[22.2404,48.6277],[22.2502,48.6474],[22.3025,48.6763],[22.3396,48.684],[22.3505,48.7202],[22.3617,48.7302],[22.3621,48.74],[22.3424,48.7505],[22.3455,48.7661],[22.3733,48.7824],[22.3875,48.8],[22.3836,48.8244],[22.3757,48.8341],[22.3836,48.8655],[22.3945,48.877],[22.421,48.8845],[22.4204,48.9034],[22.4314,48.9193],[22.4247,48.9292],[22.4756,48.9763],[22.4773,48.9911],[22.5007,48.9995],[22.5208,48.9967],[22.5455,49.0068],[22.538,49.0212],[22.5512,49.0301],[22.5531,49.0795],[22.5656,49.0877],[22.5824,49.0973],[22.5998,49.0935],[22.6051,49.0845],[22.6311,49.0757],[22.6516,49.0507],[22.6801,49.0393],[22.7177,49.0529],[22.755,49.0428],[22.7656,49.0534],[22.8095,49.0344],[22.8131,49.0251],[22.8335,49.0259],[22.847,49.0024],[22.88,49.0],[22.8979,49.0049],[22.9137,48.9897],[22.9191,48.97],[22.912,48.9656],[22.8995,48.9695],[22.8727,48.956],[22.8733,48.9408],[22.886,48.9247],[22.8596,48.9177],[22.8603,48.899],[22.8334,48.8778],[22.8333,48.8696],[22.8474,48.8671],[22.882,48.828],[22.8734,48.8167],[22.8877,48.7929],[22.8798,48.7861],[22.8961,48.764],[22.894,48.7572],[22.8702,48.7489],[22.873,48.7396],[22.8611,48.7193],[22.8676,48.7137],[22.8487,48.6828],[22.8565,48.6671],[22.8478,48.6388],[22.8598,48.636],[22.8587,48.6226],[22.8476,48.6146],[22.8159,48.6125],[22.7882,48.6337],[22.728,48.6314],[22.7098,48.6394],[22.71,48.6451],[22.677,48.6502],[22.6675,48.6289],[22.6537,48.6184],[22.6536,48.6008],[22.6378,48.5937],[22.628,48.5773],[22.5822,48.569],[22.5599,48.5549],[22.5493,48.5596],[22.555,48.5514],[22.5547,48.531],[22.5832,48.5114],[22.5831,48.4993],[22.5577,48.495],[22.5579,48.4816],[22.5098,48.496],[22.4893,48.4937],[22.4721,48.4804],[22.4364,48.4769],[22.4342,48.4827],[22.4021,48.4903],[22.3619,48.4752],[22.4044,48.4507],[22.4359,48.4407],[22.4316,48.4311],[22.4492,48.432],[22.4657,48.4211],[22.4665,48.4102],[22.5026,48.404],[22.4924,48.3863]]]}},{"type":"Feature","properties":{"k":"khustskyi","o":"Закарпатська"},"geometry":{"type":"MultiPolygon","coordinates":[[[[23.2695,48.0851],[23.2611,48.1087],[23.2714,48.1288],[23.2638,48.1523],[23.2394,48.1575],[23.2313,48.1523],[23.2052,48.1625],[23.2031,48.1719],[23.1559,48.1929],[23.1521,48.2114],[23.1029,48.2426],[23.0928,48.2206],[23.0627,48.222],[23.067,48.2319],[23.0582,48.2408],[23.0592,48.2545],[23.0382,48.2609],[23.0419,48.2678],[23.0355,48.2734],[22.9461,48.2496],[22.9407,48.2567],[22.9562,48.2747],[22.9791,48.286],[23.0329,48.2793],[23.0253,48.2859],[23.0269,48.298],[23.0235,48.2951],[22.9918,48.3171],[22.9873,48.3249],[22.9928,48.3333],[22.9757,48.3296],[22.972,48.3403],[22.9488,48.344],[22.9442,48.3589],[22.9382,48.3603],[22.9383,48.3717],[22.919,48.378],[22.9213,48.3842],[22.9312,48.3834],[22.9129,48.4059],[22.8795,48.4099],[22.8792,48.4181],[22.869,48.4196],[22.8711,48.4275],[22.8606,48.4284],[22.8512,48.4387],[22.8605,48.4441],[22.8773,48.435],[22.8783,48.4414],[22.8715,48.4421],[22.8823,48.4428],[22.8833,48.4509],[22.8901,48.4455],[22.8963,48.4491],[22.8918,48.4429],[22.8829,48.4415],[22.8878,48.4354],[22.8831,48.4329],[22.9118,48.423],[22.9252,48.4458],[22.9204,48.4517],[22.9515,48.4718],[22.9635,48.4898],[22.9806,48.4958],[23.0173,48.4817],[23.0497,48.4795],[23.0904,48.4561],[23.1312,48.4534],[23.1429,48.4449],[23.1708,48.4763],[23.1634,48.4831],[23.1693,48.4933],[23.1534,48.5031],[23.16,48.5179],[23.1548,48.5559],[23.164,48.5697],[23.195,48.5854],[23.1989,48.6091],[23.1936,48.6197],[23.1648,48.6105],[23.1491,48.6196],[23.1367,48.6181],[23.1427,48.6214],[23.1385,48.6261],[23.1662,48.614],[23.1786,48.627],[23.1648,48.6293],[23.1644,48.6361],[23.1899,48.6335],[23.1895,48.6431],[23.209,48.6364],[23.2484,48.6516],[23.2468,48.6625],[23.2906,48.6883],[23.2902,48.7164],[23.3138,48.7278],[23.3173,48.7535],[23.3396,48.7565],[23.3592,48.7727],[23.3741,48.7594],[23.378,48.7438],[23.3968,48.7329],[23.41,48.7357],[23.4719,48.7183],[23.5117,48.7347],[23.5406,48.7235],[23.5701,48.7248],[23.5921,48.718],[23.5985,48.7053],[23.6302,48.7044],[23.6382,48.6987],[23.6373,48.6843],[23.674,48.6653],[23.6871,48.6474],[23.7051,48.6391],[23.7328,48.638],[23.742,48.6459],[23.7654,48.6459],[23.789,48.6407],[23.7975,48.6325],[23.7941,48.6154],[23.7864,48.6109],[23.7967,48.6004],[23.7921,48.5918],[23.804,48.5807],[23.8355,48.5794],[23.8325,48.5675],[23.8601,48.5527],[23.8648,48.541],[23.8545,48.5313],[23.8586,48.526],[23.8545,48.5163],[23.8389,48.5052],[23.839,48.4888],[23.8311,48.4842],[23.8253,48.4661],[23.8121,48.4585],[23.8073,48.4476],[23.8155,48.4451],[23.8113,48.4381],[23.8192,48.4316],[23.7917,48.4002],[23.7668,48.3848],[23.7557,48.3881],[23.7501,48.3747],[23.7352,48.373],[23.7367,48.3653],[23.7279,48.3661],[23.7282,48.3724],[23.7057,48.3738],[23.6945,48.3577],[23.6951,48.3481],[23.6667,48.3396],[23.6841,48.3168],[23.6781,48.3119],[23.6568,48.314],[23.6306,48.3013],[23.6254,48.2797],[23.599,48.2547],[23.5873,48.2546],[23.5746,48.2228],[23.5554,48.2239],[23.5461,48.2058],[23.5272,48.2079],[23.5104,48.176],[23.5185,48.1723],[23.5144,48.1634],[23.5278,48.1545],[23.5279,48.1457],[23.5539,48.14],[23.5478,48.1284],[23.5299,48.1177],[23.4978,48.1241],[23.4922,48.1176],[23.4703,48.1142],[23.4632,48.0901],[23.4388,48.07],[23.4404,48.0564],[23.4524,48.0404],[23.5006,48.0341],[23.5085,48.0265],[23.5284,48.0226],[23.5208,47.9944],[23.5051,47.9803],[23.5048,47.9717],[23.4936,47.9677],[23.45,47.9761],[23.4337,47.9904],[23.4169,47.9866],[23.3993,48.001],[23.3764,48.0032],[23.349,48.0206],[23.3321,48.0205],[23.3309,48.0323],[23.3389,48.0352],[23.2838,48.0505],[23.2764,48.0597],[23.2921,48.0731],[23.2695,48.0851]]],[[[22.8988,48.2458],[22.9107,48.2499],[22.9179,48.243],[22.9003,48.2383],[22.8988,48.2458]]]]}},{"type":"Feature","properties":{"k":"berdianskyi","o":"Запорізька"},"geometry":{"type":"MultiPolygon","coordinates":[[[[36.8544,47.1993],[36.8589,47.1895],[36.8885,47.1707],[36.8997,47.1739],[36.9088,47.1638],[36.9211,47.1721],[36.9226,47.1605],[36.9365,47.1655],[36.9401,47.1575],[36.9486,47.1593],[36.9737,47.1398],[36.9704,47.1356],[36.9834,47.1244],[37.0016,47.1276],[37.0001,47.1142],[37.0107,47.1107],[37.002,47.1008],[37.011,47.0982],[37.0127,47.0894],[36.9858,47.0795],[37.0811,47.0475],[37.0986,47.0593],[37.1249,47.0392],[37.0894,47.0075],[37.1412,46.9818],[37.1026,46.9599],[37.0923,46.9684],[37.0214,46.9279],[37.0625,46.884],[37.0344,46.8708],[36.9873,46.8635],[36.9015,46.8126],[36.8655,46.7664],[36.8219,46.6858],[36.8046,46.6644],[36.7708,46.6338],[36.7506,46.6326],[36.7501,46.6423],[36.7598,46.6446],[36.7579,46.6563],[36.7618,46.658],[36.7615,46.6433],[36.77,46.6419],[36.7783,46.6459],[36.7801,46.6574],[36.7842,46.6537],[36.7835,46.6583],[36.787,46.6631],[36.7883,46.6574],[36.7999,46.6648],[36.7915,46.668],[36.7957,46.6726],[36.8006,46.6676],[36.8106,46.6741],[36.8298,46.7023],[36.81,46.7327],[36.7883,46.7494],[36.774,46.7489],[36.7707,46.7591],[36.7208,46.7793],[36.6146,46.7785],[36.5745,46.7634],[36.4153,46.7267],[36.3624,46.7013],[36.3067,46.6513],[36.2681,46.601],[36.2522,46.5813],[36.226,46.5512],[36.1702,46.4988],[36.1485,46.5037],[36.118,46.4894],[36.1087,46.4897],[36.1002,46.4926],[36.1113,46.4986],[36.1269,46.4954],[36.1471,46.5066],[36.154,46.5228],[36.1528,46.5417],[36.16,46.5337],[36.1594,46.5294],[36.1544,46.5342],[36.1568,46.5269],[36.1711,46.5234],[36.1894,46.5299],[36.1985,46.5364],[36.2027,46.5418],[36.2091,46.547],[36.2018,46.5379],[36.2116,46.5412],[36.214,46.5491],[36.2223,46.5491],[36.2487,46.5781],[36.2493,46.5856],[36.2527,46.5826],[36.2525,46.5855],[36.2712,46.6059],[36.2793,46.6202],[36.2821,46.6209],[36.2864,46.6299],[36.2901,46.6319],[36.2894,46.6339],[36.2947,46.6378],[36.2963,46.6417],[36.2717,46.6517],[36.2946,46.6389],[36.2814,46.6429],[36.2872,46.6365],[36.2702,46.6345],[36.2773,46.622],[36.2723,46.6122],[36.267,46.6269],[36.2645,46.6038],[36.2581,46.596],[36.2624,46.6146],[36.249,46.6373],[36.2231,46.6583],[36.1955,46.6705],[36.1533,46.6706],[36.1062,46.6586],[36.0366,46.6695],[35.9192,46.6594],[35.9016,46.7209],[35.9673,46.7237],[35.9618,46.746],[36.0297,46.7553],[36.0303,46.7799],[36.0227,46.7808],[36.0257,46.8089],[36.0918,46.8216],[36.092,46.8377],[36.0838,46.8504],[36.1442,46.8723],[36.1102,46.8845],[36.1021,46.878],[36.0608,46.8937],[36.0591,46.8867],[35.9836,46.8692],[35.9879,46.905],[36.0416,46.9054],[36.0578,46.9184],[36.0681,46.9852],[35.9818,46.9757],[35.9838,47.0225],[35.9919,47.0289],[35.9828,47.0528],[35.9998,47.0586],[35.9997,47.0689],[35.9501,47.0602],[35.9493,47.0693],[35.919,47.0677],[35.9166,47.0877],[35.8612,47.0849],[35.8569,47.1305],[35.8673,47.1331],[35.8663,47.1433],[35.8534,47.1424],[35.8523,47.1542],[35.8371,47.1646],[35.8331,47.1946],[35.9826,47.1977],[35.9965,47.248],[35.9685,47.3015],[35.9782,47.3121],[35.9743,47.3171],[36.0013,47.3419],[36.0174,47.3372],[36.105,47.3411],[36.1701,47.3276],[36.1922,47.2976],[36.1802,47.2932],[36.1887,47.2823],[36.2204,47.2774],[36.2609,47.2838],[36.2625,47.2782],[36.2712,47.2787],[36.2715,47.2835],[36.3146,47.2747],[36.3159,47.2684],[36.3288,47.2638],[36.3464,47.2632],[36.3623,47.2952],[36.3702,47.2955],[36.4335,47.2631],[36.4475,47.2217],[36.4015,47.1746],[36.4817,47.1787],[36.4897,47.1158],[36.6683,47.1449],[36.6632,47.1884],[36.6855,47.1905],[36.6793,47.198],[36.7904,47.2021],[36.7834,47.194],[36.8544,47.1993]]],[[[36.8071,46.7039],[36.8015,46.6745],[36.8019,46.6941],[36.8071,46.7039]]],[[[36.8045,46.7046],[36.8069,46.7052],[36.8045,46.7028],[36.8045,46.7046]]],[[[36.7751,46.6481],[36.7735,46.6469],[36.7734,46.6482],[36.7751,46.6481]]],[[[36.775,46.6546],[36.769,46.6494],[36.7668,46.6499],[36.775,46.6546]]],[[[36.7651,46.6476],[36.7714,46.6479],[36.7688,46.6426],[36.7651,46.6476]]],[[[36.7676,46.6624],[36.766,46.6602],[36.7688,46.6644],[36.7676,46.6624]]],[[[36.2427,46.577],[36.2444,46.5791],[36.2431,46.576],[36.2427,46.577]]],[[[36.2237,46.5649],[36.2194,46.562],[36.2189,46.5577],[36.2237,46.5649]]]]}},{"type":"Feature","properties":{"k":"vasylivskyi","o":"Запорізька"},"geometry":{"type":"Polygon","coordinates":[[[34.1395,47.4774],[34.2337,47.4943],[34.2975,47.5185],[34.4677,47.5321],[34.5282,47.5539],[34.5724,47.5617],[34.6443,47.5601],[34.7378,47.5388],[34.7968,47.5372],[34.8625,47.5152],[34.895,47.5178],[34.944,47.5292],[34.9602,47.541],[34.9646,47.5526],[34.9672,47.543],[34.9876,47.5393],[35.0448,47.5457],[35.2241,47.627],[35.2726,47.6561],[35.2888,47.6523],[35.3337,47.678],[35.348,47.6587],[35.3991,47.6564],[35.4004,47.6384],[35.428,47.6392],[35.4301,47.6181],[35.4694,47.6186],[35.4579,47.6053],[35.5499,47.6067],[35.5847,47.451],[35.6079,47.4507],[35.606,47.4383],[35.6822,47.4335],[35.5786,47.3336],[35.6059,47.3123],[35.5753,47.2835],[35.5876,47.2786],[35.5776,47.2664],[35.5553,47.2758],[35.5239,47.246],[35.5131,47.2501],[35.5028,47.2374],[35.51,47.2344],[35.4891,47.2011],[35.5062,47.1975],[35.4907,47.1608],[35.441,47.1741],[35.4461,47.185],[35.3918,47.2021],[35.3815,47.1792],[35.3223,47.2029],[35.3204,47.1738],[35.2829,47.176],[35.2644,47.1387],[35.2222,47.1336],[35.2189,47.1473],[35.2075,47.146],[35.2053,47.1552],[35.1732,47.1515],[35.179,47.1284],[35.1726,47.1277],[35.1743,47.119],[35.1475,47.1159],[35.1398,47.0907],[35.106,47.0878],[35.1042,47.0957],[35.0629,47.0917],[35.0654,47.0827],[34.9631,47.0778],[34.9556,47.1413],[34.8743,47.1334],[34.8727,47.1446],[34.8508,47.1424],[34.8573,47.1542],[34.8291,47.1723],[34.8117,47.1598],[34.7186,47.1521],[34.7162,47.144],[34.601,47.1339],[34.5946,47.1633],[34.5425,47.1585],[34.5499,47.1214],[34.5168,47.1188],[34.4899,47.2468],[34.5303,47.2511],[34.5186,47.2837],[34.4879,47.2799],[34.4788,47.3145],[34.5172,47.3183],[34.5072,47.3259],[34.5157,47.3356],[34.501,47.3386],[34.4899,47.3319],[34.4139,47.3234],[34.4193,47.3006],[34.399,47.2983],[34.4015,47.2871],[34.3704,47.2836],[34.3577,47.2935],[34.33,47.2904],[34.3054,47.2691],[34.2928,47.2746],[34.2724,47.3612],[34.2608,47.3598],[34.2517,47.3916],[34.2563,47.3953],[34.2419,47.4348],[34.2162,47.4536],[34.1395,47.4774]]]}},{"type":"Feature","properties":{"k":"zaporizkyi","o":"Запорізька"},"geometry":{"type":"Polygon","coordinates":[[[34.8462,48.0154],[34.8393,48.049],[34.8756,48.0543],[34.855,48.133],[34.8782,48.1339],[34.8813,48.1269],[34.9156,48.1304],[34.9195,48.1146],[34.9116,48.1137],[34.9146,48.0908],[34.9863,48.0966],[34.9893,48.09],[35.0368,48.0974],[35.063,48.1218],[35.107,48.1312],[35.1642,48.129],[35.1944,48.1403],[35.2205,48.1416],[35.2448,48.1349],[35.2941,48.1437],[35.3379,48.1238],[35.4151,48.1112],[35.42,48.1],[35.4516,48.1033],[35.4848,48.0949],[35.5189,48.0948],[35.5243,48.0744],[35.7032,48.1403],[35.7428,48.0957],[35.7828,48.0943],[35.806,48.1007],[35.8166,48.0657],[35.9672,48.0947],[35.9854,48.0845],[35.9836,48.0779],[35.9696,48.0739],[35.9714,48.0607],[35.9808,48.0634],[35.9885,48.058],[35.9751,48.0433],[36.0523,48.0588],[36.0652,48.0251],[36.0342,48.0187],[36.0415,48.0036],[36.0616,48.0014],[36.0708,47.9721],[36.0478,47.9658],[36.0515,47.9585],[36.0734,47.9651],[36.0846,47.9303],[36.109,47.9417],[36.1201,47.9279],[36.1106,47.9247],[36.128,47.9021],[36.1224,47.9002],[36.1298,47.8906],[36.1175,47.8719],[36.1195,47.8649],[36.087,47.8611],[36.0806,47.8833],[36.054,47.88],[36.0574,47.8683],[36.0684,47.8674],[36.0737,47.8479],[36.0994,47.8496],[36.1013,47.8424],[36.1788,47.8504],[36.1774,47.8571],[36.196,47.8594],[36.1879,47.8414],[36.2054,47.8254],[36.2002,47.8209],[36.2055,47.8147],[36.1997,47.8127],[36.2066,47.8073],[36.1912,47.8067],[36.1918,47.7974],[36.1791,47.7938],[36.1744,47.7861],[36.1837,47.7814],[36.1829,47.775],[36.1294,47.7779],[36.007,47.7661],[36.0125,47.725],[35.9733,47.7215],[35.9671,47.7459],[35.9574,47.7476],[35.9538,47.7555],[35.9092,47.7567],[35.9104,47.7627],[35.8733,47.7718],[35.8425,47.769],[35.8501,47.8106],[35.8457,47.8333],[35.7875,47.829],[35.7922,47.8053],[35.7718,47.8018],[35.7975,47.6733],[35.7566,47.5969],[35.7448,47.6068],[35.7294,47.6056],[35.713,47.6213],[35.6139,47.5852],[35.5676,47.5762],[35.5556,47.5801],[35.5499,47.6067],[35.4579,47.6053],[35.4694,47.6186],[35.4301,47.6181],[35.428,47.6392],[35.4004,47.6384],[35.3991,47.6564],[35.348,47.6587],[35.3337,47.678],[35.2888,47.6523],[35.2726,47.6561],[35.2241,47.627],[35.0448,47.5457],[34.9876,47.5393],[34.9672,47.543],[34.9568,47.5687],[34.935,47.568],[34.9458,47.5742],[34.9273,47.5804],[34.9361,47.5825],[34.9259,47.5942],[34.9347,47.5907],[34.9419,47.6016],[34.9329,47.6357],[34.9161,47.6338],[34.9055,47.674],[34.9377,47.6776],[34.9296,47.7116],[34.9559,47.7124],[34.9544,47.7389],[34.9648,47.74],[34.9569,47.7693],[34.8935,47.7601],[34.8789,47.8186],[34.9033,47.8298],[34.8974,47.8527],[34.8706,47.8513],[34.8611,47.8805],[34.8168,47.8645],[34.8019,47.9155],[34.8531,47.9216],[34.8491,47.9379],[34.8686,47.941],[34.8764,47.942],[34.8808,47.9288],[34.9185,47.9334],[34.9047,47.9858],[34.8694,47.9823],[34.8583,48.0151],[34.8462,48.0154]]]}},{"type":"Feature","properties":{"k":"melitopolskyi","o":"Запорізька"},"geometry":{"type":"Polygon","coordinates":[[[35.919,47.0677],[35.9493,47.0693],[35.9501,47.0602],[35.9997,47.0689],[35.9998,47.0586],[35.9828,47.0528],[35.9919,47.0289],[35.9838,47.0225],[35.9818,46.9757],[36.0681,46.9852],[36.0578,46.9184],[36.0416,46.9054],[35.9879,46.905],[35.9836,46.8692],[36.0591,46.8867],[36.0608,46.8937],[36.1021,46.878],[36.1102,46.8845],[36.1442,46.8723],[36.0838,46.8504],[36.092,46.8377],[36.0918,46.8216],[36.0257,46.8089],[36.0227,46.7808],[36.0303,46.7799],[36.0297,46.7553],[35.9618,46.746],[35.9673,46.7237],[35.9016,46.7209],[35.9192,46.6594],[35.8683,46.6459],[35.8322,46.6255],[35.7255,46.5875],[35.6509,46.5246],[35.5933,46.4882],[35.4449,46.4359],[35.3548,46.3521],[35.2777,46.2644],[35.1331,46.3005],[35.0735,46.2998],[35.0582,46.3758],[35.0707,46.3791],[35.0527,46.4816],[35.0159,46.4804],[34.9482,46.5037],[34.9472,46.5125],[34.8902,46.5068],[34.8851,46.5369],[34.8948,46.5378],[34.8911,46.5637],[34.7573,46.5501],[34.748,46.5841],[34.723,46.5814],[34.7128,46.6203],[34.7561,46.6271],[34.746,46.6831],[34.6858,46.677],[34.681,46.6914],[34.6323,46.6869],[34.6252,46.724],[34.6611,46.7272],[34.6585,46.7405],[34.735,46.7475],[34.7344,46.7573],[34.7495,46.7581],[34.75,46.7809],[34.7674,46.7811],[34.758,46.8228],[34.8171,46.8284],[34.8046,46.8825],[34.7525,46.8797],[34.7364,46.9613],[34.6864,46.9557],[34.6819,46.9791],[34.6238,46.9734],[34.6192,46.9935],[34.5997,46.9919],[34.5926,47.0254],[34.5671,47.0245],[34.5532,47.1058],[34.5192,47.1047],[34.5168,47.1188],[34.5499,47.1214],[34.5425,47.1585],[34.5946,47.1633],[34.601,47.1339],[34.7162,47.144],[34.7186,47.1521],[34.8117,47.1598],[34.8291,47.1723],[34.8573,47.1542],[34.8508,47.1424],[34.8727,47.1446],[34.8743,47.1334],[34.9556,47.1413],[34.9631,47.0778],[35.0236,47.0827],[35.0256,47.0786],[35.0654,47.0827],[35.0629,47.0917],[35.1042,47.0957],[35.106,47.0878],[35.1398,47.0907],[35.1475,47.1159],[35.1743,47.119],[35.1726,47.1277],[35.179,47.1284],[35.1732,47.1515],[35.2053,47.1552],[35.2075,47.146],[35.2189,47.1473],[35.2222,47.1336],[35.2644,47.1387],[35.2829,47.176],[35.3204,47.1738],[35.3223,47.2029],[35.3815,47.1792],[35.3918,47.2021],[35.4461,47.185],[35.441,47.1741],[35.4567,47.1699],[35.4507,47.1597],[35.5096,47.1437],[35.509,47.1265],[35.4997,47.1137],[35.5059,47.1107],[35.5058,47.1011],[35.589,47.0966],[35.6012,47.1032],[35.6233,47.1017],[35.6671,47.0642],[35.6712,47.0434],[35.6789,47.0456],[35.6911,46.9874],[35.7225,46.9902],[35.7218,46.9956],[35.8578,47.0049],[35.8617,46.9903],[35.8864,46.9928],[35.8833,47.007],[35.9216,47.0107],[35.9223,47.0273],[35.9124,47.0332],[35.9217,47.0432],[35.919,47.0677]]]}},{"type":"Feature","properties":{"k":"polohivskyi","o":"Запорізька"},"geometry":{"type":"Polygon","coordinates":[[[36.1977,47.8328],[36.2659,47.8333],[36.2753,47.8153],[36.2985,47.8159],[36.3326,47.8207],[36.3237,47.8394],[36.4723,47.8241],[36.5225,47.8289],[36.5208,47.8363],[36.6044,47.8506],[36.6083,47.8402],[36.5989,47.8169],[36.5884,47.8159],[36.5875,47.7855],[36.6714,47.7932],[36.6854,47.7309],[36.7001,47.7326],[36.7133,47.6783],[36.7914,47.6846],[36.7754,47.6643],[36.7592,47.6673],[36.752,47.6666],[36.7546,47.6622],[36.718,47.6593],[36.725,47.6311],[36.7657,47.6341],[36.7653,47.6235],[36.7452,47.6217],[36.748,47.6065],[36.7637,47.6076],[36.7623,47.6003],[36.8302,47.6242],[36.8931,47.545],[36.9444,47.5759],[36.9664,47.5534],[36.9801,47.5607],[37.0015,47.539],[37.021,47.5528],[37.0742,47.4936],[37.0841,47.4961],[37.1575,47.4547],[37.1797,47.4835],[37.1961,47.4789],[37.1894,47.4689],[37.2446,47.4685],[37.2385,47.4576],[37.2444,47.4543],[37.2412,47.4448],[37.1946,47.3733],[37.2035,47.3558],[37.1618,47.3414],[37.1418,47.3798],[37.1062,47.3758],[37.122,47.3403],[37.0923,47.33],[37.0951,47.326],[37.0807,47.3227],[37.0821,47.3153],[37.0362,47.3],[37.0266,47.3147],[36.9466,47.311],[36.9441,47.3207],[36.9262,47.3193],[36.9452,47.2405],[36.9491,47.2282],[36.9553,47.229],[36.9624,47.2017],[36.9316,47.2007],[36.9313,47.207],[36.7834,47.194],[36.7904,47.2021],[36.6793,47.198],[36.6855,47.1905],[36.6632,47.1884],[36.6683,47.1449],[36.4897,47.1158],[36.4817,47.1787],[36.4015,47.1746],[36.4475,47.2217],[36.4335,47.2631],[36.3702,47.2955],[36.3623,47.2952],[36.3464,47.2632],[36.3288,47.2638],[36.3159,47.2684],[36.3146,47.2747],[36.2715,47.2835],[36.2712,47.2787],[36.2625,47.2782],[36.2609,47.2838],[36.2204,47.2774],[36.1887,47.2823],[36.1802,47.2932],[36.1922,47.2976],[36.1701,47.3276],[36.105,47.3411],[36.0174,47.3372],[36.0013,47.3419],[35.9743,47.3171],[35.9782,47.3121],[35.9685,47.3015],[35.9965,47.248],[35.9826,47.1977],[35.8331,47.1946],[35.8371,47.1646],[35.8523,47.1542],[35.8534,47.1424],[35.8663,47.1433],[35.8673,47.1331],[35.8569,47.1305],[35.8612,47.0849],[35.9166,47.0877],[35.9217,47.0432],[35.9124,47.0332],[35.9223,47.0273],[35.9216,47.0107],[35.8833,47.007],[35.8864,46.9928],[35.8617,46.9903],[35.8578,47.0049],[35.7218,46.9956],[35.7225,46.9902],[35.6911,46.9874],[35.6789,47.0456],[35.6712,47.0434],[35.6671,47.0642],[35.6233,47.1017],[35.6012,47.1032],[35.589,47.0966],[35.5058,47.1011],[35.5059,47.1107],[35.4997,47.1137],[35.509,47.1265],[35.5096,47.1437],[35.4507,47.1597],[35.4567,47.1699],[35.4907,47.1608],[35.5062,47.1975],[35.4891,47.2011],[35.51,47.2344],[35.5028,47.2374],[35.5131,47.2501],[35.5239,47.246],[35.5553,47.2758],[35.5776,47.2664],[35.5876,47.2786],[35.5753,47.2835],[35.6059,47.3123],[35.5786,47.3336],[35.6822,47.4335],[35.606,47.4383],[35.6079,47.4507],[35.5847,47.451],[35.5556,47.5801],[35.5676,47.5762],[35.6139,47.5852],[35.713,47.6213],[35.7294,47.6056],[35.7448,47.6068],[35.7566,47.5969],[35.7975,47.6733],[35.7718,47.8018],[35.7922,47.8053],[35.7875,47.829],[35.8457,47.8333],[35.8501,47.8106],[35.8425,47.769],[35.8733,47.7718],[35.9104,47.7627],[35.9092,47.7567],[35.9538,47.7555],[35.9574,47.7476],[35.9671,47.7459],[35.9733,47.7215],[36.0125,47.725],[36.007,47.7661],[36.1294,47.7779],[36.1857,47.776],[36.1755,47.7815],[36.1791,47.7938],[36.1918,47.7974],[36.1912,47.8067],[36.2066,47.8073],[36.1997,47.8127],[36.2055,47.8147],[36.2002,47.8209],[36.2054,47.8254],[36.1977,47.8328]]]}},{"type":"Feature","properties":{"k":"verkhovynskyi","o":"Івано-Франківська"},"geometry":{"type":"Polygon","coordinates":[[[24.5627,47.9685],[24.5745,48.0143],[24.5956,48.0342],[24.6271,48.0472],[24.6197,48.0648],[24.5957,48.09],[24.5588,48.1054],[24.5546,48.118],[24.5756,48.1271],[24.5726,48.1341],[24.5802,48.1424],[24.5894,48.142],[24.6001,48.1608],[24.6058,48.156],[24.6431,48.1595],[24.6283,48.1681],[24.6426,48.1771],[24.6342,48.1836],[24.6586,48.2002],[24.6558,48.2037],[24.6708,48.2135],[24.6707,48.2253],[24.6875,48.2383],[24.6687,48.2467],[24.6626,48.2574],[24.6749,48.2708],[24.7381,48.2802],[24.7441,48.2644],[24.7609,48.2665],[24.7783,48.2486],[24.772,48.2337],[24.7893,48.2205],[24.8063,48.2284],[24.8473,48.2287],[24.8564,48.219],[24.8879,48.2074],[24.9119,48.2282],[24.9698,48.2236],[25.002,48.202],[25.0236,48.2044],[25.0388,48.1912],[25.0391,48.1739],[25.0846,48.1634],[25.0658,48.1568],[25.0722,48.1459],[25.0675,48.1328],[25.0385,48.1275],[25.0366,48.1117],[25.0228,48.1107],[24.9995,48.12],[24.9806,48.1123],[24.9942,48.0865],[24.9114,48.0269],[24.9128,48.013],[24.9202,48.0095],[24.9085,47.9966],[24.9144,47.9686],[24.9235,47.9652],[24.9161,47.9635],[24.9188,47.9557],[24.9289,47.9539],[24.921,47.9531],[24.9192,47.9465],[24.9448,47.9295],[24.9467,47.9219],[24.957,47.92],[24.9613,47.904],[24.9445,47.8979],[24.9565,47.8792],[24.972,47.8764],[24.9869,47.8654],[24.9811,47.86],[24.9973,47.8556],[24.9818,47.8259],[24.9756,47.8258],[24.9467,47.7943],[24.9369,47.7583],[24.9231,47.7409],[24.9223,47.7268],[24.8832,47.7243],[24.8865,47.7338],[24.8786,47.7526],[24.8364,47.7796],[24.8368,47.7935],[24.8216,47.8062],[24.8279,47.8205],[24.7841,47.8234],[24.7782,47.8373],[24.7639,47.8388],[24.753,47.8298],[24.7345,47.8439],[24.7063,47.8402],[24.7032,47.8523],[24.671,47.8656],[24.6662,47.8767],[24.6739,47.8965],[24.6526,47.9107],[24.6519,47.9191],[24.6354,47.9245],[24.6284,47.9481],[24.6107,47.9517],[24.5973,47.9463],[24.583,47.965],[24.5627,47.9685]]]}},{"type":"Feature","properties":{"k":"ivanofrankivskyi","o":"Івано-Франківська"},"geometry":{"type":"Polygon","coordinates":[[[24.1328,48.527],[24.1255,48.5329],[24.1308,48.5435],[24.1219,48.545],[24.1015,48.5677],[24.1058,48.5885],[24.0971,48.6054],[24.1107,48.616],[24.1034,48.6275],[24.1043,48.6452],[24.141,48.639],[24.1561,48.6618],[24.1693,48.6617],[24.1817,48.671],[24.1765,48.6793],[24.1909,48.6902],[24.2162,48.693],[24.2468,48.7255],[24.239,48.7515],[24.2465,48.7532],[24.2516,48.78],[24.2605,48.7789],[24.3104,48.81],[24.3166,48.8043],[24.3267,48.807],[24.375,48.8717],[24.3849,48.8627],[24.3979,48.8643],[24.4186,48.8837],[24.4167,48.8889],[24.4404,48.9038],[24.4953,48.9616],[24.5165,48.9702],[24.5162,48.9779],[24.5383,48.9953],[24.5314,49.0082],[24.5666,49.0195],[24.5582,49.0284],[24.5733,49.0355],[24.5353,49.0517],[24.5478,49.0609],[24.5412,49.064],[24.5477,49.0677],[24.5439,49.0703],[24.5514,49.0711],[24.5621,49.0897],[24.5534,49.1001],[24.5526,49.1394],[24.5046,49.1639],[24.5175,49.1814],[24.5361,49.1788],[24.5731,49.1938],[24.5531,49.1965],[24.5515,49.2099],[24.5267,49.2257],[24.5118,49.2192],[24.4889,49.2289],[24.4665,49.2238],[24.4539,49.2335],[24.3882,49.2278],[24.3483,49.2325],[24.3404,49.2421],[24.3526,49.2534],[24.3535,49.2725],[24.36,49.272],[24.3639,49.2804],[24.339,49.292],[24.306,49.2772],[24.2993,49.2879],[24.3017,49.3159],[24.3414,49.3105],[24.3585,49.3223],[24.3805,49.308],[24.4016,49.339],[24.3938,49.3408],[24.3961,49.3526],[24.3908,49.354],[24.4038,49.3556],[24.4069,49.3664],[24.4369,49.3805],[24.3871,49.3952],[24.3881,49.4081],[24.3759,49.4128],[24.3701,49.4299],[24.3838,49.4425],[24.4104,49.4449],[24.4178,49.4737],[24.4023,49.4957],[24.4122,49.5044],[24.4462,49.5073],[24.4345,49.5367],[24.4561,49.5517],[24.4682,49.5483],[24.4673,49.555],[24.4812,49.554],[24.4717,49.5583],[24.5028,49.5555],[24.5066,49.5477],[24.5213,49.5426],[24.5076,49.5355],[24.5194,49.5215],[24.5427,49.5227],[24.5733,49.5343],[24.5757,49.5266],[24.6208,49.5112],[24.6385,49.4976],[24.6559,49.5053],[24.6774,49.4965],[24.7207,49.4969],[24.7308,49.4908],[24.724,49.4816],[24.7447,49.4661],[24.7507,49.4496],[24.7709,49.4316],[24.7671,49.4246],[24.7744,49.4132],[24.7784,49.3812],[24.7965,49.3822],[24.8112,49.3912],[24.8284,49.3859],[24.8337,49.3628],[24.8591,49.3472],[24.8435,49.3363],[24.8398,49.3242],[24.8287,49.3205],[24.8281,49.2855],[24.8405,49.2831],[24.8435,49.2627],[24.9333,49.2355],[24.9335,49.2296],[24.8988,49.2148],[24.887,49.1982],[24.8576,49.1784],[24.8566,49.1634],[24.8665,49.1618],[24.8999,49.1291],[24.9564,49.1276],[24.9856,49.1167],[24.9741,49.0976],[24.9799,49.0897],[24.9737,49.0825],[24.9857,49.0786],[24.9891,49.0831],[24.9911,49.0713],[24.9163,49.083],[24.9124,49.0676],[24.906,49.0656],[24.9049,49.0497],[24.9113,49.051],[24.9695,49.0112],[24.9722,49.0035],[24.9656,48.9923],[25.0176,49.0113],[25.0876,48.9796],[25.1139,48.997],[25.1168,48.9925],[25.1069,48.981],[25.1085,48.9652],[25.1473,48.9439],[25.1182,48.924],[25.1356,48.8909],[25.1367,48.8749],[25.1652,48.8659],[25.1736,48.8794],[25.1673,48.8936],[25.1982,48.9147],[25.1906,48.9268],[25.2105,48.922],[25.233,48.9323],[25.2382,48.9222],[25.2297,48.9091],[25.2298,48.8862],[25.2092,48.8473],[25.2277,48.8479],[25.2392,48.8662],[25.2621,48.8667],[25.2837,48.8623],[25.2913,48.8453],[25.3213,48.8468],[25.3271,48.8379],[25.3168,48.8274],[25.263,48.8271],[25.2408,48.8137],[25.2445,48.7945],[25.2255,48.7827],[25.2477,48.7687],[25.2581,48.7509],[25.2495,48.7467],[25.2636,48.7351],[25.2098,48.7107],[25.2311,48.6973],[25.2424,48.6814],[25.2232,48.651],[25.2112,48.6558],[25.1773,48.6426],[25.1514,48.6486],[25.1592,48.6486],[25.1154,48.6767],[25.0943,48.6747],[25.0932,48.6811],[25.0712,48.6883],[25.0404,48.73],[25.0081,48.7389],[25.0076,48.7475],[24.9996,48.7411],[24.9948,48.7566],[24.9812,48.7631],[24.9765,48.7554],[25.0023,48.7372],[24.9807,48.7278],[24.967,48.7459],[24.9326,48.7549],[24.9219,48.7682],[24.9093,48.7698],[24.9061,48.7587],[24.8943,48.7584],[24.8636,48.7662],[24.8636,48.7709],[24.8533,48.7681],[24.822,48.7919],[24.8113,48.7932],[24.8145,48.7838],[24.8085,48.7905],[24.7946,48.7895],[24.7867,48.7792],[24.7695,48.7746],[24.7739,48.7724],[24.7681,48.7665],[24.7557,48.7756],[24.7424,48.7715],[24.7559,48.7662],[24.7431,48.7469],[24.7248,48.739],[24.7128,48.7368],[24.6834,48.7522],[24.6436,48.7566],[24.6284,48.7279],[24.5955,48.7115],[24.5634,48.7246],[24.5503,48.7225],[24.5553,48.6997],[24.543,48.7008],[24.5219,48.6798],[24.4818,48.6823],[24.4824,48.6698],[24.4642,48.6526],[24.469,48.6455],[24.4348,48.6455],[24.3725,48.6329],[24.374,48.6172],[24.3368,48.6054],[24.3144,48.6062],[24.3023,48.5918],[24.2921,48.5987],[24.2769,48.5942],[24.2501,48.5742],[24.2471,48.5553],[24.234,48.5525],[24.2245,48.5375],[24.2059,48.5255],[24.1794,48.5219],[24.1746,48.5339],[24.1506,48.5366],[24.1344,48.5332],[24.1328,48.527]]]}},{"type":"Feature","properties":{"k":"kaluskyi","o":"Івано-Франківська"},"geometry":{"type":"Polygon","coordinates":[[[24.1255,48.5329],[24.1121,48.5342],[24.101,48.525],[24.0886,48.5272],[24.0881,48.5198],[24.0771,48.5126],[24.0664,48.5176],[24.0463,48.5121],[24.0343,48.5013],[24.0028,48.5065],[23.9733,48.477],[23.9805,48.4656],[23.9631,48.4579],[23.925,48.4653],[23.9075,48.4819],[23.9193,48.4935],[23.9164,48.5065],[23.9248,48.513],[23.9142,48.5334],[23.9289,48.5523],[23.9131,48.5552],[23.9068,48.563],[23.8917,48.5545],[23.8574,48.5527],[23.8325,48.5675],[23.8355,48.5794],[23.804,48.5807],[23.7921,48.5918],[23.7967,48.6004],[23.7864,48.6109],[23.7941,48.6154],[23.7975,48.6325],[23.789,48.6407],[23.7451,48.6466],[23.7328,48.638],[23.7051,48.6391],[23.6871,48.6474],[23.674,48.6653],[23.6373,48.6843],[23.6382,48.6987],[23.6302,48.7044],[23.5985,48.7053],[23.5921,48.718],[23.5482,48.7251],[23.5446,48.7407],[23.5528,48.7425],[23.5608,48.7632],[23.579,48.7845],[23.5701,48.8039],[23.5515,48.8225],[23.5646,48.829],[23.5675,48.8425],[23.5744,48.8456],[23.5687,48.8542],[23.5759,48.8666],[23.6067,48.8733],[23.6078,48.8781],[23.5778,48.8865],[23.5628,48.9101],[23.5858,48.9533],[23.5658,48.9746],[23.6247,49.0138],[23.6219,49.0254],[23.6362,49.0316],[23.6497,49.0226],[23.6642,49.0281],[23.6878,49.0658],[23.6768,49.075],[23.6911,49.0963],[23.7105,49.1018],[23.7195,49.094],[23.7267,49.0967],[23.7531,49.1163],[23.7527,49.124],[23.7743,49.1161],[23.7858,49.1187],[23.7991,49.1068],[23.8301,49.1133],[23.8786,49.1087],[23.9059,49.0992],[23.9323,49.1216],[23.9573,49.1294],[23.97,49.14],[24.008,49.1297],[24.0136,49.1181],[24.0217,49.1164],[24.058,49.1469],[24.0839,49.1491],[24.1202,49.1381],[24.1393,49.1404],[24.1494,49.1294],[24.1659,49.1276],[24.1719,49.1437],[24.1951,49.1376],[24.2073,49.1488],[24.2343,49.1445],[24.281,49.1682],[24.3571,49.1859],[24.3837,49.1892],[24.4163,49.1681],[24.4351,49.1737],[24.4354,49.2075],[24.4539,49.2335],[24.4665,49.2238],[24.4889,49.2289],[24.5118,49.2192],[24.5267,49.2257],[24.5439,49.2161],[24.553,49.2074],[24.5531,49.1965],[24.5731,49.1938],[24.5361,49.1788],[24.5175,49.1814],[24.5047,49.1622],[24.5526,49.1394],[24.5534,49.1001],[24.5621,49.0897],[24.5514,49.0711],[24.5439,49.0703],[24.5477,49.0677],[24.5412,49.064],[24.5478,49.0609],[24.5353,49.0517],[24.5723,49.0375],[24.5582,49.0284],[24.5666,49.0195],[24.5314,49.0082],[24.5383,48.9953],[24.5162,48.9779],[24.5165,48.9702],[24.4953,48.9616],[24.4404,48.9038],[24.4167,48.8889],[24.4186,48.8837],[24.3979,48.8643],[24.3849,48.8627],[24.375,48.8717],[24.3267,48.807],[24.3166,48.8043],[24.3104,48.81],[24.2605,48.7789],[24.2516,48.78],[24.2465,48.7532],[24.239,48.7515],[24.2468,48.7255],[24.2162,48.693],[24.1909,48.6902],[24.1765,48.6793],[24.1817,48.671],[24.1693,48.6617],[24.1561,48.6618],[24.141,48.639],[24.1043,48.6452],[24.1034,48.6275],[24.1107,48.616],[24.0971,48.6054],[24.1058,48.5885],[24.1015,48.5677],[24.1219,48.545],[24.1308,48.5435],[24.1255,48.5329]]]}},{"type":"Feature","properties":{"k":"kolomyiskyi","o":"Івано-Франківська"},"geometry":{"type":"Polygon","coordinates":[[[24.7128,48.7368],[24.7431,48.7469],[24.7559,48.7662],[24.745,48.773],[24.7557,48.7756],[24.7681,48.7665],[24.7739,48.7724],[24.7695,48.7746],[24.7867,48.7792],[24.7946,48.7895],[24.8085,48.7905],[24.8145,48.7838],[24.8113,48.7932],[24.822,48.7919],[24.8533,48.7681],[24.8636,48.7709],[24.8636,48.7662],[24.8943,48.7584],[24.9061,48.7587],[24.9093,48.7698],[24.9219,48.7682],[24.9326,48.7549],[24.967,48.7459],[24.9807,48.7278],[25.0023,48.7372],[24.9765,48.7554],[24.9812,48.7631],[24.9948,48.7566],[24.9996,48.7411],[25.0076,48.7475],[25.0081,48.7389],[25.0404,48.73],[25.0712,48.6883],[25.0932,48.6811],[25.0943,48.6747],[25.1154,48.6767],[25.1592,48.6486],[25.1514,48.6486],[25.1773,48.6426],[25.2112,48.6558],[25.2232,48.651],[25.2424,48.6814],[25.2311,48.6973],[25.2098,48.7107],[25.2636,48.7351],[25.2495,48.7467],[25.2581,48.7509],[25.2477,48.7687],[25.2255,48.7827],[25.2445,48.7945],[25.2408,48.8137],[25.263,48.8271],[25.3027,48.8251],[25.3168,48.8274],[25.3271,48.8379],[25.3447,48.8375],[25.3409,48.8538],[25.3497,48.8589],[25.428,48.8427],[25.4391,48.8475],[25.427,48.8679],[25.4384,48.8718],[25.453,48.8667],[25.4693,48.8551],[25.4499,48.8388],[25.4542,48.8315],[25.4845,48.8212],[25.5041,48.8068],[25.5537,48.799],[25.5997,48.7658],[25.6412,48.7452],[25.6145,48.7299],[25.6105,48.721],[25.6461,48.7114],[25.653,48.7055],[25.649,48.6963],[25.6213,48.6808],[25.6281,48.6728],[25.6221,48.661],[25.5851,48.634],[25.5907,48.6066],[25.5873,48.5899],[25.6034,48.5702],[25.5982,48.5653],[25.6039,48.551],[25.5997,48.5427],[25.6092,48.5271],[25.5995,48.5005],[25.5979,48.4735],[25.6059,48.4652],[25.6027,48.4461],[25.6109,48.4287],[25.6002,48.4147],[25.6203,48.4088],[25.6164,48.392],[25.621,48.3804],[25.5481,48.3813],[25.5208,48.3993],[25.4539,48.4026],[25.4325,48.3943],[25.3784,48.3903],[25.3091,48.3596],[25.2785,48.3726],[25.2637,48.3669],[25.252,48.3809],[25.2502,48.3984],[25.2399,48.3945],[25.2198,48.4022],[25.2032,48.3996],[25.1756,48.4116],[25.1554,48.3976],[25.1084,48.3977],[25.0972,48.413],[25.0844,48.4176],[25.0373,48.4066],[25.0341,48.4178],[24.9975,48.4244],[24.9976,48.4339],[24.9634,48.4417],[24.9166,48.43],[24.9117,48.4345],[24.9053,48.4301],[24.8875,48.4426],[24.8741,48.4417],[24.8484,48.4307],[24.7964,48.4452],[24.7923,48.4561],[24.7708,48.4653],[24.7617,48.4771],[24.7688,48.4768],[24.7691,48.4867],[24.7807,48.4917],[24.7612,48.5066],[24.7603,48.5139],[24.7304,48.5272],[24.7378,48.5295],[24.7478,48.5225],[24.754,48.5286],[24.7457,48.5287],[24.7622,48.5445],[24.7618,48.531],[24.7686,48.5284],[24.7734,48.535],[24.7791,48.5272],[24.7877,48.5368],[24.7801,48.5408],[24.7791,48.5495],[24.787,48.5596],[24.7641,48.5771],[24.7704,48.5951],[24.7827,48.5947],[24.7853,48.6244],[24.8246,48.6245],[24.8256,48.6395],[24.8141,48.6401],[24.8173,48.681],[24.792,48.6872],[24.7843,48.7019],[24.775,48.6983],[24.763,48.7071],[24.7287,48.7151],[24.7235,48.7216],[24.728,48.728],[24.7128,48.7368]]]}},{"type":"Feature","properties":{"k":"kosivskyi","o":"Івано-Франківська"},"geometry":{"type":"Polygon","coordinates":[[[25.0844,48.1602],[25.0721,48.1685],[25.0391,48.1739],[25.0388,48.1912],[25.0236,48.2044],[25.002,48.202],[24.9698,48.2236],[24.9119,48.2282],[24.8879,48.2074],[24.8564,48.219],[24.8473,48.2287],[24.7843,48.222],[24.772,48.2337],[24.7783,48.2486],[24.7609,48.2665],[24.7441,48.2644],[24.7375,48.2734],[24.7393,48.2905],[24.7334,48.3011],[24.7559,48.328],[24.7457,48.3381],[24.7481,48.3779],[24.7256,48.3825],[24.7163,48.4003],[24.719,48.4153],[24.7053,48.4254],[24.766,48.4402],[24.7876,48.4579],[24.7964,48.4452],[24.8484,48.4307],[24.8741,48.4417],[24.8875,48.4426],[24.9053,48.4301],[24.9117,48.4345],[24.9166,48.43],[24.9634,48.4417],[24.9976,48.4339],[24.9975,48.4244],[25.0341,48.4178],[25.0373,48.4066],[25.0844,48.4176],[25.0972,48.413],[25.1084,48.3977],[25.1554,48.3976],[25.1756,48.4116],[25.2032,48.3996],[25.2198,48.4022],[25.2399,48.3945],[25.2502,48.3984],[25.252,48.3809],[25.2637,48.3669],[25.2785,48.3726],[25.3091,48.3596],[25.2946,48.3457],[25.2814,48.3427],[25.2716,48.3327],[25.2757,48.329],[25.2664,48.3292],[25.2564,48.3157],[25.2464,48.3153],[25.1932,48.2549],[25.1752,48.2449],[25.1507,48.248],[25.1065,48.2252],[25.1195,48.2177],[25.1159,48.2076],[25.1378,48.1958],[25.138,48.1824],[25.1286,48.1775],[25.096,48.185],[25.0832,48.1769],[25.0935,48.1637],[25.0844,48.1602]]]}},{"type":"Feature","properties":{"k":"nadvirnianskyi","o":"Івано-Франківська"},"geometry":{"type":"Polygon","coordinates":[[[24.5546,48.118],[24.5311,48.1235],[24.5235,48.1438],[24.5002,48.1601],[24.5203,48.1768],[24.511,48.1857],[24.5257,48.1955],[24.5207,48.2007],[24.5297,48.2115],[24.5453,48.2157],[24.5201,48.2366],[24.4854,48.2433],[24.4882,48.2798],[24.4457,48.3023],[24.4168,48.3257],[24.417,48.332],[24.3934,48.3348],[24.3844,48.3454],[24.3578,48.352],[24.3518,48.365],[24.3584,48.3733],[24.331,48.3891],[24.2838,48.4012],[24.2811,48.3917],[24.2888,48.3808],[24.2585,48.3498],[24.2099,48.3653],[24.1794,48.3648],[24.1795,48.3753],[24.1479,48.3893],[24.1523,48.4009],[24.1407,48.4087],[24.1454,48.4345],[24.132,48.4392],[24.125,48.4532],[24.1263,48.4705],[24.1402,48.4809],[24.1142,48.4984],[24.1344,48.5332],[24.1701,48.536],[24.1794,48.5219],[24.2174,48.5313],[24.234,48.5525],[24.2471,48.5553],[24.2501,48.5742],[24.2769,48.5942],[24.2921,48.5987],[24.3023,48.5918],[24.3144,48.6062],[24.3368,48.6054],[24.374,48.6172],[24.3725,48.6329],[24.4348,48.6455],[24.469,48.6455],[24.4642,48.6526],[24.4824,48.6698],[24.4818,48.6823],[24.5219,48.6798],[24.543,48.7008],[24.5553,48.6997],[24.5503,48.7225],[24.5634,48.7246],[24.5955,48.7115],[24.6284,48.7279],[24.6436,48.7566],[24.6783,48.7536],[24.728,48.728],[24.7235,48.7216],[24.7287,48.7151],[24.763,48.7071],[24.775,48.6983],[24.7843,48.7019],[24.792,48.6872],[24.8173,48.681],[24.8141,48.6401],[24.8256,48.6395],[24.8246,48.6245],[24.7853,48.6244],[24.7827,48.5947],[24.7704,48.5951],[24.7641,48.5771],[24.787,48.5596],[24.7791,48.5495],[24.7801,48.5408],[24.7877,48.5368],[24.7791,48.5272],[24.7734,48.535],[24.7686,48.5284],[24.7618,48.531],[24.7622,48.5445],[24.7457,48.5287],[24.754,48.5286],[24.7478,48.5225],[24.7378,48.5295],[24.7304,48.5272],[24.7603,48.5139],[24.7612,48.5066],[24.7807,48.4917],[24.7691,48.4867],[24.7688,48.4768],[24.7617,48.4771],[24.7708,48.4653],[24.7876,48.4579],[24.766,48.4402],[24.7302,48.4348],[24.7041,48.4235],[24.719,48.4153],[24.7163,48.4003],[24.7256,48.3825],[24.7481,48.3779],[24.7457,48.3381],[24.7559,48.328],[24.7334,48.3011],[24.7397,48.2823],[24.6732,48.2696],[24.6626,48.2574],[24.6687,48.2467],[24.6875,48.2383],[24.6707,48.2253],[24.6708,48.2135],[24.6558,48.2037],[24.6586,48.2002],[24.6342,48.1836],[24.6426,48.1771],[24.6283,48.1681],[24.6431,48.1595],[24.6058,48.156],[24.6001,48.1608],[24.5894,48.142],[24.5802,48.1424],[24.5726,48.1341],[24.5756,48.1271],[24.5546,48.118]]]}},{"type":"Feature","properties":{"k":"chornobylskazonavidchuzhennia","o":"Київська"},"geometry":{"type":"Polygon","coordinates":[[[29.4275,51.124],[29.3489,51.1601],[29.3305,51.1576],[29.329,51.1259],[29.3204,51.1272],[29.2673,51.2653],[29.3314,51.2786],[29.3291,51.2711],[29.3351,51.2699],[29.3545,51.2744],[29.3985,51.3212],[29.3926,51.3425],[29.3938,51.3795],[29.3593,51.3759],[29.3593,51.3884],[29.3926,51.4078],[29.4161,51.4135],[29.4954,51.3966],[29.5127,51.4233],[29.5195,51.4219],[29.5151,51.4453],[29.5331,51.4642],[29.5372,51.4826],[29.5804,51.4617],[29.6044,51.4726],[29.6055,51.4944],[29.6208,51.4937],[29.6333,51.506],[29.6401,51.4986],[29.6523,51.5057],[29.6685,51.5027],[29.6724,51.5116],[29.7072,51.5212],[29.7065,51.5278],[29.7382,51.5311],[29.7427,51.5134],[29.7361,51.5108],[29.7455,51.4932],[29.7253,51.4913],[29.7391,51.459],[29.7934,51.4416],[29.7908,51.4579],[29.8098,51.4591],[29.8129,51.4489],[29.843,51.4573],[29.8484,51.449],[29.8778,51.4454],[29.8747,51.4559],[29.8894,51.4714],[29.8828,51.4772],[29.9233,51.4902],[29.9464,51.4839],[29.9519,51.4725],[29.9649,51.4716],[29.9763,51.4858],[29.9908,51.4823],[30.0125,51.4899],[30.0144,51.5055],[30.1172,51.4873],[30.1275,51.4886],[30.1209,51.5046],[30.1284,51.506],[30.162,51.4888],[30.1663,51.5086],[30.1809,51.5124],[30.2124,51.4931],[30.2467,51.4855],[30.2884,51.4635],[30.3223,51.4337],[30.3451,51.4243],[30.3576,51.3788],[30.3241,51.3616],[30.3347,51.3524],[30.3477,51.3489],[30.3982,51.3125],[30.4208,51.3053],[30.4623,51.3069],[30.4589,51.2965],[30.4645,51.2917],[30.452,51.2853],[30.4535,51.2734],[30.5044,51.2797],[30.5398,51.2626],[30.5403,51.2565],[30.5534,51.251],[30.5599,51.2352],[30.5489,51.2295],[30.5254,51.2367],[30.5057,51.2272],[30.5304,51.2006],[30.5164,51.1858],[30.5345,51.184],[30.5388,51.1783],[30.5306,51.1729],[30.5022,51.1761],[30.491,51.1658],[30.4942,51.1343],[30.5143,51.1168],[30.5138,51.1025],[30.4845,51.0918],[30.3897,51.0885],[30.3863,51.0831],[30.3307,51.0948],[30.319,51.1029],[30.3104,51.1205],[30.2882,51.1205],[30.2554,51.1097],[30.2012,51.1204],[30.1959,51.1117],[30.1694,51.1121],[30.1219,51.1173],[30.0973,51.1299],[30.0867,51.1249],[30.0208,51.1349],[30.0206,51.1284],[29.9949,51.1273],[29.9707,51.1278],[29.9571,51.1346],[29.9217,51.131],[29.9087,51.1374],[29.8885,51.1329],[29.8831,51.1366],[29.8878,51.1424],[29.8733,51.147],[29.8851,51.1565],[29.9658,51.1443],[29.9666,51.1525],[29.9489,51.1551],[29.9471,51.1674],[29.9262,51.1717],[29.9074,51.1853],[29.9478,51.2012],[29.8951,51.2151],[29.8723,51.2027],[29.8671,51.2139],[29.8526,51.2185],[29.8291,51.2465],[29.8097,51.2521],[29.7478,51.2537],[29.7074,51.2422],[29.7109,51.2578],[29.7574,51.2671],[29.7471,51.2729],[29.7242,51.2701],[29.7043,51.2626],[29.6964,51.2527],[29.6584,51.2412],[29.6406,51.2482],[29.6291,51.2419],[29.6327,51.2455],[29.6229,51.2466],[29.6232,51.2516],[29.6032,51.2551],[29.587,51.2511],[29.5622,51.2582],[29.5362,51.2534],[29.5227,51.2649],[29.5063,51.2683],[29.4966,51.2628],[29.4998,51.2594],[29.4752,51.2491],[29.4756,51.2382],[29.464,51.2373],[29.4715,51.2306],[29.469,51.2255],[29.4442,51.2283],[29.4428,51.2353],[29.4169,51.2335],[29.4009,51.2459],[29.4009,51.2328],[29.4167,51.2265],[29.3916,51.2201],[29.3809,51.2291],[29.362,51.1823],[29.3826,51.1769],[29.3927,51.1929],[29.4174,51.1803],[29.4468,51.1904],[29.453,51.184],[29.4815,51.1906],[29.4961,51.1845],[29.5535,51.1811],[29.5554,51.1734],[29.5783,51.1665],[29.5778,51.1592],[29.5979,51.1592],[29.6203,51.1685],[29.6495,51.1519],[29.6339,51.156],[29.6399,51.1478],[29.5934,51.1527],[29.5969,51.1455],[29.5811,51.1466],[29.58,51.135],[29.5425,51.1291],[29.547,51.1209],[29.5237,51.1224],[29.5058,51.1346],[29.4275,51.124]],[[30.203,51.2752],[30.2193,51.2598],[30.2472,51.2681],[30.2376,51.2781],[30.2115,51.2825],[30.203,51.2752]]]}},{"type":"Feature","properties":{"k":"bilotserkivskyi","o":"Київська"},"geometry":{"type":"Polygon","coordinates":[[[29.7547,49.2261],[29.7162,49.2359],[29.7229,49.2452],[29.7105,49.2632],[29.6955,49.2558],[29.6899,49.2374],[29.6624,49.25],[29.6388,49.2474],[29.6131,49.2654],[29.6218,49.2741],[29.6141,49.2755],[29.6191,49.2814],[29.6077,49.2997],[29.6191,49.3058],[29.5733,49.324],[29.568,49.3197],[29.5353,49.3238],[29.5228,49.3376],[29.52,49.3605],[29.5027,49.3699],[29.5053,49.3958],[29.5416,49.4014],[29.5624,49.4145],[29.5587,49.4175],[29.5758,49.4289],[29.5725,49.4333],[29.5949,49.4433],[29.5897,49.4542],[29.5608,49.4643],[29.5435,49.4837],[29.5599,49.498],[29.5844,49.4947],[29.5848,49.5066],[29.5699,49.5032],[29.5391,49.521],[29.5463,49.5315],[29.538,49.5382],[29.5307,49.5621],[29.4993,49.5937],[29.5056,49.5965],[29.4963,49.6],[29.5114,49.6127],[29.5084,49.6195],[29.5353,49.6367],[29.5053,49.6492],[29.5136,49.6631],[29.489,49.6692],[29.4911,49.7074],[29.4973,49.7138],[29.446,49.7135],[29.4357,49.7295],[29.4447,49.7321],[29.4621,49.7619],[29.4387,49.8055],[29.4487,49.8026],[29.47,49.8144],[29.4819,49.8013],[29.4895,49.8044],[29.4983,49.8112],[29.4907,49.8254],[29.5091,49.8351],[29.5419,49.819],[29.5502,49.8281],[29.5469,49.8355],[29.593,49.8415],[29.6038,49.8557],[29.621,49.8524],[29.6407,49.8703],[29.6527,49.8649],[29.6667,49.874],[29.6496,49.8782],[29.6997,49.9063],[29.7316,49.8823],[29.7858,49.9001],[29.8221,49.8793],[29.8514,49.8711],[29.8747,49.8963],[29.8948,49.8913],[29.8936,49.9006],[29.945,49.9331],[29.9431,49.9369],[29.9686,49.9395],[29.9842,49.9534],[29.9626,49.9577],[29.9369,50.0019],[29.9188,50.0027],[29.9246,50.0363],[29.915,50.0452],[29.9505,50.0552],[29.999,50.0323],[30.0937,50.0126],[30.1006,50.0232],[30.0928,50.0253],[30.0964,50.0497],[30.1058,50.0656],[30.0972,50.0773],[30.1299,50.1012],[30.181,50.1065],[30.1969,50.1172],[30.2051,50.1043],[30.2179,50.1029],[30.2331,50.0843],[30.2356,50.0879],[30.2551,50.0724],[30.2802,50.0324],[30.3002,50.0134],[30.3232,50.0106],[30.3426,49.9967],[30.3342,49.9917],[30.3761,49.9854],[30.4407,49.9921],[30.4882,49.9664],[30.4926,49.9359],[30.5242,49.941],[30.5381,49.9362],[30.5297,49.9173],[30.5626,49.9073],[30.5875,49.8911],[30.5702,49.8674],[30.5732,49.8629],[30.541,49.8599],[30.5424,49.8259],[30.6595,49.8372],[30.7175,49.8262],[30.7158,49.7393],[30.7062,49.7398],[30.7221,49.7079],[30.7348,49.7082],[30.7457,49.6919],[30.7334,49.6882],[30.73,49.6567],[30.7005,49.6573],[30.6974,49.6417],[30.7365,49.6221],[30.7218,49.6097],[30.7247,49.6058],[30.7167,49.6014],[30.7077,49.61],[30.6976,49.596],[30.6775,49.6021],[30.6724,49.5978],[30.6486,49.6031],[30.6438,49.5974],[30.6296,49.6],[30.6205,49.6066],[30.6225,49.6174],[30.6206,49.6235],[30.6177,49.6069],[30.6266,49.5932],[30.6596,49.5817],[30.6528,49.571],[30.6551,49.5596],[30.686,49.5415],[30.6944,49.5165],[30.7158,49.5028],[30.7202,49.4922],[30.7006,49.4876],[30.6943,49.4732],[30.7194,49.4903],[30.7318,49.4889],[30.7463,49.4688],[30.7627,49.4666],[30.7553,49.4579],[30.7656,49.4579],[30.7667,49.4652],[30.7907,49.458],[30.7793,49.4454],[30.7945,49.4466],[30.7953,49.4381],[30.8293,49.4405],[30.8254,49.4457],[30.833,49.4407],[30.901,49.445],[30.9014,49.4391],[30.9237,49.4358],[30.9195,49.4308],[30.9296,49.4185],[30.9208,49.4155],[30.9367,49.4064],[30.9348,49.3956],[30.9274,49.393],[30.9305,49.3805],[30.9212,49.3814],[30.9091,49.3585],[30.8857,49.3632],[30.8683,49.3518],[30.8005,49.3541],[30.7784,49.3437],[30.7495,49.3449],[30.7286,49.3317],[30.6775,49.3552],[30.6625,49.3541],[30.6602,49.3603],[30.6391,49.3561],[30.6072,49.3702],[30.5835,49.3498],[30.5705,49.3548],[30.5368,49.3281],[30.5158,49.3278],[30.4733,49.3651],[30.4378,49.3523],[30.439,49.3338],[30.4138,49.3305],[30.4212,49.3023],[30.3977,49.3035],[30.3757,49.2363],[30.3748,49.2435],[30.3644,49.2451],[30.3667,49.255],[30.2582,49.2715],[30.1895,49.2749],[30.2003,49.3282],[30.1489,49.3268],[30.1486,49.335],[30.1368,49.3312],[30.1322,49.3137],[30.107,49.3029],[30.1232,49.2889],[30.113,49.2701],[30.0886,49.286],[30.0823,49.2991],[30.0861,49.3125],[30.0784,49.3223],[30.0266,49.3343],[30.0104,49.3276],[30.0072,49.315],[29.9835,49.3156],[29.9599,49.3063],[29.9484,49.3119],[29.9441,49.3022],[29.957,49.2863],[29.9556,49.2522],[29.9321,49.2486],[29.9209,49.2301],[29.9043,49.2215],[29.9089,49.2165],[29.8937,49.2084],[29.8977,49.2048],[29.8768,49.2003],[29.8822,49.1861],[29.8578,49.1885],[29.8192,49.1786],[29.8148,49.1865],[29.7601,49.1798],[29.7273,49.2081],[29.7419,49.2114],[29.7449,49.2228],[29.7547,49.2261]]]}},{"type":"Feature","properties":{"k":"boryspilskyi","o":"Київська"},"geometry":{"type":"Polygon","coordinates":[[[31.3153,49.9763],[31.2743,49.9417],[31.2489,49.9365],[31.1775,49.9513],[31.1872,49.9674],[31.118,49.9863],[31.0635,49.9852],[30.9669,50.0488],[30.9609,50.0741],[30.9257,50.0855],[30.9238,50.1044],[30.8936,50.1321],[30.8446,50.152],[30.8418,50.14],[30.8005,50.1638],[30.7724,50.1583],[30.7637,50.1811],[30.739,50.2038],[30.7318,50.2203],[30.7154,50.2204],[30.7106,50.2295],[30.721,50.2451],[30.6897,50.2615],[30.677,50.2562],[30.6607,50.2635],[30.6709,50.2804],[30.6488,50.2926],[30.6521,50.2972],[30.6184,50.337],[30.6332,50.34],[30.632,50.3474],[30.6201,50.3509],[30.6279,50.3607],[30.6461,50.363],[30.6475,50.3566],[30.673,50.3582],[30.6968,50.3473],[30.7132,50.3544],[30.707,50.3656],[30.715,50.3686],[30.7114,50.3765],[30.7172,50.3825],[30.7456,50.3706],[30.7773,50.3705],[30.7726,50.3812],[30.7804,50.3852],[30.7756,50.3945],[30.8193,50.3939],[30.8213,50.401],[30.8486,50.4194],[30.8297,50.4318],[30.8291,50.4391],[30.8681,50.4354],[30.9156,50.4649],[30.9413,50.4605],[30.9498,50.4662],[30.9379,50.4714],[30.9593,50.4725],[30.9704,50.4829],[31.0019,50.4761],[30.9975,50.4665],[31.0044,50.4643],[31.0197,50.4698],[31.0431,50.4681],[31.0612,50.4777],[31.0971,50.4766],[31.1427,50.4446],[31.1662,50.4418],[31.1819,50.4483],[31.2248,50.4223],[31.2097,50.4173],[31.219,50.406],[31.2117,50.3967],[31.2203,50.3951],[31.2167,50.3885],[31.2236,50.3875],[31.2171,50.3791],[31.2032,50.3802],[31.2125,50.3595],[31.1729,50.3609],[31.1604,50.3448],[31.1501,50.3434],[31.1433,50.3244],[31.1568,50.2975],[31.185,50.2972],[31.1835,50.289],[31.2074,50.2872],[31.2112,50.248],[31.1855,50.1972],[31.2107,50.1889],[31.2722,50.1889],[31.2723,50.1671],[31.3459,50.1753],[31.3784,50.1721],[31.3897,50.1618],[31.418,50.1699],[31.421,50.1757],[31.3977,50.2184],[31.3898,50.2259],[31.3791,50.2252],[31.3805,50.2434],[31.3549,50.2592],[31.3629,50.2686],[31.3919,50.2709],[31.415,50.2535],[31.4448,50.2788],[31.4393,50.2866],[31.4637,50.2812],[31.4593,50.2739],[31.4686,50.2713],[31.4712,50.2874],[31.4997,50.2862],[31.5,50.3051],[31.5416,50.3119],[31.59,50.29],[31.5834,50.2831],[31.5878,50.2794],[31.5815,50.2645],[31.6035,50.2567],[31.6306,50.2632],[31.6456,50.2796],[31.6729,50.2789],[31.6674,50.3232],[31.7015,50.3335],[31.7032,50.3438],[31.7217,50.3472],[31.7137,50.3587],[31.7464,50.4077],[31.7632,50.4073],[31.7569,50.4014],[31.7687,50.4001],[31.8313,50.4056],[31.8939,50.3686],[31.9735,50.3649],[31.9824,50.349],[32.0104,50.3437],[32.0363,50.3454],[32.0273,50.3638],[32.0057,50.3778],[32.0093,50.3893],[32.0333,50.3896],[32.0686,50.3706],[32.0756,50.3745],[32.0911,50.3696],[32.1175,50.3807],[32.1547,50.3765],[32.161,50.368],[32.1413,50.3541],[32.1523,50.3375],[32.1423,50.3212],[32.129,50.3157],[32.1402,50.3047],[32.0868,50.2837],[32.1011,50.2781],[32.0895,50.247],[32.1172,50.2289],[32.1071,50.2201],[32.0865,50.2214],[32.0562,50.1877],[32.04,50.1887],[32.0155,50.2058],[31.9933,50.2012],[31.9909,50.1967],[32.0001,50.1942],[31.9654,50.1515],[31.934,50.1584],[31.9465,50.1365],[31.958,50.1411],[31.9752,50.1252],[31.9114,50.1007],[31.9049,50.0571],[31.9252,50.0603],[31.9865,50.0524],[31.9798,50.0387],[31.9685,50.0445],[31.8999,50.0193],[31.9099,50.0093],[31.9182,49.9623],[31.9014,49.9438],[31.8906,49.9519],[31.8897,49.9625],[31.8136,49.9662],[31.7954,49.9339],[31.7702,49.9201],[31.774,49.8936],[31.7523,49.8934],[31.7179,49.8525],[31.6145,49.856],[31.6175,49.88],[31.6091,49.8899],[31.6136,49.8921],[31.6124,49.9065],[31.5818,49.9069],[31.5822,49.8988],[31.569,49.8957],[31.5573,49.8753],[31.5458,49.8734],[31.5429,49.8787],[31.515,49.8693],[31.5183,49.8624],[31.5099,49.855],[31.5143,49.8473],[31.5009,49.844],[31.4946,49.861],[31.4807,49.8586],[31.4713,49.8737],[31.4403,49.8772],[31.4316,49.8989],[31.4264,49.8991],[31.4231,49.9332],[31.4453,49.9748],[31.4219,49.9915],[31.3095,49.9922],[31.2955,49.9769],[31.3078,49.9808],[31.3153,49.9763]]]}},{"type":"Feature","properties":{"k":"brovarskyi","o":"Київська"},"geometry":{"type":"Polygon","coordinates":[[[32.0845,50.379],[32.0686,50.3706],[32.0333,50.3896],[32.0093,50.3893],[32.0057,50.3778],[32.0273,50.3638],[32.0363,50.3454],[32.0104,50.3437],[31.9824,50.349],[31.9735,50.3649],[31.8939,50.3686],[31.8313,50.4056],[31.7687,50.4001],[31.7569,50.4014],[31.7632,50.4073],[31.7464,50.4077],[31.7137,50.3587],[31.7217,50.3472],[31.7032,50.3438],[31.7015,50.3335],[31.6674,50.3232],[31.6729,50.2789],[31.6456,50.2796],[31.6306,50.2632],[31.6035,50.2567],[31.5815,50.2645],[31.5878,50.2794],[31.5834,50.2831],[31.59,50.29],[31.5416,50.3119],[31.5,50.3051],[31.4997,50.2862],[31.4712,50.2874],[31.4686,50.2713],[31.4593,50.2739],[31.4637,50.2812],[31.4393,50.2866],[31.4448,50.2788],[31.415,50.2535],[31.3919,50.2709],[31.371,50.2731],[31.3549,50.2592],[31.3805,50.2434],[31.3791,50.2252],[31.3898,50.2259],[31.3977,50.2184],[31.4162,50.19],[31.418,50.1699],[31.3897,50.1618],[31.3784,50.1721],[31.3459,50.1753],[31.2723,50.1671],[31.2722,50.1889],[31.2107,50.1889],[31.1855,50.1972],[31.2112,50.248],[31.2074,50.2872],[31.1835,50.289],[31.185,50.2972],[31.1568,50.2975],[31.1558,50.3051],[31.1486,50.3053],[31.1433,50.3244],[31.1501,50.3434],[31.1604,50.3448],[31.1729,50.3609],[31.2125,50.3595],[31.2032,50.3802],[31.2171,50.3791],[31.2236,50.385],[31.2167,50.3885],[31.2203,50.3951],[31.2117,50.3967],[31.219,50.406],[31.2097,50.4173],[31.2248,50.4223],[31.1819,50.4483],[31.1662,50.4418],[31.1427,50.4446],[31.0971,50.4766],[31.0612,50.4777],[31.0431,50.4681],[31.0197,50.4698],[31.0044,50.4643],[30.9975,50.4665],[31.0019,50.4761],[30.9704,50.4829],[30.9593,50.4725],[30.9379,50.4714],[30.9498,50.4662],[30.9413,50.4605],[30.9156,50.4649],[30.8681,50.4354],[30.8291,50.4391],[30.8297,50.4318],[30.8486,50.4194],[30.8262,50.4039],[30.7974,50.4159],[30.8023,50.4264],[30.7918,50.4339],[30.7427,50.4585],[30.7547,50.4616],[30.7519,50.4703],[30.7413,50.4687],[30.7503,50.4746],[30.749,50.4836],[30.7604,50.4824],[30.7543,50.4902],[30.7425,50.4903],[30.7379,50.4987],[30.7619,50.509],[30.7547,50.519],[30.7662,50.514],[30.7652,50.521],[30.8233,50.537],[30.816,50.5643],[30.7837,50.58],[30.771,50.5758],[30.7667,50.5838],[30.7181,50.5908],[30.7211,50.5861],[30.7102,50.575],[30.7134,50.5577],[30.6983,50.5564],[30.6975,50.5616],[30.6679,50.5531],[30.6538,50.5348],[30.5718,50.538],[30.572,50.5511],[30.5589,50.5589],[30.5901,50.555],[30.5813,50.5597],[30.5943,50.5725],[30.5751,50.579],[30.5759,50.5833],[30.5988,50.5921],[30.6151,50.5858],[30.6402,50.5954],[30.6426,50.5995],[30.6283,50.6097],[30.6484,50.61],[30.6454,50.6195],[30.6704,50.6527],[30.6786,50.655],[30.6871,50.649],[30.6987,50.6578],[30.6954,50.6711],[30.6776,50.6769],[30.6747,50.6886],[30.7033,50.7007],[30.6711,50.7122],[30.7151,50.7255],[30.7084,50.7337],[30.7115,50.7394],[30.734,50.7499],[30.7508,50.7745],[30.7672,50.7707],[30.7704,50.779],[30.8368,50.7617],[30.8454,50.7731],[30.8705,50.7807],[30.8735,50.777],[30.8415,50.7628],[30.8415,50.7546],[30.8277,50.7565],[30.8349,50.7449],[30.8653,50.7452],[30.8753,50.7468],[30.8775,50.7686],[30.8901,50.7739],[30.8935,50.7661],[30.9499,50.7572],[30.9549,50.7636],[31.0695,50.7647],[31.0756,50.7814],[31.0994,50.7793],[31.1264,50.7748],[31.1218,50.7498],[31.1419,50.7471],[31.1494,50.7377],[31.166,50.733],[31.1643,50.7248],[31.1908,50.7245],[31.1912,50.7026],[31.206,50.7064],[31.2065,50.6967],[31.2186,50.6965],[31.2233,50.6676],[31.2036,50.6562],[31.1989,50.6454],[31.2274,50.6271],[31.2185,50.6199],[31.2272,50.6131],[31.2221,50.6067],[31.166,50.6075],[31.1654,50.5897],[31.1875,50.5892],[31.1876,50.5742],[31.2466,50.5671],[31.251,50.5559],[31.2596,50.5565],[31.2555,50.5423],[31.3204,50.5269],[31.3302,50.5008],[31.358,50.5292],[31.3701,50.533],[31.4138,50.5172],[31.4195,50.5035],[31.4448,50.5003],[31.445,50.5061],[31.4927,50.5231],[31.5191,50.5218],[31.5195,50.5298],[31.5637,50.5185],[31.5708,50.5277],[31.6302,50.5205],[31.6455,50.5314],[31.6468,50.5527],[31.6626,50.5537],[31.6687,50.5485],[31.6865,50.5627],[31.7822,50.5595],[31.7772,50.5777],[31.7881,50.5789],[31.782,50.6057],[31.812,50.606],[31.8107,50.6238],[31.859,50.632],[31.8835,50.6073],[31.9217,50.5932],[31.9553,50.5437],[32.0635,50.5408],[32.062,50.5294],[32.0514,50.5235],[32.0641,50.5117],[32.0469,50.496],[32.007,50.4867],[32.0018,50.4964],[31.9866,50.4965],[31.9832,50.4829],[31.9756,50.4894],[31.9635,50.4854],[31.9793,50.4816],[31.9701,50.4738],[31.9732,50.4664],[32.0234,50.4585],[32.0278,50.4359],[32.0393,50.4286],[32.0463,50.4017],[32.057,50.3972],[32.0965,50.4169],[32.1024,50.4127],[32.0768,50.3924],[32.0845,50.379]]]}},{"type":"Feature","properties":{"k":"buchanskyi","o":"Київська"},"geometry":{"type":"MultiPolygon","coordinates":[[[[29.6916,50.3154],[29.6929,50.3247],[29.645,50.3244],[29.612,50.3411],[29.6357,50.3582],[29.6357,50.3712],[29.6178,50.3649],[29.6089,50.3726],[29.5888,50.3749],[29.5904,50.4004],[29.5603,50.4225],[29.4803,50.4132],[29.4817,50.404],[29.4548,50.4015],[29.4426,50.4154],[29.4491,50.4204],[29.4693,50.4155],[29.4718,50.421],[29.4817,50.4196],[29.4984,50.4398],[29.4976,50.4505],[29.4469,50.4528],[29.4572,50.4711],[29.4835,50.4592],[29.5109,50.4708],[29.5026,50.4839],[29.5091,50.488],[29.5034,50.4951],[29.5066,50.5001],[29.4602,50.5172],[29.4668,50.5281],[29.4588,50.5395],[29.4869,50.5374],[29.5029,50.5494],[29.4985,50.5603],[29.5049,50.5727],[29.4985,50.5774],[29.498,50.5903],[29.4757,50.608],[29.4447,50.6212],[29.4725,50.6282],[29.4636,50.6333],[29.4849,50.6467],[29.476,50.6533],[29.4858,50.6627],[29.5051,50.6583],[29.528,50.6633],[29.5277,50.6778],[29.5406,50.6811],[29.542,50.6898],[29.5657,50.6932],[29.586,50.7093],[29.5972,50.729],[29.5896,50.7289],[29.5867,50.7385],[29.5785,50.7414],[29.5809,50.7493],[29.5661,50.7633],[29.5717,50.7676],[29.5709,50.7787],[29.5888,50.7736],[29.6084,50.7811],[29.6093,50.7709],[29.6493,50.7638],[29.7591,50.767],[29.7692,50.7729],[29.8223,50.7756],[29.835,50.7868],[29.8755,50.7946],[29.8818,50.7848],[29.8974,50.7795],[29.8861,50.7698],[29.8982,50.7471],[29.913,50.766],[29.9079,50.7777],[29.9185,50.7765],[29.9142,50.7687],[29.9189,50.7543],[29.9615,50.7545],[29.9715,50.7753],[30.0469,50.7693],[30.06,50.7745],[30.0605,50.7671],[30.0478,50.7641],[30.0458,50.7575],[30.055,50.7406],[30.0424,50.7302],[30.0449,50.7237],[30.0768,50.7075],[30.0734,50.6979],[30.094,50.698],[30.0953,50.691],[30.1131,50.6897],[30.1072,50.7152],[30.1492,50.7092],[30.169,50.7162],[30.1937,50.7133],[30.2119,50.7182],[30.2735,50.7089],[30.2708,50.7023],[30.3084,50.6857],[30.296,50.669],[30.2796,50.6639],[30.2852,50.6607],[30.2807,50.6473],[30.287,50.6371],[30.2803,50.6365],[30.281,50.6265],[30.2969,50.6184],[30.3003,50.6085],[30.3249,50.5993],[30.2895,50.6039],[30.2838,50.5989],[30.2864,50.5886],[30.2978,50.5854],[30.3074,50.5704],[30.3419,50.5569],[30.3318,50.5565],[30.3265,50.5461],[30.311,50.5551],[30.298,50.5544],[30.3026,50.5331],[30.2928,50.5327],[30.2607,50.5116],[30.27,50.4981],[30.2604,50.4859],[30.2517,50.485],[30.2494,50.4749],[30.2578,50.4698],[30.2409,50.4553],[30.2468,50.4404],[30.2367,50.4303],[30.2444,50.4229],[30.2552,50.4311],[30.2693,50.4262],[30.2813,50.4473],[30.3219,50.4424],[30.344,50.4456],[30.3396,50.4527],[30.3456,50.4536],[30.3578,50.4446],[30.3691,50.421],[30.4422,50.3815],[30.4306,50.3718],[30.3944,50.3698],[30.3934,50.3629],[30.3642,50.3528],[30.3347,50.375],[30.304,50.3484],[30.2597,50.3554],[30.266,50.3497],[30.2434,50.3422],[30.2351,50.3211],[30.2079,50.3386],[30.2019,50.3317],[30.1691,50.341],[30.1612,50.3481],[30.1667,50.3546],[30.1465,50.3434],[30.147,50.3373],[30.1251,50.348],[30.0897,50.3351],[30.0904,50.3244],[30.0767,50.3298],[30.0712,50.3423],[30.0618,50.3465],[30.0698,50.365],[30.0565,50.3765],[30.0344,50.3774],[30.0269,50.3962],[29.996,50.3998],[29.9722,50.4101],[29.9638,50.4059],[29.9685,50.4],[29.9991,50.3803],[29.9855,50.3715],[29.9843,50.3522],[29.9176,50.338],[29.9168,50.3127],[29.9104,50.3126],[29.9099,50.2987],[29.8278,50.2968],[29.7913,50.3179],[29.7698,50.3469],[29.7583,50.3489],[29.7562,50.3387],[29.7259,50.3165],[29.6916,50.3154]]],[[[30.3452,50.4959],[30.3507,50.484],[30.3358,50.4832],[30.3174,50.4921],[30.3452,50.4959]]]]}},{"type":"Feature","properties":{"k":"vyshhorodskyi","o":"Київська"},"geometry":{"type":"MultiPolygon","coordinates":[[[[30.7521,51.5402],[30.7853,51.5388],[30.7839,51.5252],[30.7893,51.5251],[30.7892,51.5229],[30.7838,51.5251],[30.7823,51.5119],[30.6987,51.5221],[30.6584,51.5187],[30.6521,51.5233],[30.6285,51.515],[30.6048,51.5154],[30.6017,51.5105],[30.5969,51.52],[30.5857,51.5159],[30.5926,51.5243],[30.6011,51.5249],[30.6056,51.5159],[30.6267,51.5151],[30.671,51.5309],[30.7101,51.5309],[30.7089,51.5531],[30.7521,51.5402]]],[[[29.5698,50.7715],[29.5358,50.7763],[29.5031,50.7661],[29.4751,50.7726],[29.5105,50.7755],[29.5064,50.7854],[29.5219,50.7919],[29.4882,50.8122],[29.501,50.8189],[29.5481,50.8119],[29.5422,50.8284],[29.5292,50.8238],[29.4975,50.8373],[29.5213,50.8689],[29.5135,50.8787],[29.4714,50.9037],[29.4751,50.9148],[29.4675,50.9247],[29.4355,50.9456],[29.4115,50.9489],[29.4127,50.9854],[29.4405,50.9885],[29.4749,50.9791],[29.4671,50.9867],[29.4646,51.019],[29.5118,51.0606],[29.4586,51.0898],[29.4275,51.124],[29.5058,51.1346],[29.5237,51.1224],[29.547,51.1209],[29.5425,51.1291],[29.58,51.135],[29.5811,51.1466],[29.5969,51.1455],[29.5934,51.1527],[29.6399,51.1478],[29.6339,51.156],[29.6491,51.155],[29.6203,51.1685],[29.5979,51.1592],[29.5778,51.1592],[29.5783,51.1665],[29.5554,51.1734],[29.5535,51.1811],[29.4961,51.1845],[29.4815,51.1906],[29.453,51.184],[29.4468,51.1904],[29.4174,51.1803],[29.3927,51.1929],[29.3826,51.1769],[29.362,51.1823],[29.3809,51.2291],[29.3916,51.2201],[29.4167,51.2265],[29.4009,51.2328],[29.4009,51.2459],[29.4169,51.2335],[29.4428,51.2353],[29.4419,51.2298],[29.4546,51.2298],[29.4556,51.2244],[29.4711,51.2272],[29.464,51.2373],[29.4756,51.2382],[29.4752,51.2491],[29.4998,51.2594],[29.4966,51.2628],[29.5063,51.2683],[29.5227,51.2649],[29.5362,51.2534],[29.5622,51.2582],[29.587,51.2511],[29.6032,51.2551],[29.6232,51.2516],[29.6229,51.2466],[29.6327,51.2455],[29.6298,51.2447],[29.6287,51.2439],[29.6284,51.2426],[29.6291,51.2419],[29.6406,51.2482],[29.6584,51.2412],[29.6964,51.2527],[29.7043,51.2626],[29.7242,51.2701],[29.7471,51.2729],[29.7574,51.2671],[29.7109,51.2578],[29.7074,51.2422],[29.7478,51.2537],[29.8097,51.2521],[29.8291,51.2465],[29.8526,51.2185],[29.8671,51.2139],[29.8723,51.2027],[29.8951,51.2151],[29.9478,51.2012],[29.9074,51.1853],[29.9262,51.1717],[29.9471,51.1674],[29.9489,51.1551],[29.9666,51.1525],[29.9658,51.1443],[29.8851,51.1565],[29.8733,51.147],[29.8878,51.1424],[29.8831,51.1366],[29.8885,51.1329],[29.9087,51.1374],[29.9217,51.131],[29.9571,51.1346],[29.9707,51.1278],[29.9949,51.1273],[30.0206,51.1284],[30.0208,51.1349],[30.0867,51.1249],[30.0973,51.1299],[30.1219,51.1173],[30.1694,51.1121],[30.1959,51.1117],[30.2012,51.1204],[30.2554,51.1097],[30.2882,51.1205],[30.3104,51.1205],[30.319,51.1029],[30.3565,51.0856],[30.4845,51.0918],[30.5102,51.0737],[30.4934,51.0499],[30.4999,51.022],[30.6013,51.0268],[30.6028,51.0093],[30.625,51.0099],[30.6418,51.0029],[30.6497,50.9843],[30.6449,50.9637],[30.6577,50.9534],[30.6834,50.9026],[30.7342,50.8952],[30.7365,50.8876],[30.7709,50.8748],[30.7672,50.8718],[30.7774,50.8557],[30.7706,50.8491],[30.7778,50.8309],[30.766,50.826],[30.7713,50.8166],[30.7578,50.8104],[30.7446,50.8194],[30.7314,50.8173],[30.7443,50.8064],[30.7429,50.7948],[30.7489,50.7913],[30.7363,50.7832],[30.7382,50.7725],[30.7508,50.7745],[30.7491,50.769],[30.7382,50.7626],[30.734,50.7499],[30.7115,50.7394],[30.7084,50.7337],[30.7151,50.7255],[30.6711,50.7122],[30.7033,50.7007],[30.6747,50.6886],[30.6776,50.6769],[30.6954,50.6711],[30.6987,50.6578],[30.6871,50.649],[30.6786,50.655],[30.6704,50.6527],[30.6454,50.6195],[30.6484,50.61],[30.6283,50.6097],[30.6426,50.5995],[30.6402,50.5954],[30.6151,50.5858],[30.5988,50.5921],[30.5759,50.5833],[30.5751,50.579],[30.5943,50.5725],[30.5813,50.5597],[30.5901,50.555],[30.5656,50.5611],[30.5589,50.5589],[30.572,50.5511],[30.5697,50.5453],[30.5323,50.5474],[30.531,50.5415],[30.5444,50.5281],[30.541,50.5232],[30.5315,50.5354],[30.4955,50.5517],[30.4902,50.5683],[30.4646,50.5717],[30.4629,50.5845],[30.371,50.5864],[30.3707,50.5734],[30.3074,50.5704],[30.2978,50.5854],[30.2864,50.5886],[30.2838,50.5989],[30.2895,50.6039],[30.3244,50.6024],[30.3003,50.6085],[30.2969,50.6184],[30.281,50.6265],[30.2803,50.6365],[30.287,50.6371],[30.2807,50.6473],[30.2852,50.6607],[30.2796,50.6639],[30.296,50.669],[30.3084,50.6857],[30.2708,50.7023],[30.2735,50.7089],[30.2119,50.7182],[30.1937,50.7133],[30.169,50.7162],[30.1492,50.7092],[30.1072,50.7152],[30.1131,50.6897],[30.0953,50.691],[30.094,50.698],[30.0734,50.6979],[30.0768,50.7075],[30.0614,50.7125],[30.0424,50.7302],[30.055,50.7406],[30.0458,50.7575],[30.0478,50.7641],[30.0605,50.7671],[30.06,50.7745],[30.0469,50.7693],[29.9715,50.7753],[29.9615,50.7545],[29.9189,50.7543],[29.9142,50.7687],[29.9185,50.7765],[29.9079,50.7777],[29.913,50.766],[29.8982,50.7471],[29.8861,50.7698],[29.8974,50.7795],[29.8818,50.7848],[29.8755,50.7946],[29.835,50.7868],[29.8223,50.7756],[29.7692,50.7729],[29.7591,50.767],[29.6493,50.7638],[29.6093,50.7709],[29.6084,50.7811],[29.5995,50.7818],[29.5888,50.7736],[29.5709,50.7787],[29.5698,50.7715]]],[[[30.7732,51.5116],[30.7768,51.5092],[30.7734,51.5091],[30.7732,51.5116]]],[[[30.7548,51.5135],[30.7482,51.5156],[30.7551,51.5147],[30.7548,51.5135]]],[[[30.664,51.5102],[30.6657,51.5134],[30.6672,51.511],[30.664,51.5102]]],[[[30.2193,51.2598],[30.203,51.2752],[30.2115,51.2825],[30.2376,51.2781],[30.2472,51.2681],[30.2193,51.2598]]]]}},{"type":"Feature","properties":{"k":"obukhivskyi","o":"Київська"},"geometry":{"type":"Polygon","coordinates":[[[30.9296,49.4185],[30.9195,49.4308],[30.9237,49.4358],[30.9014,49.4391],[30.901,49.445],[30.833,49.4407],[30.8254,49.4457],[30.8293,49.4405],[30.7953,49.4381],[30.7945,49.4466],[30.7793,49.4454],[30.7907,49.458],[30.7667,49.4652],[30.7656,49.4579],[30.7553,49.4579],[30.7627,49.4666],[30.7463,49.4688],[30.7318,49.4889],[30.7194,49.4903],[30.6943,49.4732],[30.7006,49.4876],[30.7202,49.4922],[30.7158,49.5028],[30.6944,49.5165],[30.686,49.5415],[30.6551,49.5596],[30.6528,49.571],[30.6596,49.5817],[30.6266,49.5932],[30.6174,49.6126],[30.6206,49.6235],[30.6205,49.6066],[30.6296,49.6],[30.6438,49.5974],[30.6486,49.6031],[30.6724,49.5978],[30.6775,49.6021],[30.6976,49.596],[30.7077,49.61],[30.7167,49.6014],[30.7247,49.6058],[30.7218,49.6097],[30.7365,49.6221],[30.6974,49.6417],[30.7005,49.6573],[30.73,49.6567],[30.7334,49.6882],[30.7457,49.6919],[30.7348,49.7082],[30.7221,49.7079],[30.7062,49.7398],[30.7158,49.7393],[30.7175,49.8262],[30.6595,49.8372],[30.5424,49.8259],[30.541,49.8599],[30.5732,49.8629],[30.5702,49.8674],[30.5875,49.8911],[30.5626,49.9073],[30.5297,49.9173],[30.5381,49.9362],[30.5242,49.941],[30.4926,49.9359],[30.4882,49.9664],[30.4407,49.9921],[30.3761,49.9854],[30.3342,49.9917],[30.3426,49.9967],[30.3232,50.0106],[30.3002,50.0134],[30.2802,50.0324],[30.2551,50.0724],[30.2356,50.0879],[30.2331,50.0843],[30.2179,50.1029],[30.2051,50.1043],[30.1969,50.1172],[30.2218,50.1314],[30.2032,50.1404],[30.2006,50.1449],[30.2083,50.1447],[30.1982,50.1496],[30.241,50.1455],[30.2517,50.1543],[30.2342,50.1621],[30.2407,50.1726],[30.2264,50.1769],[30.2118,50.1729],[30.2044,50.1821],[30.2182,50.185],[30.2353,50.2012],[30.2283,50.2123],[30.2384,50.2193],[30.2503,50.2136],[30.2429,50.2073],[30.2936,50.188],[30.2908,50.1937],[30.308,50.1971],[30.3092,50.2084],[30.3165,50.2088],[30.3217,50.2358],[30.3323,50.2354],[30.324,50.2327],[30.3233,50.2234],[30.329,50.2227],[30.3266,50.2172],[30.3352,50.2135],[30.3335,50.2072],[30.3463,50.1935],[30.3364,50.188],[30.3385,50.1838],[30.3491,50.1848],[30.3465,50.1779],[30.3817,50.1664],[30.375,50.1774],[30.3867,50.1785],[30.3867,50.1937],[30.412,50.1961],[30.4109,50.2042],[30.4214,50.2118],[30.384,50.2371],[30.3823,50.2416],[30.3905,50.2393],[30.4008,50.2489],[30.3822,50.2537],[30.3872,50.2618],[30.3745,50.2654],[30.3971,50.274],[30.3794,50.2826],[30.3785,50.289],[30.4197,50.2945],[30.4221,50.3031],[30.4002,50.3077],[30.4031,50.3177],[30.4326,50.3185],[30.426,50.3247],[30.4368,50.3342],[30.4778,50.3395],[30.4752,50.3332],[30.497,50.3327],[30.4876,50.3283],[30.4963,50.3219],[30.5085,50.3261],[30.5354,50.3174],[30.5323,50.3021],[30.5371,50.3004],[30.5281,50.2903],[30.5462,50.291],[30.5426,50.2759],[30.5538,50.2695],[30.5526,50.2593],[30.5747,50.2594],[30.5834,50.2504],[30.5935,50.2133],[30.6437,50.226],[30.6374,50.2347],[30.6467,50.2397],[30.6253,50.2574],[30.6267,50.2627],[30.6168,50.2653],[30.6108,50.2806],[30.6406,50.2802],[30.6354,50.2849],[30.6488,50.2926],[30.6709,50.2804],[30.6607,50.2635],[30.677,50.2562],[30.6897,50.2615],[30.721,50.2451],[30.7106,50.2295],[30.7154,50.2204],[30.7318,50.2203],[30.739,50.2038],[30.7637,50.1811],[30.7724,50.1583],[30.8005,50.1638],[30.8418,50.14],[30.8446,50.152],[30.8936,50.1321],[30.9238,50.1044],[30.9257,50.0855],[30.9609,50.0741],[30.9669,50.0488],[31.0635,49.9852],[31.118,49.9863],[31.1872,49.9674],[31.1775,49.9513],[31.2489,49.9365],[31.2743,49.9417],[31.3108,49.9657],[31.3501,49.9502],[31.3356,49.9449],[31.3349,49.9383],[31.3474,49.9376],[31.3801,49.9078],[31.3736,49.8987],[31.3177,49.8927],[31.2912,49.883],[31.2608,49.8581],[31.2474,49.8677],[31.2077,49.8523],[31.2208,49.8321],[31.1898,49.7902],[31.2162,49.7769],[31.2077,49.7555],[31.221,49.7331],[31.2117,49.7297],[31.1962,49.7015],[31.2175,49.6946],[31.2115,49.6862],[31.2041,49.6921],[31.1957,49.6841],[31.2022,49.6752],[31.1357,49.6037],[31.1287,49.5838],[31.1526,49.5805],[31.1386,49.5713],[31.149,49.5682],[31.1516,49.5559],[31.143,49.5577],[31.1399,49.5524],[31.1207,49.5613],[31.1087,49.5573],[31.0975,49.5429],[31.1039,49.5312],[31.0934,49.5166],[31.0935,49.5054],[31.0988,49.5047],[31.0927,49.5022],[31.0949,49.4972],[31.0601,49.4777],[31.0395,49.4734],[31.044,49.4565],[31.0302,49.472],[31.0052,49.4509],[31.0063,49.431],[30.9939,49.4225],[30.9296,49.4185]]]}},{"type":"Feature","properties":{"k":"fastivskyi","o":"Київська"},"geometry":{"type":"Polygon","coordinates":[[[29.6496,49.8782],[29.6332,49.8771],[29.6272,49.8865],[29.6336,49.8856],[29.643,49.8983],[29.666,49.9113],[29.7279,49.9328],[29.7251,49.9418],[29.7352,49.9445],[29.7216,49.9594],[29.732,49.9631],[29.7282,49.9703],[29.7142,49.9676],[29.7173,49.9789],[29.6965,49.9912],[29.6908,49.998],[29.6985,50.0063],[29.6835,50.0122],[29.6715,50.0322],[29.6953,50.0442],[29.6973,50.0684],[29.6463,50.1068],[29.6699,50.1137],[29.6557,50.1183],[29.6591,50.1276],[29.6881,50.1439],[29.6935,50.1556],[29.6431,50.1798],[29.6759,50.2068],[29.6859,50.2262],[29.7013,50.2308],[29.6815,50.2554],[29.6656,50.265],[29.6737,50.2674],[29.6663,50.2745],[29.6887,50.2794],[29.6898,50.2842],[29.678,50.2851],[29.6756,50.2976],[29.6821,50.3117],[29.7259,50.3165],[29.7562,50.3387],[29.7583,50.3489],[29.7698,50.3469],[29.7913,50.3179],[29.8278,50.2968],[29.9099,50.2987],[29.9104,50.3126],[29.9168,50.3127],[29.9176,50.338],[29.9843,50.3522],[29.9855,50.3715],[29.9991,50.3803],[29.9685,50.4],[29.9638,50.4059],[29.9722,50.4101],[29.996,50.3998],[30.0269,50.3962],[30.0344,50.3774],[30.0565,50.3765],[30.0698,50.365],[30.0618,50.3465],[30.0712,50.3423],[30.0767,50.3298],[30.0904,50.3244],[30.0897,50.3351],[30.1251,50.348],[30.147,50.3373],[30.1465,50.3434],[30.1667,50.3546],[30.1612,50.3481],[30.1691,50.341],[30.2019,50.3317],[30.2079,50.3386],[30.2351,50.3211],[30.2434,50.3422],[30.266,50.3497],[30.2597,50.3554],[30.304,50.3484],[30.3347,50.375],[30.3642,50.3528],[30.3934,50.3629],[30.3944,50.3698],[30.4259,50.3741],[30.4375,50.3675],[30.4377,50.3569],[30.4684,50.3601],[30.4743,50.3376],[30.4578,50.3404],[30.4514,50.3321],[30.4368,50.3342],[30.426,50.3247],[30.4326,50.3185],[30.4031,50.3177],[30.4002,50.3077],[30.4221,50.3031],[30.4197,50.2945],[30.3785,50.289],[30.3794,50.2826],[30.3971,50.274],[30.3745,50.2654],[30.3872,50.2618],[30.3822,50.2537],[30.4008,50.2489],[30.3905,50.2393],[30.3823,50.2416],[30.384,50.2371],[30.4214,50.2118],[30.4109,50.2042],[30.412,50.1961],[30.3867,50.1937],[30.3867,50.1785],[30.375,50.1774],[30.3817,50.1664],[30.3465,50.1779],[30.3491,50.1848],[30.3385,50.1838],[30.3364,50.188],[30.3463,50.1935],[30.3335,50.2072],[30.3352,50.2135],[30.3266,50.2172],[30.329,50.2227],[30.3233,50.2234],[30.324,50.2327],[30.3323,50.2354],[30.3217,50.2358],[30.3165,50.2088],[30.3092,50.2084],[30.308,50.1971],[30.2908,50.1937],[30.2936,50.188],[30.2429,50.2073],[30.2503,50.2136],[30.2384,50.2193],[30.2283,50.2123],[30.2353,50.2012],[30.2182,50.185],[30.2044,50.1821],[30.2118,50.1729],[30.2264,50.1769],[30.2407,50.1726],[30.2342,50.1621],[30.2517,50.1543],[30.241,50.1455],[30.1982,50.1496],[30.2083,50.1447],[30.2006,50.1449],[30.2032,50.1404],[30.2218,50.1314],[30.2183,50.1265],[30.1797,50.1096],[30.1828,50.107],[30.1299,50.1012],[30.0972,50.0773],[30.1058,50.0656],[30.0964,50.0497],[30.0928,50.0253],[30.1006,50.0232],[30.0937,50.0126],[29.999,50.0323],[29.9505,50.0552],[29.915,50.0452],[29.9246,50.0363],[29.9188,50.0027],[29.9369,50.0019],[29.9626,49.9577],[29.9842,49.9534],[29.9686,49.9395],[29.9431,49.9369],[29.945,49.9331],[29.8936,49.9006],[29.8948,49.8913],[29.8747,49.8963],[29.8514,49.8711],[29.8221,49.8793],[29.7858,49.9001],[29.7316,49.8823],[29.6997,49.9063],[29.6496,49.8782]]]}},{"type":"Feature","properties":{"k":"holovanivskyi","o":"Кіровоградська"},"geometry":{"type":"Polygon","coordinates":[[[29.7806,48.2085],[29.7712,48.2261],[29.7824,48.2422],[29.7707,48.2568],[29.776,48.2591],[29.7727,48.2722],[29.7542,48.2834],[29.7505,48.2993],[29.7629,48.2964],[29.7726,48.3045],[29.7679,48.3086],[29.772,48.3131],[29.7819,48.3149],[29.7842,48.33],[29.799,48.329],[29.8043,48.3485],[29.8125,48.3463],[29.8056,48.3603],[29.787,48.3699],[29.8717,48.4167],[29.8641,48.4257],[29.9354,48.4429],[29.9513,48.4501],[29.9535,48.4621],[29.9643,48.4605],[29.9679,48.4717],[30.0023,48.4726],[29.9997,48.4781],[30.0498,48.4828],[30.0825,48.4663],[30.0882,48.4574],[30.1073,48.4524],[30.1207,48.4535],[30.1197,48.4599],[30.1296,48.4628],[30.1305,48.4704],[30.1447,48.4727],[30.1565,48.4851],[30.1518,48.4978],[30.1629,48.5038],[30.2203,48.4801],[30.2563,48.4893],[30.2549,48.5054],[30.3072,48.5121],[30.3254,48.5218],[30.3866,48.5271],[30.3873,48.5427],[30.4028,48.5738],[30.4528,48.5835],[30.4862,48.5641],[30.487,48.5692],[30.5062,48.564],[30.5403,48.5711],[30.5664,48.5674],[30.5691,48.5773],[30.5632,48.579],[30.5686,48.5917],[30.5578,48.5958],[30.5708,48.6056],[30.5294,48.6278],[30.5514,48.6536],[30.5986,48.6632],[30.6112,48.698],[30.6013,48.6991],[30.576,48.7209],[30.609,48.7191],[30.6219,48.7397],[30.6354,48.7391],[30.637,48.7519],[30.698,48.7674],[30.7514,48.7609],[30.7533,48.7699],[30.8039,48.7568],[30.8114,48.7692],[30.8312,48.7501],[30.8726,48.7506],[30.8826,48.7444],[30.8971,48.7472],[30.8945,48.7557],[30.9017,48.7625],[30.9453,48.7589],[30.9415,48.7712],[30.9488,48.7717],[30.9665,48.7611],[30.9937,48.7654],[31.0022,48.7571],[31.0376,48.7607],[31.0455,48.7524],[31.0583,48.7546],[31.0697,48.7454],[31.0689,48.7369],[31.0866,48.7318],[31.0887,48.739],[31.1008,48.7397],[31.1135,48.7276],[31.1227,48.7414],[31.1301,48.7368],[31.1425,48.7467],[31.1522,48.7406],[31.1741,48.7625],[31.2064,48.7565],[31.2159,48.769],[31.2501,48.7675],[31.2612,48.7488],[31.2528,48.7425],[31.2586,48.7304],[31.2531,48.7296],[31.2666,48.6958],[31.2451,48.6931],[31.233,48.7144],[31.2211,48.7122],[31.1787,48.6969],[31.1894,48.6923],[31.1855,48.686],[31.1461,48.673],[31.2004,48.6008],[31.1381,48.5912],[31.1347,48.5965],[31.1074,48.5916],[31.0999,48.6123],[31.0651,48.6048],[30.9829,48.6035],[30.9842,48.5544],[30.9218,48.553],[30.9309,48.5219],[30.8834,48.5218],[30.8822,48.4939],[30.8473,48.4641],[30.8267,48.4658],[30.808,48.4532],[30.8206,48.4419],[30.8413,48.4377],[30.825,48.4133],[30.8462,48.3931],[30.8413,48.3839],[30.8513,48.3765],[30.9032,48.3835],[30.9011,48.3896],[30.9343,48.3961],[30.9389,48.3829],[30.9697,48.3875],[30.9736,48.3769],[30.9991,48.3802],[31.0066,48.3474],[31.0202,48.3489],[31.0267,48.3202],[31.0354,48.3162],[31.0155,48.3133],[31.0209,48.2946],[31.1254,48.3023],[31.1326,48.2837],[31.122,48.2826],[31.1176,48.2701],[31.0907,48.2672],[31.1038,48.2394],[31.0869,48.2372],[31.0908,48.224],[31.0563,48.2201],[31.053,48.2323],[30.981,48.2221],[30.9892,48.1845],[30.9317,48.184],[30.9303,48.1662],[30.921,48.1698],[30.9002,48.1593],[30.894,48.1654],[30.855,48.1611],[30.8484,48.1844],[30.8277,48.1816],[30.8231,48.1908],[30.8152,48.1697],[30.7925,48.1678],[30.7854,48.1914],[30.7193,48.1865],[30.7168,48.1955],[30.6475,48.1853],[30.6566,48.1719],[30.6201,48.1663],[30.6177,48.1561],[30.5561,48.1559],[30.5268,48.1795],[30.5043,48.1579],[30.4956,48.1699],[30.4685,48.1624],[30.4358,48.1719],[30.4148,48.1624],[30.39,48.166],[30.3841,48.1744],[30.3666,48.1742],[30.3276,48.16],[30.3283,48.1473],[30.3175,48.1406],[30.2857,48.14],[30.2624,48.1476],[30.2423,48.1403],[30.1876,48.1548],[30.1658,48.145],[30.1276,48.1471],[30.1064,48.1396],[30.0513,48.15],[30.0326,48.1784],[30.0223,48.1854],[30.0015,48.1849],[29.9999,48.1958],[30.0088,48.2086],[29.9924,48.2197],[29.9904,48.2299],[29.975,48.217],[29.9303,48.2333],[29.8915,48.1842],[29.8764,48.188],[29.843,48.2122],[29.7934,48.2012],[29.7806,48.2085]]]}},{"type":"Feature","properties":{"k":"kropyvnytskyi","o":"Кіровоградська"},"geometry":{"type":"Polygon","coordinates":[[[33.2146,48.1614],[33.2173,48.1482],[33.227,48.1492],[33.2318,48.1265],[33.1817,48.1181],[33.1868,48.1042],[33.2215,48.1078],[33.22,48.1149],[33.2354,48.1134],[33.2369,48.1073],[33.222,48.1058],[33.2249,48.092],[33.1532,48.0833],[33.1543,48.0778],[33.1417,48.0765],[33.1537,48.0421],[33.1481,48.0416],[33.1434,48.064],[33.1146,48.0647],[33.1057,48.0639],[33.1038,48.0555],[33.1106,48.0429],[33.0363,48.0339],[33.0318,48.0309],[33.0356,48.0119],[33.0241,48.0085],[33.0249,47.9842],[33.0047,47.9891],[32.9902,48.0482],[32.9541,48.0354],[32.9458,48.0425],[32.913,48.0376],[32.9159,48.0316],[32.8834,48.0276],[32.8815,48.0338],[32.8705,48.0323],[32.8727,48.0241],[32.8849,48.0202],[32.8944,47.9855],[32.8017,47.9749],[32.7943,47.9932],[32.6895,47.9818],[32.6973,47.9465],[32.7371,47.9516],[32.7456,47.9325],[32.6519,47.9215],[32.6559,47.9048],[32.6765,47.907],[32.6855,47.873],[32.6644,47.8709],[32.6694,47.853],[32.6751,47.8576],[32.6794,47.8518],[32.6641,47.8394],[32.6578,47.8199],[32.4277,47.7896],[32.4222,47.8015],[32.402,47.7947],[32.3963,47.7979],[32.404,47.7997],[32.3956,47.8002],[32.3642,47.7886],[32.3315,47.805],[32.3205,47.8191],[32.3032,47.8237],[32.2365,47.8147],[32.2396,47.7938],[32.2225,47.7914],[32.2316,47.7604],[32.1606,47.7511],[32.1573,47.7607],[32.1544,47.7609],[32.1403,47.7489],[32.1358,47.7581],[32.117,47.7559],[32.1093,47.7846],[32.0895,47.7823],[32.0766,47.8069],[32.0595,47.8047],[32.0547,47.8173],[31.9598,47.8095],[31.963,47.7987],[31.8377,47.7828],[31.8274,47.8165],[31.8711,47.8266],[31.8568,47.8386],[31.857,47.8647],[31.8919,47.8676],[31.8806,47.8824],[31.8847,47.8939],[31.8766,47.9194],[31.855,47.9161],[31.8438,47.9636],[31.7848,47.9549],[31.7806,47.9603],[31.7664,47.9447],[31.7534,47.943],[31.729,48.0355],[31.783,48.0422],[31.7657,48.1073],[31.8181,48.1151],[31.8538,48.108],[31.8864,48.1117],[31.8827,48.1257],[31.9158,48.1299],[31.9148,48.1379],[31.9748,48.1389],[31.9786,48.1247],[31.9834,48.1245],[32.0307,48.1339],[32.0108,48.1334],[32.0075,48.1497],[31.9938,48.148],[31.9916,48.1562],[31.9722,48.1536],[31.9701,48.1644],[31.9518,48.1632],[31.9442,48.1881],[31.9573,48.1906],[31.9446,48.2199],[31.9377,48.2204],[31.923,48.2428],[31.9117,48.274],[31.9333,48.2789],[31.9303,48.3143],[31.9392,48.3158],[31.9344,48.3341],[31.9443,48.336],[31.9347,48.3702],[31.9265,48.3717],[31.9201,48.4417],[31.8859,48.4389],[31.8824,48.4701],[31.8685,48.4773],[31.8534,48.476],[31.8558,48.4959],[31.8708,48.4955],[31.8714,48.5294],[31.9059,48.5423],[31.9567,48.5336],[31.9436,48.5429],[31.9428,48.5621],[31.9157,48.5794],[31.9502,48.5948],[31.9658,48.5973],[31.97,48.5888],[31.9792,48.5909],[31.9757,48.5978],[31.9862,48.5996],[31.9817,48.6087],[31.9713,48.6065],[31.9542,48.646],[31.9409,48.6541],[31.9576,48.6667],[31.9431,48.6948],[31.9514,48.6969],[31.9573,48.6888],[31.9744,48.6853],[32.0182,48.6922],[32.017,48.6997],[32.0738,48.7125],[32.055,48.7245],[32.0482,48.7378],[32.0578,48.7415],[32.0465,48.7445],[32.0164,48.799],[31.9028,48.8133],[31.9175,48.8242],[31.916,48.8355],[31.9262,48.8474],[31.9061,48.8762],[31.9123,48.8867],[31.9211,48.8801],[31.9532,48.9098],[31.9611,48.906],[31.9986,48.9165],[32.0059,48.9135],[32.0264,48.9307],[32.0489,48.9163],[32.0933,48.9189],[32.0858,48.9051],[32.097,48.9077],[32.0987,48.9029],[32.1052,48.9024],[32.1055,48.9111],[32.1458,48.9122],[32.1515,48.9166],[32.154,48.9446],[32.1306,48.9519],[32.1347,48.9661],[32.1782,48.9729],[32.1838,48.9965],[32.2175,48.9877],[32.2337,49.0594],[32.262,49.0587],[32.2599,49.0782],[32.2832,49.079],[32.2824,49.0848],[32.2973,49.0794],[32.298,49.0733],[32.3127,49.0747],[32.3144,49.0809],[32.3483,49.0791],[32.3529,49.0693],[32.3653,49.0718],[32.3753,49.0503],[32.3707,49.0387],[32.4012,49.0265],[32.4176,49.0279],[32.4427,49.0525],[32.4521,49.0387],[32.4745,49.0333],[32.4654,49.0318],[32.4757,49.0055],[32.5005,49.0144],[32.496,49.0004],[32.5145,48.9782],[32.5096,48.9602],[32.5215,48.9494],[32.5213,48.939],[32.5517,48.9418],[32.5404,48.9521],[32.5475,48.9587],[32.5389,48.9669],[32.578,48.9591],[32.5766,48.9517],[32.5823,48.9507],[32.6076,48.9645],[32.6114,48.9537],[32.6403,48.9579],[32.6424,48.9529],[32.6536,48.9535],[32.6797,48.9573],[32.6666,48.9766],[32.6753,48.9857],[32.6957,48.983],[32.6979,48.9744],[32.7303,48.9775],[32.7388,48.9434],[32.7532,48.9362],[32.7406,48.9359],[32.7414,48.9312],[32.7638,48.9323],[32.7738,48.9236],[32.7782,48.8909],[32.8085,48.8939],[32.8149,48.8861],[32.8298,48.8978],[32.8585,48.881],[32.8709,48.8836],[32.8884,48.8157],[32.8547,48.813],[32.8544,48.8077],[32.7925,48.8046],[32.8015,48.7281],[32.7798,48.7223],[32.783,48.7107],[32.8081,48.71],[32.8064,48.6915],[32.7643,48.6905],[32.7706,48.6697],[32.7578,48.6603],[32.7856,48.6415],[32.7938,48.6441],[32.7985,48.6228],[32.8173,48.6266],[32.8163,48.6223],[32.8351,48.6214],[32.8527,48.6318],[32.8566,48.6162],[32.8031,48.6135],[32.8006,48.6],[32.7773,48.6059],[32.7734,48.599],[32.7811,48.5961],[32.7739,48.5777],[32.7636,48.5774],[32.7649,48.5596],[32.7555,48.5578],[32.759,48.544],[32.7766,48.544],[32.7829,48.5138],[32.7702,48.5135],[32.7836,48.5009],[32.7751,48.4937],[32.7915,48.4619],[32.7839,48.4534],[32.8433,48.4319],[32.8496,48.4406],[32.8835,48.4472],[32.9179,48.4644],[32.9116,48.4739],[33.0172,48.4819],[33.0127,48.5045],[33.0466,48.5075],[33.0517,48.497],[33.0441,48.4963],[33.051,48.4619],[33.0911,48.4641],[33.0944,48.4468],[33.1034,48.4474],[33.1056,48.4356],[33.0782,48.4332],[33.0828,48.4039],[33.0738,48.4032],[33.0782,48.3812],[33.0694,48.3803],[33.0712,48.3703],[33.0417,48.3708],[33.0531,48.318],[33.1057,48.3228],[33.1106,48.2922],[33.1175,48.2928],[33.1206,48.2755],[33.1369,48.2782],[33.1424,48.2515],[33.1499,48.2522],[33.1541,48.2315],[33.1465,48.2308],[33.1563,48.1859],[33.1389,48.1825],[33.1455,48.1517],[33.1629,48.1534],[33.1656,48.1429],[33.1881,48.1453],[33.1855,48.1585],[33.2146,48.1614]]]}},{"type":"Feature","properties":{"k":"novoukrainskyi","o":"Кіровоградська"},"geometry":{"type":"Polygon","coordinates":[[[31.0908,48.224],[31.0869,48.2372],[31.1038,48.2394],[31.0907,48.2672],[31.1176,48.2701],[31.122,48.2826],[31.1326,48.2837],[31.1254,48.3023],[31.0209,48.2946],[31.0155,48.3133],[31.0354,48.3162],[31.0267,48.3202],[31.0202,48.3489],[31.0066,48.3474],[30.9991,48.3802],[30.9736,48.3769],[30.9697,48.3875],[30.9389,48.3829],[30.9343,48.3961],[30.9011,48.3896],[30.9032,48.3835],[30.8513,48.3765],[30.8413,48.3839],[30.8462,48.3931],[30.825,48.4133],[30.8413,48.4377],[30.8206,48.4419],[30.808,48.4532],[30.8267,48.4658],[30.8473,48.4641],[30.8822,48.4939],[30.8834,48.5218],[30.9309,48.5219],[30.9218,48.553],[30.9842,48.5544],[30.9829,48.6035],[31.0651,48.6048],[31.0999,48.6123],[31.1074,48.5916],[31.1347,48.5965],[31.1381,48.5912],[31.2004,48.6008],[31.1461,48.673],[31.1855,48.686],[31.1894,48.6923],[31.1787,48.6969],[31.2211,48.7122],[31.233,48.7144],[31.2451,48.6931],[31.2666,48.6958],[31.2528,48.7425],[31.2855,48.7584],[31.3094,48.7591],[31.3248,48.7355],[31.3191,48.731],[31.3309,48.7258],[31.3537,48.7275],[31.3519,48.7399],[31.3576,48.7418],[31.3714,48.7299],[31.3837,48.728],[31.3869,48.7426],[31.3991,48.747],[31.3929,48.7354],[31.4087,48.7428],[31.412,48.7565],[31.4191,48.7561],[31.4243,48.7431],[31.4361,48.7539],[31.4226,48.7636],[31.468,48.7885],[31.5282,48.8042],[31.5272,48.8162],[31.5589,48.8285],[31.5622,48.8347],[31.5546,48.8369],[31.5672,48.8572],[31.5594,48.863],[31.5819,48.8749],[31.5743,48.8808],[31.5795,48.8846],[31.5686,48.8915],[31.5771,48.8968],[31.5669,48.8999],[31.5817,48.9126],[31.5948,48.9061],[31.5794,48.8927],[31.5807,48.8877],[31.599,48.8927],[31.6022,48.9025],[31.6399,48.9079],[31.6405,48.9007],[31.6803,48.9018],[31.6895,48.8963],[31.6985,48.931],[31.7248,48.9339],[31.751,48.9261],[31.7954,48.9391],[31.8053,48.9496],[31.8219,48.9368],[31.8392,48.9356],[31.9182,48.9062],[31.9061,48.8762],[31.9262,48.8474],[31.916,48.8355],[31.9175,48.8242],[31.9028,48.8133],[32.0164,48.799],[32.0465,48.7445],[32.0578,48.7415],[32.0482,48.7378],[32.055,48.7245],[32.0738,48.7125],[32.017,48.6997],[32.0182,48.6922],[31.9744,48.6853],[31.9573,48.6888],[31.9514,48.6969],[31.9431,48.6948],[31.9576,48.6667],[31.9409,48.6541],[31.9542,48.646],[31.9713,48.6065],[31.9817,48.6087],[31.9862,48.5996],[31.9757,48.5978],[31.9792,48.5909],[31.97,48.5888],[31.9658,48.5973],[31.9502,48.5948],[31.9157,48.5794],[31.9428,48.5621],[31.9436,48.5429],[31.9567,48.5336],[31.9059,48.5423],[31.8714,48.5294],[31.8708,48.4955],[31.8558,48.4959],[31.8534,48.476],[31.8685,48.4773],[31.8824,48.4701],[31.8859,48.4389],[31.9201,48.4417],[31.9265,48.3717],[31.9347,48.3702],[31.9443,48.336],[31.9344,48.3341],[31.9392,48.3158],[31.9303,48.3143],[31.9333,48.2789],[31.9117,48.274],[31.923,48.2428],[31.9377,48.2204],[31.9446,48.2199],[31.9573,48.1906],[31.9442,48.1881],[31.9518,48.1632],[31.9701,48.1644],[31.9722,48.1536],[31.9916,48.1562],[31.9938,48.148],[32.0075,48.1497],[32.0108,48.1334],[32.0307,48.1339],[31.9834,48.1245],[31.9786,48.1247],[31.9748,48.1389],[31.9148,48.1379],[31.9158,48.1299],[31.8827,48.1257],[31.8864,48.1117],[31.8538,48.108],[31.8181,48.1151],[31.6943,48.0934],[31.6872,48.1164],[31.6829,48.1145],[31.6856,48.121],[31.6419,48.1149],[31.6336,48.1348],[31.5826,48.1288],[31.5839,48.1055],[31.5679,48.1026],[31.5694,48.0974],[31.5589,48.1103],[31.5405,48.1078],[31.551,48.0698],[31.5102,48.0688],[31.5075,48.0556],[31.4925,48.0507],[31.4882,48.0654],[31.47,48.064],[31.476,48.0828],[31.4985,48.0872],[31.4864,48.1296],[31.4179,48.1209],[31.4202,48.1117],[31.3955,48.1084],[31.3873,48.1314],[31.3679,48.1192],[31.3259,48.1133],[31.3208,48.1372],[31.2363,48.117],[31.2206,48.1707],[31.2013,48.1684],[31.1798,48.1809],[31.192,48.1941],[31.1639,48.2224],[31.1401,48.2207],[31.138,48.2293],[31.0908,48.224]]]}},{"type":"Feature","properties":{"k":"oleksandriiskyi","o":"Кіровоградська"},"geometry":{"type":"Polygon","coordinates":[[[33.8938,48.902],[33.8738,48.8407],[33.8622,48.8375],[33.8477,48.8026],[33.8508,48.7708],[33.8301,48.7689],[33.819,48.7761],[33.8113,48.8028],[33.7922,48.8005],[33.793,48.7942],[33.7722,48.7919],[33.7703,48.7992],[33.7253,48.7867],[33.7203,48.8098],[33.7142,48.8135],[33.6894,48.8081],[33.675,48.8152],[33.6567,48.7926],[33.6178,48.7876],[33.6164,48.7932],[33.604,48.7917],[33.6022,48.7986],[33.583,48.7968],[33.5873,48.7796],[33.5782,48.7788],[33.5852,48.7544],[33.5928,48.7481],[33.6075,48.7514],[33.6188,48.7276],[33.6493,48.7256],[33.6506,48.721],[33.6815,48.7232],[33.7307,48.6922],[33.7465,48.6934],[33.7504,48.6807],[33.8053,48.6868],[33.8021,48.6629],[33.7561,48.6572],[33.7632,48.6434],[33.7611,48.6244],[33.7004,48.6059],[33.6605,48.5857],[33.65,48.5999],[33.6092,48.5994],[33.6222,48.5659],[33.5902,48.5596],[33.5849,48.5764],[33.5096,48.5681],[33.5116,48.5589],[33.4817,48.5581],[33.4842,48.5478],[33.4724,48.545],[33.4799,48.536],[33.4697,48.5336],[33.4894,48.4403],[33.4863,48.4042],[33.495,48.4047],[33.4972,48.3937],[33.4714,48.3851],[33.4697,48.3708],[33.4757,48.3697],[33.4597,48.3576],[33.4617,48.3495],[33.4787,48.3493],[33.473,48.3261],[33.5056,48.3324],[33.5172,48.3283],[33.5101,48.2942],[33.5182,48.2848],[33.5137,48.2773],[33.5297,48.2758],[33.5462,48.2353],[33.5206,48.2211],[33.5124,48.2306],[33.5007,48.2319],[33.4982,48.217],[33.4844,48.2145],[33.4917,48.2076],[33.4974,48.2106],[33.4961,48.202],[33.4775,48.1997],[33.4789,48.1944],[33.4304,48.1887],[33.431,48.1702],[33.3155,48.1579],[33.3165,48.1522],[33.2908,48.15],[33.307,48.1278],[33.3165,48.1249],[33.3154,48.118],[33.3017,48.1187],[33.2934,48.1018],[33.277,48.1032],[33.2718,48.1537],[33.2475,48.1511],[33.243,48.1726],[33.2128,48.1699],[33.2146,48.1614],[33.1855,48.1585],[33.1881,48.1453],[33.1656,48.1429],[33.1629,48.1534],[33.1455,48.1517],[33.1389,48.1825],[33.1563,48.1859],[33.1465,48.2308],[33.1541,48.2315],[33.1499,48.2522],[33.1424,48.2515],[33.1369,48.2782],[33.1206,48.2755],[33.1175,48.2928],[33.1106,48.2922],[33.1057,48.3228],[33.0531,48.318],[33.0417,48.3708],[33.0712,48.3703],[33.0694,48.3803],[33.0782,48.3812],[33.0738,48.4032],[33.0828,48.4039],[33.0782,48.4332],[33.1056,48.4356],[33.1034,48.4474],[33.0944,48.4468],[33.0911,48.4641],[33.051,48.4619],[33.0441,48.4963],[33.0517,48.497],[33.0466,48.5075],[33.0127,48.5045],[33.0172,48.4819],[32.9116,48.4739],[32.9179,48.4644],[32.8835,48.4472],[32.8496,48.4406],[32.8433,48.4319],[32.7839,48.4534],[32.7915,48.4619],[32.7751,48.4937],[32.7836,48.5009],[32.7702,48.5135],[32.7829,48.5138],[32.7766,48.544],[32.759,48.544],[32.7555,48.5578],[32.7649,48.5596],[32.7636,48.5774],[32.7739,48.5777],[32.7811,48.5961],[32.7734,48.599],[32.7773,48.6059],[32.8006,48.6],[32.8031,48.6135],[32.8566,48.6162],[32.8527,48.6318],[32.8351,48.6214],[32.8163,48.6223],[32.8173,48.6266],[32.7985,48.6228],[32.7938,48.6441],[32.7856,48.6415],[32.7578,48.6603],[32.7706,48.6697],[32.7643,48.6905],[32.8064,48.6915],[32.8081,48.71],[32.783,48.7107],[32.7798,48.7223],[32.8015,48.7281],[32.7925,48.8046],[32.8544,48.8077],[32.8547,48.813],[32.8884,48.8157],[32.8709,48.8836],[32.8585,48.881],[32.8298,48.8978],[32.8149,48.8861],[32.8085,48.8939],[32.7782,48.8909],[32.7738,48.9236],[32.7638,48.9323],[32.7414,48.9312],[32.7406,48.9359],[32.7532,48.9362],[32.7388,48.9434],[32.7333,48.9648],[32.8452,48.9805],[32.8434,48.9903],[32.8738,48.9923],[32.8723,49.0001],[32.8489,49.0027],[32.8453,49.0123],[32.8287,49.0092],[32.8255,49.0155],[32.8388,49.0159],[32.8426,49.0282],[32.837,49.0279],[32.8292,49.0672],[32.8142,49.0738],[32.8905,49.096],[32.8892,49.1212],[32.775,49.1444],[32.7608,49.1547],[32.7574,49.1653],[32.8068,49.2101],[32.8469,49.2305],[32.8561,49.2462],[32.8893,49.2357],[32.926,49.2334],[32.9727,49.2449],[32.9879,49.2341],[32.9849,49.2091],[33.0177,49.1963],[33.0295,49.1848],[33.1077,49.1816],[33.1577,49.1306],[33.1508,49.1224],[33.1577,49.1119],[33.1561,49.0984],[33.1856,49.0972],[33.1979,49.0879],[33.19,49.0817],[33.2028,49.0729],[33.2237,49.0777],[33.2253,49.0848],[33.244,49.0787],[33.2485,49.0853],[33.248,49.1458],[33.2403,49.1667],[33.2619,49.1523],[33.2672,49.1334],[33.3042,49.1184],[33.2885,49.0971],[33.2622,49.0919],[33.3079,49.0782],[33.2983,49.0662],[33.3347,49.027],[33.297,49.0079],[33.3252,48.9613],[33.3139,48.9582],[33.3198,48.9485],[33.3527,48.9542],[33.3528,48.9484],[33.4016,48.9269],[33.3987,48.9522],[33.4071,48.9615],[33.4247,48.9553],[33.4156,48.9518],[33.4213,48.9489],[33.4316,48.9566],[33.4759,48.952],[33.4737,48.9137],[33.4856,48.9147],[33.4973,48.9266],[33.5369,48.9314],[33.5477,48.9126],[33.5751,48.9111],[33.5676,48.9189],[33.5892,48.9169],[33.6095,48.9385],[33.6007,48.9422],[33.6045,48.9467],[33.6353,48.9621],[33.6379,48.974],[33.6642,48.9785],[33.681,48.9568],[33.7095,48.9409],[33.7592,48.9454],[33.8107,48.9387],[33.8938,48.902]]]}},{"type":"Feature","properties":{"k":"alchevskyi","o":"Луганська"},"geometry":{"type":"Polygon","coordinates":[[[38.5876,48.2372],[38.5873,48.2577],[38.5591,48.2746],[38.4277,48.2779],[38.4245,48.2881],[38.4341,48.2973],[38.4267,48.3069],[38.4382,48.316],[38.4331,48.3406],[38.4653,48.3488],[38.4697,48.3599],[38.487,48.3619],[38.4728,48.367],[38.4672,48.379],[38.4476,48.3763],[38.4364,48.3962],[38.4395,48.4168],[38.4289,48.4652],[38.4526,48.4672],[38.4564,48.4851],[38.4684,48.4961],[38.4656,48.5002],[38.4817,48.524],[38.4716,48.5333],[38.4592,48.5296],[38.4446,48.57],[38.4043,48.5633],[38.397,48.5815],[38.4001,48.5991],[38.4134,48.5967],[38.4288,48.6037],[38.4502,48.6257],[38.4215,48.6349],[38.4273,48.6384],[38.421,48.641],[38.4694,48.6396],[38.4792,48.6531],[38.4668,48.6453],[38.4502,48.6496],[38.4173,48.642],[38.4149,48.6525],[38.4205,48.6564],[38.4063,48.6536],[38.396,48.66],[38.4185,48.6785],[38.446,48.6825],[38.4433,48.6899],[38.4597,48.688],[38.4539,48.6929],[38.4596,48.6974],[38.4955,48.6907],[38.4854,48.6829],[38.4699,48.6838],[38.4713,48.6774],[38.4869,48.6793],[38.4743,48.6752],[38.4783,48.6709],[38.5101,48.6835],[38.5274,48.674],[38.5518,48.673],[38.5485,48.6602],[38.5694,48.6645],[38.58,48.6781],[38.5644,48.6849],[38.5307,48.6863],[38.5248,48.7166],[38.5023,48.7181],[38.4977,48.7244],[38.516,48.7252],[38.5212,48.734],[38.5173,48.7495],[38.5084,48.7508],[38.5211,48.7648],[38.5192,48.773],[38.5064,48.7774],[38.5031,48.768],[38.4914,48.771],[38.4807,48.7773],[38.4797,48.7848],[38.5163,48.7843],[38.5268,48.7725],[38.558,48.7796],[38.5756,48.7683],[38.5739,48.7643],[38.5934,48.7584],[38.6085,48.7575],[38.6061,48.7614],[38.6167,48.7654],[38.6207,48.7608],[38.6267,48.7708],[38.6487,48.7675],[38.6461,48.757],[38.6577,48.7586],[38.6537,48.7543],[38.6599,48.7465],[38.6788,48.7526],[38.688,48.725],[38.6853,48.7166],[38.7565,48.7042],[38.8434,48.6714],[38.8647,48.6951],[38.8827,48.693],[38.9011,48.7513],[38.9178,48.7437],[38.9384,48.7473],[38.9337,48.7372],[38.9428,48.7347],[38.958,48.7354],[38.9601,48.7466],[38.9816,48.7446],[39.0007,48.7203],[38.9858,48.7117],[38.9991,48.712],[39.0018,48.6994],[39.0167,48.6953],[39.0161,48.6829],[39.029,48.6639],[39.0117,48.6598],[39.0429,48.6472],[39.0745,48.6514],[39.0694,48.6401],[39.072,48.6186],[39.0651,48.6096],[39.0865,48.6033],[39.0752,48.5873],[39.1155,48.5901],[39.1031,48.5804],[39.0959,48.5638],[39.1176,48.5631],[39.139,48.5537],[39.1283,48.5463],[39.0646,48.5425],[39.0859,48.5377],[39.0848,48.5314],[39.0683,48.525],[39.0642,48.5136],[39.0914,48.4899],[39.0944,48.4722],[39.0438,48.4721],[39.0473,48.4802],[39.0399,48.4817],[39.0466,48.4887],[39.0354,48.4907],[39.0249,48.4755],[39.0149,48.4809],[38.9935,48.4723],[39.0057,48.4674],[38.9576,48.4643],[38.9637,48.4334],[38.9555,48.4328],[38.9565,48.4156],[38.9413,48.4143],[38.9358,48.3974],[38.8921,48.393],[38.8925,48.3848],[38.8673,48.3823],[38.8679,48.3748],[38.8358,48.3721],[38.8362,48.358],[38.8122,48.3543],[38.8119,48.3389],[38.8014,48.3187],[38.8105,48.2975],[38.7618,48.2951],[38.7627,48.2903],[38.7105,48.2797],[38.5876,48.2372]],[[38.6246,48.7278],[38.6366,48.7224],[38.6369,48.7276],[38.6246,48.7278]],[[38.5922,48.7295],[38.5902,48.7317],[38.5765,48.7306],[38.5922,48.7295]],[[38.5493,48.727],[38.5648,48.7158],[38.5632,48.7106],[38.5842,48.7036],[38.5857,48.7098],[38.5727,48.7239],[38.5493,48.727]],[[38.4714,48.6585],[38.4953,48.6703],[38.5012,48.6666],[38.5109,48.6753],[38.4608,48.6638],[38.4714,48.6585]],[[38.4497,48.6562],[38.4583,48.6543],[38.4569,48.6583],[38.4497,48.6562]]]}},{"type":"Feature","properties":{"k":"dovzhanskyi","o":"Луганська"},"geometry":{"type":"MultiPolygon","coordinates":[[[[39.4775,47.8601],[39.4302,47.8565],[39.4261,47.8867],[39.4431,47.8888],[39.4443,47.8993],[39.5009,47.8969],[39.4373,47.9357],[39.3926,47.9715],[39.397,47.9717],[39.3888,47.9919],[39.3923,48.0124],[39.4162,48.0236],[39.4407,48.0262],[39.4473,48.0333],[39.4572,48.0305],[39.4631,48.0448],[39.4719,48.0473],[39.4444,48.0502],[39.4259,48.0672],[39.4256,48.1205],[39.4173,48.1262],[39.4233,48.1353],[39.3988,48.1281],[39.3767,48.1458],[39.3877,48.1615],[39.3861,48.1822],[39.4165,48.1749],[39.4306,48.2093],[39.4407,48.2145],[39.449,48.2029],[39.4627,48.2062],[39.4666,48.2005],[39.4755,48.2119],[39.4834,48.2105],[39.488,48.2205],[39.5058,48.2164],[39.5081,48.2239],[39.5388,48.2198],[39.5307,48.2065],[39.5698,48.2036],[39.5702,48.1909],[39.5815,48.1922],[39.5997,48.2154],[39.5965,48.2219],[39.604,48.2262],[39.6045,48.2374],[39.6144,48.2392],[39.6265,48.258],[39.6458,48.254],[39.6566,48.2654],[39.6342,48.2654],[39.6714,48.271],[39.6545,48.275],[39.6639,48.277],[39.6603,48.2878],[39.6653,48.2845],[39.6641,48.2889],[39.6802,48.2891],[39.6844,48.2949],[39.7057,48.2957],[39.7071,48.3065],[39.6873,48.318],[39.6879,48.3388],[39.6668,48.3386],[39.6637,48.3513],[39.655,48.3533],[39.6751,48.3607],[39.6957,48.3868],[39.6582,48.3742],[39.6319,48.3748],[39.6201,48.3846],[39.6038,48.4308],[39.6026,48.4532],[39.6121,48.4539],[39.613,48.4633],[39.6332,48.4653],[39.64,48.4776],[39.634,48.4862],[39.6419,48.4865],[39.641,48.4936],[39.6205,48.4925],[39.6069,48.569],[39.6218,48.5871],[39.6342,48.5812],[39.6729,48.5891],[39.7202,48.5848],[39.7473,48.5905],[39.7527,48.5819],[39.7899,48.5931],[39.8083,48.584],[39.8246,48.586],[39.8204,48.5788],[39.8422,48.5727],[39.8551,48.5606],[39.8553,48.5358],[39.8669,48.5072],[39.8475,48.5019],[39.8458,48.4747],[39.8558,48.4644],[39.8983,48.447],[39.889,48.4418],[39.8968,48.4281],[39.9119,48.4197],[39.9061,48.4037],[39.9185,48.3974],[39.906,48.3898],[39.9237,48.3752],[39.9419,48.3865],[39.9354,48.3615],[39.9473,48.3549],[39.939,48.348],[39.9187,48.3472],[39.9181,48.3414],[39.8452,48.3328],[39.8411,48.31],[39.8869,48.3088],[39.9155,48.2871],[39.9088,48.2805],[39.9149,48.2696],[39.9347,48.2791],[39.93,48.2828],[39.9483,48.2943],[39.9519,48.3035],[39.9699,48.2986],[39.9629,48.3029],[39.9719,48.3126],[39.9905,48.317],[39.9926,48.3007],[40.0203,48.2538],[40.007,48.2419],[40.0096,48.2258],[39.9409,48.2285],[39.9371,48.1806],[39.9097,48.1797],[39.9039,48.1437],[39.8708,48.1177],[39.8687,48.0792],[39.8328,48.0661],[39.8841,48.0477],[39.8815,48.0446],[39.7762,48.0397],[39.7902,48.0136],[39.8163,48.0012],[39.8149,47.9857],[39.8228,47.9827],[39.8168,47.9633],[39.8246,47.9552],[39.8059,47.9505],[39.806,47.9374],[39.7936,47.9191],[39.7937,47.8693],[39.7626,47.8708],[39.7633,47.8463],[39.7562,47.8466],[39.7382,47.8277],[39.6266,47.839],[39.5661,47.8363],[39.5422,47.8254],[39.5344,47.8324],[39.5199,47.825],[39.4775,47.8601]],[[39.5998,48.2033],[39.6033,48.2066],[39.6155,48.2055],[39.6029,48.2132],[39.5998,48.2033]]],[[[39.6053,48.3144],[39.606,48.321],[39.6227,48.3207],[39.6326,48.3061],[39.6053,48.3144]]],[[[39.5838,48.303],[39.568,48.2988],[39.579,48.2784],[39.5703,48.277],[39.5649,48.28],[39.5644,48.2945],[39.5372,48.3036],[39.5288,48.2976],[39.5223,48.3085],[39.5664,48.3206],[39.5853,48.3171],[39.5838,48.303]]],[[[39.4089,48.0639],[39.4234,48.0531],[39.4105,48.053],[39.4124,48.0361],[39.3989,48.0228],[39.3782,48.0335],[39.3853,48.058],[39.4089,48.0639]]]]}},{"type":"Feature","properties":{"k":"luhanskyi","o":"Луганська"},"geometry":{"type":"MultiPolygon","coordinates":[[[[38.9283,48.3967],[38.9358,48.3974],[38.9413,48.4143],[38.9565,48.4156],[38.9555,48.4328],[38.9637,48.4334],[38.964,48.4396],[38.9576,48.4643],[39.0057,48.4674],[38.9935,48.4723],[39.0149,48.4809],[39.0249,48.4755],[39.0354,48.4907],[39.0466,48.4887],[39.0399,48.4817],[39.0473,48.4802],[39.0438,48.4721],[39.0944,48.4722],[39.0914,48.4899],[39.0642,48.5136],[39.0683,48.525],[39.0848,48.5314],[39.0859,48.5377],[39.0646,48.5425],[39.1283,48.5463],[39.139,48.5537],[39.1176,48.5631],[39.0959,48.5638],[39.1031,48.5804],[39.1155,48.5901],[39.0752,48.5873],[39.0865,48.6033],[39.0651,48.6096],[39.072,48.6186],[39.0694,48.6401],[39.0745,48.6514],[39.1032,48.6505],[39.1232,48.6605],[39.1406,48.6604],[39.1474,48.6755],[39.1773,48.684],[39.1958,48.7073],[39.2062,48.6994],[39.2302,48.7116],[39.2477,48.7127],[39.2573,48.7328],[39.2552,48.7427],[39.2689,48.743],[39.2731,48.7545],[39.2859,48.7499],[39.3085,48.7736],[39.3252,48.7769],[39.3285,48.7684],[39.3554,48.7676],[39.3446,48.7578],[39.3601,48.7362],[39.3552,48.7267],[39.3751,48.7188],[39.3485,48.7122],[39.3564,48.699],[39.4134,48.6705],[39.4103,48.6587],[39.4517,48.6561],[39.4525,48.6423],[39.4682,48.6379],[39.4676,48.6284],[39.5159,48.634],[39.5132,48.6223],[39.5276,48.613],[39.5247,48.6014],[39.5349,48.5955],[39.5285,48.5899],[39.5314,48.5853],[39.5456,48.5851],[39.5491,48.5951],[39.5586,48.599],[39.5688,48.5919],[39.5643,48.5844],[39.5698,48.5821],[39.5928,48.5927],[39.6067,48.5867],[39.5961,48.5774],[39.6077,48.5739],[39.6205,48.4925],[39.641,48.4936],[39.6419,48.4865],[39.634,48.4862],[39.64,48.4776],[39.6332,48.4653],[39.613,48.4633],[39.6121,48.4539],[39.6026,48.4532],[39.6101,48.4107],[39.6201,48.3846],[39.6319,48.3748],[39.6582,48.3742],[39.6957,48.3868],[39.6751,48.3607],[39.655,48.3533],[39.6637,48.3513],[39.6668,48.3386],[39.6879,48.3388],[39.6873,48.318],[39.7071,48.3065],[39.7057,48.2957],[39.6575,48.2852],[39.6639,48.277],[39.6555,48.2736],[39.6714,48.271],[39.6342,48.2654],[39.6566,48.2654],[39.6458,48.254],[39.6265,48.258],[39.6144,48.2392],[39.6045,48.2374],[39.604,48.2262],[39.5965,48.2219],[39.5997,48.2154],[39.5815,48.1922],[39.5702,48.1909],[39.5698,48.2036],[39.5307,48.2065],[39.5388,48.2198],[39.5081,48.2239],[39.5058,48.2164],[39.488,48.2205],[39.4834,48.2105],[39.4755,48.2119],[39.4666,48.2005],[39.4627,48.2062],[39.449,48.2029],[39.4407,48.2145],[39.4306,48.2093],[39.4165,48.1749],[39.3927,48.1804],[39.3796,48.1941],[39.3588,48.2002],[39.366,48.2204],[39.3752,48.2253],[39.3642,48.2351],[39.3253,48.2349],[39.3261,48.2297],[39.3097,48.2181],[39.2677,48.2135],[39.2074,48.2284],[39.1486,48.2923],[39.0843,48.2863],[39.0525,48.2908],[39.0445,48.3534],[39.0013,48.3533],[39.0024,48.3699],[38.9611,48.3743],[38.9563,48.3711],[38.9597,48.3636],[38.9475,48.3583],[38.9167,48.3601],[38.9168,48.3865],[38.9275,48.386],[38.9283,48.3967]],[[39.606,48.321],[39.6097,48.311],[39.6326,48.3061],[39.6227,48.3207],[39.606,48.321]],[[39.5838,48.303],[39.5853,48.3171],[39.5664,48.3206],[39.5223,48.3085],[39.5288,48.2976],[39.5372,48.3036],[39.5644,48.2945],[39.5649,48.28],[39.5703,48.277],[39.579,48.2784],[39.568,48.2988],[39.5838,48.303]]],[[[39.5998,48.2033],[39.6029,48.2132],[39.6155,48.2055],[39.6033,48.2066],[39.5998,48.2033]]]]}},{"type":"Feature","properties":{"k":"rovenkivskyi","o":"Луганська"},"geometry":{"type":"Polygon","coordinates":[[[39.0744,47.8695],[39.0656,47.8956],[39.0909,47.9405],[39.0835,47.9406],[39.0733,47.953],[39.0572,47.9464],[39.0502,47.9505],[39.0528,47.9545],[39.0386,47.956],[39.044,47.9869],[39.0399,48.0064],[38.8375,48.0132],[38.8213,48.036],[38.8254,48.0382],[38.8128,48.048],[38.8299,48.0636],[38.8254,48.0662],[38.8288,48.0774],[38.8178,48.0653],[38.7983,48.0738],[38.8174,48.0842],[38.8067,48.0886],[38.8194,48.1158],[38.7812,48.1247],[38.7802,48.1303],[38.7735,48.1265],[38.7657,48.1326],[38.69,48.1457],[38.6941,48.1591],[38.6374,48.1613],[38.6017,48.1727],[38.597,48.1805],[38.6104,48.1898],[38.6137,48.2037],[38.5952,48.2173],[38.5876,48.2372],[38.7105,48.2797],[38.7627,48.2903],[38.7618,48.2951],[38.8105,48.2975],[38.8014,48.3187],[38.8119,48.3389],[38.8122,48.3543],[38.8362,48.358],[38.8358,48.3721],[38.8679,48.3748],[38.8673,48.3823],[38.8925,48.3848],[38.8921,48.393],[38.9283,48.3967],[38.9275,48.386],[38.9168,48.3865],[38.9167,48.3601],[38.9475,48.3583],[38.9597,48.3636],[38.9563,48.3711],[38.9611,48.3743],[39.0024,48.3699],[39.0013,48.3533],[39.0445,48.3534],[39.0525,48.2908],[39.0843,48.2863],[39.1486,48.2923],[39.2074,48.2284],[39.2677,48.2135],[39.3097,48.2181],[39.3261,48.2297],[39.3253,48.2349],[39.3747,48.2309],[39.3588,48.2002],[39.3796,48.1941],[39.3885,48.1827],[39.3877,48.1615],[39.3767,48.1458],[39.3988,48.1281],[39.4233,48.1353],[39.4173,48.1262],[39.4256,48.1205],[39.4259,48.0672],[39.4444,48.0502],[39.4719,48.0473],[39.4631,48.0448],[39.4572,48.0305],[39.4473,48.0333],[39.4407,48.0262],[39.4162,48.0236],[39.3923,48.0124],[39.3888,47.9919],[39.397,47.9717],[39.3926,47.9715],[39.4373,47.9357],[39.5009,47.8969],[39.4443,47.8993],[39.4431,47.8888],[39.4261,47.8867],[39.4302,47.8565],[39.4416,47.8547],[39.4321,47.838],[39.4137,47.8309],[39.387,47.8707],[39.242,47.8667],[39.2345,47.8538],[39.1808,47.8535],[39.1714,47.8463],[39.1501,47.8516],[39.1498,47.8425],[39.1096,47.8426],[39.1095,47.8517],[39.0829,47.8517],[39.0829,47.8696],[39.0744,47.8695]],[[39.4234,48.0531],[39.4089,48.0639],[39.3853,48.058],[39.3782,48.0335],[39.3989,48.0228],[39.4124,48.0361],[39.4105,48.053],[39.4234,48.0531]]]}},{"type":"Feature","properties":{"k":"svativskyi","o":"Луганська"},"geometry":{"type":"Polygon","coordinates":[[[38.0432,49.1503],[38.0398,49.1268],[37.9808,49.1307],[37.9586,49.1361],[37.9558,49.1426],[37.9426,49.1392],[37.9242,49.1445],[37.8927,49.1606],[37.9025,49.1668],[37.8933,49.175],[37.9351,49.1917],[37.9075,49.214],[37.8897,49.2118],[37.8898,49.2188],[37.8793,49.2215],[37.8662,49.2464],[37.9115,49.2597],[37.8989,49.2703],[37.9138,49.2777],[37.9584,49.2852],[37.9459,49.3037],[37.8837,49.3129],[37.8772,49.3288],[37.8863,49.3417],[37.8961,49.4032],[37.8784,49.4134],[37.8758,49.4467],[37.8439,49.4452],[37.8509,49.4877],[37.837,49.4925],[37.8441,49.5001],[37.8468,49.5206],[37.8856,49.5188],[37.9256,49.5416],[37.9272,49.548],[37.8863,49.5492],[37.9011,49.5738],[37.9527,49.5684],[37.9343,49.5897],[37.942,49.5938],[37.9443,49.6113],[37.9749,49.6116],[37.9806,49.626],[37.9957,49.6284],[37.9873,49.6416],[37.9949,49.647],[38.0458,49.6576],[38.0277,49.6622],[38.0308,49.668],[38.0113,49.6774],[38.0136,49.6954],[37.9989,49.7002],[38.0176,49.7059],[38.017,49.7128],[37.9907,49.7157],[37.9747,49.7085],[37.9514,49.7312],[37.9766,49.7676],[37.9823,49.7571],[37.9986,49.7533],[38.0368,49.7831],[38.0528,49.7835],[38.0551,49.7915],[38.0096,49.8128],[38.0178,49.8372],[38.0741,49.8362],[38.0937,49.846],[38.0328,49.9004],[38.0455,49.9147],[38.0565,49.9232],[38.1247,49.9424],[38.1273,49.9222],[38.171,49.9417],[38.1625,49.9511],[38.1979,49.9621],[38.1958,49.9693],[38.2175,49.9791],[38.2169,49.9867],[38.1859,50.0226],[38.1878,50.0398],[38.1785,50.0799],[38.2557,50.0724],[38.275,50.0734],[38.3007,50.0868],[38.3297,50.0853],[38.3332,50.0583],[38.3511,50.0356],[38.35,50.0065],[38.4166,49.9811],[38.4338,50.0001],[38.4686,49.9951],[38.465,49.9833],[38.4783,49.9833],[38.4885,49.9635],[38.5272,49.9584],[38.5844,49.9774],[38.6161,49.9746],[38.6469,49.9559],[38.6674,49.972],[38.6805,49.9745],[38.677,49.9944],[38.68,50.006],[38.686,50.0077],[38.7177,49.9839],[38.6859,49.962],[38.6939,49.9347],[38.7236,49.9272],[38.7349,49.9041],[38.7446,49.8972],[38.7685,49.8959],[38.7907,49.8781],[38.7955,49.8833],[38.825,49.8787],[38.8439,49.8651],[38.8962,49.8705],[38.9183,49.8585],[38.9043,49.8488],[38.9121,49.8437],[38.9139,49.8306],[38.9066,49.8267],[38.9121,49.8182],[38.889,49.8188],[38.8404,49.7946],[38.8383,49.7848],[38.7953,49.7779],[38.8004,49.7624],[38.787,49.7554],[38.7919,49.7477],[38.777,49.7135],[38.816,49.7066],[38.8221,49.7176],[38.8402,49.7135],[38.8466,49.7248],[38.8649,49.7243],[38.8739,49.7175],[38.8871,49.7193],[38.8907,49.7257],[38.9213,49.6988],[38.94,49.6918],[38.9409,49.6841],[38.9559,49.6792],[38.9492,49.6577],[38.9334,49.6536],[38.9457,49.653],[38.9463,49.6409],[38.93,49.6396],[38.9473,49.6238],[38.9099,49.6236],[38.8963,49.5849],[38.8988,49.5572],[38.9178,49.5326],[38.9183,49.5056],[38.8999,49.4909],[38.9016,49.4706],[38.8837,49.4529],[38.8701,49.4487],[38.8637,49.4276],[38.8962,49.4134],[38.9043,49.3971],[38.8923,49.3976],[38.8912,49.3779],[38.8207,49.3729],[38.767,49.3533],[38.711,49.3692],[38.6923,49.3625],[38.6733,49.3797],[38.6724,49.3938],[38.6833,49.3949],[38.6713,49.4274],[38.6371,49.435],[38.6273,49.4262],[38.6112,49.4273],[38.6084,49.418],[38.5871,49.4111],[38.5845,49.4005],[38.5899,49.396],[38.6197,49.3892],[38.6254,49.3567],[38.6065,49.3409],[38.5854,49.3424],[38.575,49.3118],[38.5607,49.2928],[38.551,49.2903],[38.5519,49.2796],[38.5382,49.2784],[38.5356,49.2852],[38.477,49.2831],[38.4773,49.2984],[38.4422,49.2971],[38.441,49.3077],[38.4235,49.3003],[38.4276,49.289],[38.4136,49.2757],[38.3603,49.262],[38.3645,49.2524],[38.3555,49.2516],[38.356,49.2072],[38.4073,49.2112],[38.4082,49.2052],[38.3859,49.2001],[38.3942,49.2002],[38.3958,49.1898],[38.3573,49.1832],[38.3108,49.1807],[38.3076,49.1863],[38.2358,49.1804],[38.2283,49.1701],[38.2229,49.1712],[38.2198,49.1591],[38.2262,49.1845],[38.1955,49.1751],[38.1459,49.1974],[38.1103,49.1947],[38.0947,49.1927],[38.1025,49.1786],[38.0544,49.1782],[38.0511,49.1674],[38.0314,49.1512],[38.0432,49.1503]]]}},{"type":"Feature","properties":{"k":"sievierodonetskyi","o":"Луганська"},"geometry":{"type":"MultiPolygon","coordinates":[[[[38.403,48.4344],[38.3795,48.4303],[38.3697,48.443],[38.3409,48.4373],[38.3111,48.4556],[38.3185,48.4646],[38.2886,48.4761],[38.3055,48.4752],[38.2975,48.4952],[38.3121,48.4983],[38.3188,48.5092],[38.2739,48.5454],[38.2791,48.5459],[38.2624,48.6424],[38.2335,48.6399],[38.2313,48.6531],[38.2594,48.6584],[38.258,48.668],[38.2859,48.6712],[38.285,48.682],[38.3131,48.684],[38.3089,48.6893],[38.3144,48.7043],[38.3036,48.7121],[38.3251,48.7142],[38.3199,48.7334],[38.2833,48.7373],[38.2632,48.7502],[38.2756,48.7727],[38.2832,48.7733],[38.2789,48.8034],[38.2895,48.812],[38.3165,48.8139],[38.3137,48.8284],[38.2723,48.8249],[38.2599,48.8427],[38.2213,48.8394],[38.2292,48.8588],[38.2238,48.9348],[38.1962,48.9279],[38.1425,48.9329],[38.1331,48.9237],[38.0042,48.9459],[38.0294,48.9746],[38.0537,48.9652],[38.0577,48.9758],[38.0524,48.9857],[38.0987,48.9924],[38.0728,49.0395],[38.0526,49.0594],[38.0621,49.0634],[38.0676,49.0961],[38.0839,49.1353],[38.0815,49.1482],[38.0314,49.1512],[38.0511,49.1674],[38.0544,49.1782],[38.1025,49.1786],[38.0947,49.1927],[38.1459,49.1974],[38.1955,49.1751],[38.2262,49.1845],[38.2198,49.1591],[38.2229,49.1712],[38.2283,49.1701],[38.2358,49.1804],[38.3076,49.1863],[38.3108,49.1807],[38.3573,49.1832],[38.3958,49.1898],[38.3942,49.2002],[38.3859,49.2001],[38.4082,49.2052],[38.4073,49.2112],[38.356,49.2072],[38.3555,49.2516],[38.3645,49.2524],[38.3603,49.262],[38.3961,49.2677],[38.4246,49.2825],[38.4235,49.3003],[38.441,49.3077],[38.4422,49.2971],[38.4773,49.2984],[38.4758,49.271],[38.4854,49.2702],[38.4862,49.2592],[38.4755,49.2466],[38.5132,49.2225],[38.5148,49.2144],[38.5042,49.2026],[38.5257,49.1975],[38.521,49.2048],[38.5425,49.2061],[38.5471,49.1985],[38.6256,49.1968],[38.6266,49.1868],[38.6135,49.1745],[38.6523,49.1757],[38.6672,49.1639],[38.689,49.1608],[38.6902,49.1049],[38.6968,49.09],[38.7193,49.0915],[38.7224,49.0677],[38.6925,49.0662],[38.6908,49.0456],[38.7022,49.0527],[38.7243,49.0438],[38.749,49.0498],[38.7466,49.0571],[38.818,49.0548],[38.8212,49.0193],[38.8131,49.0193],[38.8134,49.0125],[38.8011,49.0128],[38.8012,49.0064],[38.8211,49.0065],[38.8228,48.9736],[38.7727,48.9339],[38.762,48.9391],[38.7533,48.9346],[38.7653,48.9272],[38.6974,48.8831],[38.7214,48.873],[38.6833,48.8586],[38.6594,48.8569],[38.6637,48.849],[38.6952,48.8363],[38.696,48.8296],[38.6934,48.8218],[38.6723,48.8249],[38.6771,48.8142],[38.6627,48.8106],[38.6944,48.7994],[38.6667,48.7858],[38.6581,48.7702],[38.697,48.7591],[38.7385,48.7667],[38.7577,48.7635],[38.7647,48.77],[38.7884,48.7654],[38.7901,48.7576],[38.8015,48.7601],[38.7985,48.7523],[38.9011,48.7513],[38.897,48.7453],[38.9013,48.7397],[38.8827,48.693],[38.8647,48.6951],[38.8434,48.6714],[38.7565,48.7042],[38.6853,48.7166],[38.688,48.725],[38.6788,48.7526],[38.6599,48.7465],[38.6537,48.7543],[38.6577,48.7586],[38.6461,48.757],[38.6487,48.7675],[38.6267,48.7708],[38.6207,48.7608],[38.6167,48.7654],[38.6061,48.7614],[38.6085,48.7575],[38.5934,48.7584],[38.5739,48.7643],[38.5756,48.7683],[38.558,48.7796],[38.5268,48.7725],[38.5163,48.7843],[38.4797,48.7848],[38.4807,48.7773],[38.4914,48.771],[38.5031,48.768],[38.5064,48.7774],[38.5192,48.773],[38.5211,48.7648],[38.5084,48.7508],[38.5173,48.7495],[38.5212,48.734],[38.516,48.7252],[38.4977,48.7244],[38.5023,48.7181],[38.5248,48.7166],[38.5307,48.6863],[38.5644,48.6849],[38.58,48.6781],[38.5694,48.6645],[38.5485,48.6602],[38.5518,48.673],[38.5274,48.674],[38.5101,48.6835],[38.4783,48.6709],[38.4743,48.6752],[38.4869,48.6793],[38.4713,48.6774],[38.4699,48.6838],[38.4854,48.6829],[38.4955,48.6907],[38.4596,48.6974],[38.4539,48.6929],[38.4597,48.688],[38.4433,48.6899],[38.446,48.6825],[38.4185,48.6785],[38.396,48.66],[38.4063,48.6536],[38.4205,48.6564],[38.4149,48.6525],[38.4173,48.642],[38.4502,48.6496],[38.4668,48.6453],[38.4789,48.6554],[38.4694,48.6396],[38.421,48.641],[38.4273,48.6384],[38.4215,48.6349],[38.4502,48.6257],[38.4288,48.6037],[38.4134,48.5967],[38.4001,48.5991],[38.397,48.5815],[38.4043,48.5633],[38.4446,48.57],[38.4592,48.5296],[38.4716,48.5333],[38.4817,48.524],[38.4656,48.5002],[38.4684,48.4961],[38.4564,48.4851],[38.4526,48.4672],[38.4289,48.4652],[38.4331,48.4474],[38.4008,48.4397],[38.403,48.4344]]],[[[38.6366,48.7224],[38.6246,48.7278],[38.6369,48.7276],[38.6366,48.7224]]],[[[38.5765,48.7306],[38.5922,48.7295],[38.5774,48.7298],[38.5765,48.7306]]],[[[38.5493,48.727],[38.5727,48.7239],[38.5857,48.7098],[38.5842,48.7036],[38.5632,48.7106],[38.5648,48.7158],[38.5493,48.727]]],[[[38.4953,48.6703],[38.4714,48.6585],[38.4608,48.6638],[38.5109,48.6753],[38.5012,48.6666],[38.4953,48.6703]]],[[[38.4583,48.6543],[38.4497,48.6562],[38.4569,48.6583],[38.4583,48.6543]]]]}},{"type":"Feature","properties":{"k":"starobilskyi","o":"Луганська"},"geometry":{"type":"Polygon","coordinates":[[[38.477,49.2831],[38.5356,49.2852],[38.5382,49.2784],[38.5519,49.2796],[38.551,49.2903],[38.5607,49.2928],[38.575,49.3118],[38.5854,49.3424],[38.6065,49.3409],[38.6254,49.3567],[38.6197,49.3892],[38.5899,49.396],[38.5845,49.4005],[38.5871,49.4111],[38.6084,49.418],[38.6112,49.4273],[38.6273,49.4262],[38.6371,49.435],[38.6713,49.4274],[38.6833,49.3949],[38.6724,49.3938],[38.6733,49.3797],[38.6923,49.3625],[38.711,49.3692],[38.767,49.3533],[38.8207,49.3729],[38.8912,49.3779],[38.8923,49.3976],[38.9043,49.3971],[38.8962,49.4134],[38.8637,49.4276],[38.8701,49.4487],[38.8837,49.4529],[38.9016,49.4706],[38.8999,49.4909],[38.9183,49.5056],[38.9178,49.5326],[38.8988,49.5572],[38.8963,49.5849],[38.9099,49.6236],[38.9473,49.6238],[38.93,49.6396],[38.9463,49.6409],[38.9457,49.653],[38.9334,49.6536],[38.9492,49.6577],[38.9559,49.6792],[38.9409,49.6841],[38.94,49.6918],[38.9213,49.6988],[38.8907,49.7257],[38.8871,49.7193],[38.8739,49.7175],[38.8649,49.7243],[38.8466,49.7248],[38.8402,49.7135],[38.8221,49.7176],[38.816,49.7066],[38.777,49.7135],[38.7919,49.7477],[38.787,49.7554],[38.8004,49.7624],[38.7953,49.7779],[38.8383,49.7848],[38.8404,49.7946],[38.889,49.8188],[38.9121,49.8182],[38.93,49.7969],[38.9393,49.8007],[38.9489,49.7961],[39.0216,49.8214],[39.0667,49.8155],[39.1098,49.8373],[39.1307,49.8614],[39.1798,49.8886],[39.2263,49.8399],[39.2272,49.8082],[39.2504,49.7773],[39.2735,49.768],[39.2851,49.7554],[39.3785,49.7386],[39.4426,49.76],[39.5384,49.7402],[39.6099,49.7335],[39.5913,49.7189],[39.6134,49.691],[39.6384,49.6346],[39.6589,49.6153],[39.749,49.5976],[39.8076,49.5566],[39.8384,49.5635],[39.8919,49.5586],[39.9348,49.5732],[39.9519,49.5969],[40.0571,49.6067],[40.065,49.5989],[40.1356,49.6165],[40.1392,49.5955],[40.1689,49.5689],[40.0385,49.52],[40.0418,49.4993],[40.0294,49.4533],[40.0575,49.4383],[40.079,49.4102],[40.0962,49.3985],[40.1559,49.373],[40.1946,49.3468],[40.1944,49.33],[40.1829,49.3027],[40.1856,49.2847],[40.2279,49.2606],[40.2084,49.2421],[40.1368,49.2394],[40.0774,49.1869],[40.0309,49.1794],[39.9727,49.1248],[39.9386,49.0829],[39.9424,49.0705],[39.9378,49.0564],[39.8802,49.0642],[39.8089,49.0608],[39.7662,49.0401],[39.6936,49.0504],[39.6717,49.0406],[39.685,49.0343],[39.6728,49.0169],[39.6784,49.0132],[39.6636,49.0009],[39.6759,48.99],[39.6495,48.9828],[39.626,49.0041],[39.5858,48.977],[39.5355,48.9919],[39.5342,49.0156],[39.501,49.0728],[39.4959,49.0727],[39.5049,49.0888],[39.4666,49.0868],[39.4631,49.1052],[39.4463,49.1057],[39.4518,49.0942],[39.4332,49.0772],[39.4475,49.0738],[39.4465,49.064],[39.4297,49.0555],[39.3059,49.0997],[39.2743,49.0886],[39.2443,49.0939],[39.2256,49.1092],[39.247,49.1203],[39.242,49.1269],[39.189,49.1169],[39.1432,49.128],[39.1386,49.0977],[38.8787,49.1214],[38.8157,49.0939],[38.818,49.0548],[38.7466,49.0571],[38.749,49.0498],[38.7243,49.0438],[38.7022,49.0527],[38.6908,49.0456],[38.6925,49.0662],[38.7224,49.0677],[38.7193,49.0915],[38.6968,49.09],[38.6902,49.1049],[38.689,49.1608],[38.6672,49.1639],[38.6523,49.1757],[38.6135,49.1745],[38.6266,49.1868],[38.6256,49.1968],[38.5471,49.1985],[38.5425,49.2061],[38.521,49.2048],[38.5257,49.1975],[38.5042,49.2026],[38.5148,49.2144],[38.5132,49.2225],[38.4755,49.2466],[38.4862,49.2592],[38.4854,49.2702],[38.4758,49.271],[38.477,49.2831]]]}},{"type":"Feature","properties":{"k":"shchastynskyi","o":"Луганська"},"geometry":{"type":"Polygon","coordinates":[[[39.1032,48.6505],[39.0429,48.6472],[39.0117,48.6598],[39.029,48.6639],[39.0161,48.6829],[39.0167,48.6953],[39.0018,48.6994],[38.9991,48.712],[38.9858,48.7117],[39.0007,48.7203],[38.9816,48.7446],[38.9601,48.7466],[38.958,48.7354],[38.9428,48.7347],[38.9337,48.7372],[38.9384,48.7473],[38.9178,48.7437],[38.877,48.7532],[38.7985,48.7523],[38.8015,48.7601],[38.7901,48.7576],[38.7884,48.7654],[38.7647,48.77],[38.7577,48.7635],[38.7385,48.7667],[38.697,48.7591],[38.6581,48.7702],[38.6667,48.7858],[38.6944,48.7994],[38.6627,48.8106],[38.6771,48.8142],[38.6723,48.8249],[38.6934,48.8218],[38.696,48.8296],[38.6952,48.8363],[38.6637,48.849],[38.6594,48.8569],[38.6833,48.8586],[38.7214,48.873],[38.6974,48.8831],[38.7653,48.9272],[38.7533,48.9346],[38.762,48.9391],[38.7727,48.9339],[38.8228,48.9736],[38.8211,49.0065],[38.8012,49.0064],[38.8011,49.0128],[38.8134,49.0125],[38.8131,49.0193],[38.8212,49.0193],[38.8157,49.0939],[38.8787,49.1214],[39.1386,49.0977],[39.1432,49.128],[39.189,49.1169],[39.242,49.1269],[39.247,49.1203],[39.2256,49.1092],[39.2443,49.0939],[39.2743,49.0886],[39.3059,49.0997],[39.4297,49.0555],[39.4465,49.064],[39.4475,49.0738],[39.4332,49.0772],[39.4518,49.0942],[39.4463,49.1057],[39.4631,49.1052],[39.4666,49.0868],[39.5049,49.0888],[39.4959,49.0727],[39.501,49.0728],[39.5342,49.0156],[39.5355,48.9919],[39.5858,48.977],[39.626,49.0041],[39.6495,48.9828],[39.7,49.0007],[39.7269,48.9755],[39.7521,48.9863],[39.7485,48.9787],[39.7584,48.9754],[39.757,48.9674],[39.7636,48.9678],[39.7627,48.9612],[39.7775,48.955],[39.7768,48.9452],[39.7904,48.9387],[39.7808,48.935],[39.7753,48.922],[39.7938,48.9108],[39.8043,48.9146],[39.8188,48.9078],[39.8183,48.8959],[39.8271,48.8863],[39.838,48.903],[39.8455,48.9028],[39.8531,48.8906],[39.9251,48.8956],[39.9557,48.8733],[39.9932,48.8681],[40.004,48.9012],[40.0152,48.902],[40.0352,48.9158],[40.06,48.9089],[40.0697,48.8794],[40.079,48.8698],[39.976,48.7932],[39.9479,48.7961],[39.8856,48.8211],[39.828,48.8314],[39.8048,48.8435],[39.7967,48.8402],[39.7913,48.8288],[39.7977,48.8248],[39.7855,48.8243],[39.7869,48.8176],[39.7798,48.8119],[39.7837,48.7917],[39.7624,48.7726],[39.768,48.7657],[39.7438,48.7706],[39.7368,48.7642],[39.7393,48.7435],[39.725,48.7402],[39.7234,48.7255],[39.7161,48.7278],[39.7041,48.7204],[39.7121,48.7153],[39.7048,48.706],[39.7179,48.7025],[39.7167,48.6898],[39.7231,48.6835],[39.7017,48.6696],[39.7113,48.6672],[39.7104,48.6547],[39.6936,48.6492],[39.6937,48.6367],[39.6698,48.623],[39.6605,48.6088],[39.671,48.604],[39.6692,48.5961],[39.6801,48.597],[39.6766,48.5906],[39.6912,48.5863],[39.6729,48.5891],[39.6342,48.5812],[39.6218,48.5871],[39.6077,48.5739],[39.5961,48.5774],[39.6067,48.5867],[39.6019,48.5925],[39.5698,48.5821],[39.5643,48.5844],[39.5688,48.5919],[39.5586,48.599],[39.5491,48.5951],[39.5456,48.5851],[39.5314,48.5853],[39.5285,48.5899],[39.5349,48.5955],[39.5247,48.6014],[39.5276,48.613],[39.5132,48.6223],[39.5159,48.634],[39.4676,48.6284],[39.4682,48.6379],[39.4525,48.6423],[39.4517,48.6561],[39.4103,48.6587],[39.4134,48.6705],[39.3564,48.699],[39.3485,48.7122],[39.3751,48.7188],[39.3552,48.7267],[39.3601,48.7362],[39.3446,48.7578],[39.3554,48.7676],[39.3285,48.7684],[39.3252,48.7769],[39.3085,48.7736],[39.2859,48.7499],[39.2731,48.7545],[39.2689,48.743],[39.2552,48.7427],[39.2573,48.7328],[39.2477,48.7127],[39.2302,48.7116],[39.2062,48.6994],[39.1958,48.7073],[39.1773,48.684],[39.1474,48.6755],[39.1406,48.6604],[39.1232,48.6605],[39.1032,48.6505]]]}},{"type":"Feature","properties":{"k":"drohobytskyi","o":"Львівська"},"geometry":{"type":"Polygon","coordinates":[[[23.6382,49.5318],[23.6644,49.517],[23.7131,49.5169],[23.7192,49.5002],[23.7904,49.4934],[23.7846,49.479],[23.7466,49.4852],[23.7391,49.473],[23.7546,49.4684],[23.7566,49.4733],[23.7726,49.4603],[23.769,49.4556],[23.8013,49.4489],[23.7972,49.4393],[23.7869,49.4355],[23.7831,49.422],[23.7914,49.4196],[23.7932,49.4083],[23.7852,49.407],[23.7832,49.3994],[23.8005,49.3997],[23.807,49.3794],[23.7904,49.377],[23.7902,49.3695],[23.7713,49.3607],[23.7724,49.3492],[23.7893,49.3508],[23.7818,49.3374],[23.7444,49.3354],[23.7423,49.3208],[23.7259,49.303],[23.7045,49.2997],[23.6832,49.2826],[23.6711,49.287],[23.6638,49.2686],[23.6924,49.2509],[23.6844,49.2404],[23.6884,49.2361],[23.6753,49.2293],[23.6721,49.2203],[23.6475,49.2128],[23.6437,49.205],[23.6145,49.203],[23.5886,49.2092],[23.5686,49.2026],[23.5845,49.1912],[23.5794,49.1826],[23.5846,49.1778],[23.5739,49.178],[23.5734,49.1664],[23.5898,49.1642],[23.6088,49.1482],[23.597,49.1439],[23.5844,49.1524],[23.5867,49.1404],[23.5677,49.1537],[23.5847,49.1373],[23.5172,49.1402],[23.5193,49.1259],[23.505,49.1282],[23.4955,49.1347],[23.5095,49.1584],[23.5197,49.1621],[23.513,49.1762],[23.4867,49.1919],[23.463,49.1894],[23.443,49.196],[23.4131,49.2196],[23.4295,49.2247],[23.4252,49.2292],[23.378,49.2033],[23.3699,49.2063],[23.3537,49.1999],[23.3924,49.1771],[23.3538,49.1353],[23.3498,49.1434],[23.3371,49.1445],[23.3494,49.1508],[23.3213,49.1556],[23.3022,49.149],[23.2962,49.1345],[23.2783,49.1369],[23.274,49.132],[23.2905,49.075],[23.2494,49.0322],[23.229,49.0454],[23.2197,49.0404],[23.2091,49.0566],[23.1704,49.0809],[23.1508,49.1018],[23.1612,49.1097],[23.1569,49.1194],[23.1688,49.1252],[23.1602,49.1323],[23.1624,49.1506],[23.2421,49.1719],[23.2504,49.1987],[23.2231,49.2015],[23.2036,49.1878],[23.1842,49.209],[23.1542,49.2211],[23.1518,49.227],[23.1587,49.2339],[23.1396,49.245],[23.1591,49.2707],[23.1683,49.2726],[23.1084,49.3002],[23.1174,49.3086],[23.104,49.3174],[23.1175,49.3267],[23.1284,49.3235],[23.1063,49.3393],[23.1453,49.3442],[23.1536,49.3618],[23.1673,49.3667],[23.1954,49.3667],[23.2027,49.3571],[23.2165,49.3537],[23.227,49.3672],[23.2368,49.3691],[23.2303,49.3712],[23.233,49.385],[23.2511,49.3947],[23.2699,49.418],[23.2541,49.4279],[23.2739,49.4366],[23.2712,49.4444],[23.2885,49.4583],[23.2875,49.4665],[23.3327,49.4549],[23.3527,49.4573],[23.3517,49.4635],[23.388,49.4626],[23.3914,49.4685],[23.4016,49.4686],[23.402,49.4846],[23.4716,49.4961],[23.499,49.4895],[23.5546,49.4961],[23.5665,49.5105],[23.561,49.5131],[23.5713,49.5437],[23.5669,49.5466],[23.6382,49.5318]]]}},{"type":"Feature","properties":{"k":"zolochivskyi","o":"Львівська"},"geometry":{"type":"Polygon","coordinates":[[[25.0556,50.3006],[25.1164,50.2834],[25.165,50.2902],[25.2048,50.2794],[25.2065,50.2473],[25.19,50.2487],[25.1771,50.2326],[25.1827,50.2242],[25.1695,50.223],[25.1655,50.2092],[25.215,50.1798],[25.201,50.1666],[25.207,50.1577],[25.1973,50.1311],[25.3097,50.0251],[25.3611,49.996],[25.4022,49.986],[25.412,49.9696],[25.4016,49.955],[25.4039,49.9478],[25.4269,49.942],[25.4161,49.9345],[25.4005,49.9375],[25.3872,49.9326],[25.3764,49.9132],[25.3891,49.8972],[25.3806,49.877],[25.3719,49.876],[25.3752,49.868],[25.2991,49.8537],[25.3007,49.8463],[25.2901,49.8401],[25.2933,49.8338],[25.2875,49.8283],[25.2559,49.8367],[25.2477,49.834],[25.2473,49.8257],[25.2364,49.824],[25.1803,49.838],[25.1727,49.832],[25.1517,49.8331],[25.1376,49.8149],[25.0833,49.8272],[25.0898,49.7821],[25.0756,49.7791],[25.0723,49.7702],[25.1038,49.7567],[25.115,49.7459],[25.1119,49.7415],[25.0676,49.7115],[25.0446,49.7295],[25.0225,49.7361],[24.9992,49.6997],[24.9959,49.6623],[24.9902,49.6626],[24.9905,49.6451],[24.9827,49.6366],[24.9665,49.6408],[24.9518,49.6143],[24.9298,49.6174],[24.9416,49.6081],[24.9089,49.6148],[24.8984,49.6104],[24.9033,49.5992],[24.8747,49.6094],[24.8641,49.5992],[24.8447,49.6037],[24.8509,49.6215],[24.8293,49.6219],[24.8386,49.6262],[24.832,49.638],[24.8395,49.6458],[24.8334,49.65],[24.8276,49.6456],[24.8224,49.6514],[24.8266,49.6549],[24.8176,49.6575],[24.836,49.6587],[24.8266,49.6665],[24.8545,49.6619],[24.854,49.6926],[24.8447,49.6949],[24.8408,49.6864],[24.8285,49.6888],[24.8223,49.6732],[24.7871,49.6749],[24.7824,49.7127],[24.7637,49.7215],[24.7148,49.7164],[24.7042,49.7038],[24.6962,49.7086],[24.704,49.7318],[24.6366,49.7527],[24.6079,49.7758],[24.6128,49.7949],[24.5912,49.8031],[24.5926,49.8106],[24.6052,49.8088],[24.6114,49.8276],[24.6061,49.831],[24.5493,49.8426],[24.5029,49.8653],[24.4793,49.8513],[24.4533,49.8464],[24.4472,49.8532],[24.4377,49.8504],[24.416,49.8573],[24.413,49.8634],[24.3873,49.8611],[24.3565,49.8691],[24.3579,49.8881],[24.3859,49.8875],[24.3838,49.9009],[24.4365,49.897],[24.4434,49.9294],[24.4349,49.9465],[24.4539,49.9593],[24.4571,49.9753],[24.4415,49.9781],[24.473,49.9921],[24.4812,50.0157],[24.5522,50.0194],[24.5366,50.0353],[24.5118,50.0325],[24.4973,50.0389],[24.4936,50.0455],[24.5007,50.0546],[24.4922,50.0601],[24.4723,50.0524],[24.4595,50.0702],[24.4481,50.0753],[24.4601,50.0775],[24.4624,50.0878],[24.4365,50.091],[24.4389,50.1064],[24.535,50.0971],[24.5319,50.1073],[24.5771,50.1049],[24.5763,50.1089],[24.6121,50.1012],[24.6153,50.1211],[24.6288,50.1192],[24.6349,50.1344],[24.666,50.131],[24.6716,50.1464],[24.7275,50.1365],[24.8654,50.1558],[24.8703,50.1596],[24.8314,50.1614],[24.8379,50.18],[24.8535,50.18],[24.8485,50.1748],[24.8577,50.1713],[24.8728,50.1781],[24.8679,50.1847],[24.9162,50.1788],[24.9337,50.188],[24.9934,50.1973],[25.0309,50.2281],[25.0417,50.2547],[25.0523,50.2572],[25.034,50.2712],[25.0328,50.2808],[25.0431,50.283],[25.0556,50.3006]]]}},{"type":"Feature","properties":{"k":"lvivskyi","o":"Львівська"},"geometry":{"type":"Polygon","coordinates":[[[24.7207,49.4969],[24.6996,49.4933],[24.6559,49.5053],[24.6385,49.4976],[24.6208,49.5112],[24.5757,49.5266],[24.5733,49.5343],[24.5427,49.5227],[24.5194,49.5215],[24.5076,49.5355],[24.5213,49.5426],[24.5066,49.5477],[24.5028,49.5555],[24.4758,49.5594],[24.4717,49.5583],[24.4805,49.5527],[24.4561,49.5517],[24.4345,49.5367],[24.4462,49.5073],[24.4398,49.5037],[24.4122,49.5044],[24.398,49.4946],[24.3135,49.499],[24.3151,49.5187],[24.3072,49.5364],[24.2635,49.5553],[24.2699,49.5564],[24.2659,49.5632],[24.2495,49.5628],[24.2456,49.5556],[24.2459,49.5631],[24.2163,49.5657],[24.2187,49.5757],[24.1364,49.5722],[24.0995,49.5923],[24.0764,49.6159],[24.0705,49.6328],[24.0594,49.6387],[24.0384,49.6467],[24.0335,49.6415],[24.0388,49.6395],[24.0152,49.6244],[23.9952,49.6324],[23.9581,49.6321],[23.9645,49.6397],[23.9357,49.6592],[23.9299,49.6309],[23.9073,49.6304],[23.9146,49.6159],[23.9266,49.6138],[23.9272,49.6048],[23.9612,49.5919],[23.9396,49.5848],[23.9308,49.5698],[23.8983,49.5738],[23.8963,49.5796],[23.8444,49.5803],[23.8448,49.5894],[23.8335,49.5916],[23.8374,49.6001],[23.8189,49.6061],[23.8105,49.5972],[23.798,49.5985],[23.7823,49.5717],[23.7865,49.5527],[23.8186,49.533],[23.8137,49.516],[23.8016,49.5315],[23.7879,49.5114],[23.781,49.5104],[23.7715,49.5166],[23.7796,49.5186],[23.7726,49.5221],[23.7769,49.5333],[23.7487,49.5308],[23.7357,49.5363],[23.724,49.5311],[23.7564,49.5216],[23.7658,49.5053],[23.7364,49.4967],[23.7192,49.5002],[23.7131,49.5169],[23.6497,49.5213],[23.6382,49.5318],[23.6499,49.573],[23.626,49.5786],[23.6276,49.5914],[23.6055,49.5949],[23.6027,49.6023],[23.6237,49.6088],[23.6272,49.6379],[23.6042,49.6443],[23.6213,49.6591],[23.6007,49.6486],[23.5875,49.6522],[23.582,49.6425],[23.5688,49.6394],[23.5626,49.6454],[23.5648,49.6579],[23.5447,49.6569],[23.5427,49.6671],[23.5312,49.6688],[23.5313,49.6778],[23.4799,49.6984],[23.48,49.6886],[23.4504,49.6846],[23.4396,49.6742],[23.4188,49.6909],[23.4262,49.702],[23.4328,49.7019],[23.4364,49.7152],[23.4315,49.7194],[23.452,49.7463],[23.4366,49.7537],[23.4603,49.7597],[23.4625,49.767],[23.4618,49.7757],[23.453,49.7783],[23.4588,49.8098],[23.4434,49.8134],[23.4432,49.8247],[23.4666,49.8168],[23.4873,49.8206],[23.5047,49.8443],[23.5324,49.8569],[23.5327,49.8661],[23.567,49.8819],[23.5847,49.8772],[23.5827,49.8553],[23.6328,49.8342],[23.6297,49.8264],[23.64,49.8247],[23.652,49.8433],[23.6773,49.8434],[23.6801,49.8509],[23.6911,49.8504],[23.6924,49.8616],[23.7135,49.8573],[23.7153,49.8433],[23.7549,49.846],[23.792,49.8406],[23.8025,49.8488],[23.857,49.8416],[23.8853,49.8504],[23.8588,49.8783],[23.8871,49.875],[23.891,49.8879],[23.9143,49.8885],[23.9276,49.9052],[23.9198,49.9097],[23.9323,49.9173],[23.9293,49.9297],[23.9383,49.9362],[23.9214,49.9274],[23.9163,49.9358],[23.9244,49.9429],[23.9134,49.9504],[23.914,49.9566],[23.9053,49.9562],[23.8937,49.9765],[23.8105,49.9951],[23.8153,50.0022],[23.8081,50.0095],[23.8106,50.0158],[23.8008,50.0194],[23.8083,50.0252],[23.7842,50.0363],[23.7806,50.0454],[23.7859,50.0462],[23.774,50.0557],[23.774,50.0688],[23.7472,50.0736],[23.741,50.0806],[23.7156,50.0869],[23.6998,50.1011],[23.6686,50.1087],[23.6596,50.1185],[23.6519,50.1171],[23.6408,50.1344],[23.6183,50.1343],[23.6285,50.1421],[23.6176,50.1449],[23.6161,50.1575],[23.5851,50.1675],[23.5833,50.176],[23.5628,50.1723],[23.5442,50.1802],[23.5259,50.1761],[23.5128,50.1514],[23.5033,50.1518],[23.4929,50.1709],[23.5025,50.178],[23.4867,50.1805],[23.4884,50.1883],[23.47,50.19],[23.4503,50.2014],[23.4704,50.2177],[23.581,50.266],[23.6114,50.2993],[23.6309,50.3048],[23.6388,50.3205],[23.677,50.3294],[23.6736,50.3192],[23.6828,50.3008],[23.7918,50.3006],[23.8064,50.2862],[23.8043,50.2777],[23.8139,50.2765],[23.8136,50.2692],[23.8263,50.2621],[23.8841,50.2555],[23.9086,50.2212],[23.9735,50.2201],[23.965,50.2092],[23.9726,50.2024],[24.0918,50.203],[24.0905,50.1927],[24.098,50.1889],[24.0896,50.1778],[24.0914,50.1682],[24.0732,50.166],[24.1071,50.1441],[24.1049,50.1159],[24.1346,50.1149],[24.1322,50.1357],[24.1519,50.1637],[24.1492,50.1592],[24.1716,50.1526],[24.1785,50.1419],[24.2061,50.1348],[24.2163,50.1532],[24.215,50.1631],[24.2358,50.1708],[24.2431,50.1966],[24.2535,50.199],[24.2819,50.1945],[24.3133,50.1988],[24.3153,50.1901],[24.3409,50.179],[24.3307,50.177],[24.3307,50.1711],[24.343,50.1702],[24.3373,50.1571],[24.372,50.1616],[24.3675,50.1707],[24.3889,50.1773],[24.4566,50.1595],[24.4274,50.1381],[24.4373,50.1334],[24.4513,50.1408],[24.5266,50.1338],[24.535,50.0971],[24.4389,50.1064],[24.4365,50.091],[24.4624,50.0878],[24.4601,50.0775],[24.4481,50.0753],[24.4595,50.0702],[24.4723,50.0524],[24.4922,50.0601],[24.5007,50.0546],[24.4936,50.0455],[24.4973,50.0389],[24.5118,50.0325],[24.5366,50.0353],[24.5522,50.0194],[24.4812,50.0157],[24.473,49.9921],[24.4415,49.9781],[24.4571,49.9753],[24.4539,49.9593],[24.4349,49.9465],[24.4434,49.9294],[24.4365,49.897],[24.3838,49.9009],[24.3859,49.8875],[24.3579,49.8881],[24.3565,49.8691],[24.3873,49.8611],[24.413,49.8634],[24.416,49.8573],[24.4377,49.8504],[24.4472,49.8532],[24.4533,49.8464],[24.4793,49.8513],[24.5029,49.8653],[24.5493,49.8426],[24.6061,49.831],[24.6114,49.8276],[24.6052,49.8088],[24.5926,49.8106],[24.5912,49.8031],[24.6128,49.7949],[24.6079,49.7758],[24.6366,49.7527],[24.704,49.7318],[24.6962,49.7086],[24.7042,49.7038],[24.7148,49.7164],[24.7637,49.7215],[24.7824,49.7127],[24.7871,49.6749],[24.8223,49.6732],[24.8285,49.6888],[24.8408,49.6864],[24.8447,49.6949],[24.854,49.6926],[24.8545,49.6619],[24.8266,49.6665],[24.836,49.6587],[24.8176,49.6575],[24.8266,49.6549],[24.8224,49.6514],[24.8276,49.6456],[24.8334,49.65],[24.8395,49.6458],[24.832,49.638],[24.8386,49.6262],[24.8293,49.6219],[24.8509,49.6215],[24.8474,49.6009],[24.8336,49.5993],[24.8399,49.5809],[24.8339,49.5797],[24.8286,49.593],[24.8001,49.5868],[24.7912,49.5727],[24.718,49.5703],[24.7293,49.5472],[24.7179,49.5313],[24.7207,49.4969]],[[24.0602,50.1612],[24.0671,50.1644],[24.0584,50.1644],[24.0602,50.1612]]]}},{"type":"Feature","properties":{"k":"sambirskyi","o":"Львівська"},"geometry":{"type":"Polygon","coordinates":[[[23.1337,48.843],[23.1315,48.8526],[23.097,48.8629],[23.0577,48.8467],[23.0451,48.8513],[23.0201,48.8472],[23.001,48.8295],[22.9747,48.8449],[22.9705,48.8744],[22.9295,48.8879],[22.8912,48.9112],[22.8733,48.9408],[22.8727,48.956],[22.8995,48.9695],[22.9155,48.967],[22.9181,48.9814],[22.8979,49.0049],[22.88,49.0],[22.8688,49.0036],[22.8915,49.0078],[22.8939,49.0167],[22.8739,49.0309],[22.8813,49.0383],[22.8666,49.0399],[22.8756,49.0513],[22.8645,49.0667],[22.8718,49.0719],[22.868,49.0774],[22.8833,49.0812],[22.8803,49.0842],[22.8926,49.0946],[22.8626,49.1],[22.8548,49.1058],[22.8601,49.1122],[22.8508,49.1148],[22.8311,49.111],[22.8302,49.1184],[22.8122,49.1249],[22.8161,49.1299],[22.8075,49.1285],[22.7935,49.1377],[22.7892,49.1576],[22.7728,49.1523],[22.7391,49.1579],[22.756,49.1826],[22.7325,49.1821],[22.7187,49.1648],[22.7074,49.1745],[22.7228,49.196],[22.7308,49.1984],[22.7337,49.2112],[22.7476,49.2154],[22.7148,49.2265],[22.7213,49.2413],[22.7394,49.2473],[22.7508,49.3166],[22.743,49.336],[22.7468,49.36],[22.7128,49.4375],[22.6965,49.4951],[22.6701,49.4976],[22.6514,49.5082],[22.6407,49.5299],[22.6746,49.5491],[22.6965,49.5837],[22.7831,49.6569],[22.7871,49.6764],[22.8054,49.6933],[22.8222,49.6945],[22.8495,49.7148],[22.8919,49.7057],[22.9099,49.7095],[22.9246,49.6979],[22.9068,49.6873],[22.9104,49.6836],[22.9319,49.6904],[22.9677,49.6874],[22.9578,49.6835],[22.9585,49.6776],[22.9754,49.6755],[22.9684,49.6722],[22.9698,49.6609],[22.9962,49.6408],[22.9753,49.6479],[22.9782,49.6317],[22.9911,49.6241],[23.0108,49.6294],[23.0243,49.6242],[23.0452,49.634],[23.0351,49.6391],[23.047,49.6489],[23.0612,49.6418],[23.069,49.6459],[23.0766,49.6358],[23.094,49.6501],[23.1342,49.6455],[23.1461,49.6474],[23.1406,49.654],[23.1575,49.6552],[23.1806,49.6555],[23.1771,49.648],[23.2124,49.6453],[23.2362,49.654],[23.2607,49.6437],[23.2709,49.6547],[23.3112,49.6534],[23.3165,49.6746],[23.3497,49.6653],[23.3561,49.6793],[23.367,49.675],[23.3725,49.6818],[23.4072,49.6859],[23.4057,49.7062],[23.3814,49.7152],[23.394,49.7209],[23.3899,49.7256],[23.398,49.7352],[23.3868,49.7454],[23.396,49.761],[23.442,49.7542],[23.452,49.7463],[23.4315,49.7194],[23.4364,49.7152],[23.4328,49.7019],[23.4262,49.702],[23.4188,49.6909],[23.4396,49.6742],[23.4504,49.6846],[23.48,49.6886],[23.4799,49.6984],[23.5313,49.6778],[23.5312,49.6688],[23.5427,49.6671],[23.5447,49.6569],[23.5648,49.6579],[23.5626,49.6454],[23.5688,49.6394],[23.582,49.6425],[23.5875,49.6522],[23.6007,49.6486],[23.6213,49.6591],[23.6042,49.6443],[23.6272,49.6379],[23.6237,49.6088],[23.6027,49.6023],[23.6055,49.5949],[23.6276,49.5914],[23.626,49.5786],[23.6499,49.573],[23.6432,49.5447],[23.6382,49.5318],[23.5669,49.5466],[23.5713,49.5437],[23.561,49.5131],[23.5665,49.5105],[23.5546,49.4961],[23.5295,49.4898],[23.4716,49.4961],[23.402,49.4846],[23.4016,49.4686],[23.3914,49.4685],[23.388,49.4626],[23.3517,49.4635],[23.3527,49.4573],[23.3327,49.4549],[23.2875,49.4665],[23.2885,49.4583],[23.2712,49.4444],[23.2739,49.4366],[23.2541,49.4279],[23.2699,49.418],[23.2511,49.3947],[23.233,49.385],[23.2303,49.3712],[23.2368,49.3691],[23.227,49.3672],[23.2165,49.3537],[23.2027,49.3571],[23.1954,49.3667],[23.1673,49.3667],[23.1536,49.3618],[23.1453,49.3442],[23.1063,49.3393],[23.1284,49.3235],[23.1175,49.3267],[23.104,49.3174],[23.1174,49.3086],[23.1084,49.3002],[23.1683,49.2726],[23.1591,49.2707],[23.1396,49.245],[23.1587,49.2339],[23.1518,49.227],[23.1542,49.2211],[23.1842,49.209],[23.2036,49.1878],[23.2231,49.2015],[23.2504,49.1987],[23.2421,49.1719],[23.1624,49.1506],[23.1602,49.1323],[23.1688,49.1252],[23.1569,49.1194],[23.1612,49.1097],[23.1508,49.1018],[23.1704,49.0809],[23.2091,49.0566],[23.2197,49.0404],[23.2085,49.0292],[23.1912,49.0344],[23.1796,49.0311],[23.1753,49.0179],[23.1698,49.0184],[23.1683,49.0331],[23.1589,49.0352],[23.1667,49.0243],[23.1517,49.0186],[23.155,49.0248],[23.1394,49.0348],[23.1258,49.0284],[23.1331,49.0175],[23.1165,49.0144],[23.1149,49.0082],[23.1235,49.0075],[23.122,48.9681],[23.1286,48.9647],[23.1215,48.9632],[23.1153,48.9445],[23.0987,48.935],[23.0984,48.9278],[23.0824,48.9215],[23.084,48.9126],[23.0897,48.9134],[23.0858,48.8995],[23.0955,48.8927],[23.0978,48.8795],[23.127,48.8768],[23.1286,48.8713],[23.1336,48.8784],[23.1608,48.8754],[23.1508,48.8707],[23.1552,48.8552],[23.1492,48.843],[23.1337,48.843]]]}},{"type":"Feature","properties":{"k":"stryiskyi","o":"Львівська"},"geometry":{"type":"Polygon","coordinates":[[[23.3173,48.7535],[23.2854,48.7758],[23.268,48.7617],[23.2008,48.7606],[23.1792,48.7921],[23.1775,48.8062],[23.1526,48.831],[23.1336,48.8341],[23.1307,48.8403],[23.1492,48.843],[23.1552,48.8552],[23.1508,48.8707],[23.1608,48.8754],[23.1336,48.8784],[23.1286,48.8713],[23.127,48.8768],[23.0978,48.8795],[23.0955,48.8927],[23.0858,48.8995],[23.0897,48.9134],[23.084,48.9126],[23.0824,48.9215],[23.0984,48.9278],[23.0987,48.935],[23.1153,48.9445],[23.1215,48.9632],[23.1286,48.9647],[23.122,48.9681],[23.1241,49.0044],[23.1149,49.0082],[23.1165,49.0144],[23.1331,49.0175],[23.1258,49.0284],[23.1349,49.0345],[23.155,49.0248],[23.1517,49.0186],[23.1667,49.0243],[23.1589,49.0352],[23.1683,49.0331],[23.1698,49.0184],[23.1753,49.0179],[23.1796,49.0311],[23.1912,49.0344],[23.2085,49.0292],[23.229,49.0454],[23.2494,49.0322],[23.2905,49.075],[23.274,49.132],[23.2783,49.1369],[23.2962,49.1345],[23.3022,49.149],[23.3213,49.1556],[23.3494,49.1508],[23.3371,49.1445],[23.3498,49.1434],[23.3538,49.1353],[23.3924,49.1771],[23.3537,49.1999],[23.3699,49.2063],[23.378,49.2033],[23.4252,49.2292],[23.4295,49.2247],[23.4131,49.2196],[23.443,49.196],[23.463,49.1894],[23.4867,49.1919],[23.513,49.1762],[23.5197,49.1621],[23.5095,49.1584],[23.4955,49.1347],[23.505,49.1282],[23.5193,49.1259],[23.5172,49.1402],[23.5847,49.1373],[23.5677,49.1537],[23.5867,49.1404],[23.5844,49.1524],[23.597,49.1439],[23.6088,49.1482],[23.5898,49.1642],[23.5734,49.1664],[23.5739,49.178],[23.5846,49.1778],[23.5794,49.1826],[23.5845,49.1912],[23.5686,49.2026],[23.5886,49.2092],[23.6145,49.203],[23.6437,49.205],[23.6475,49.2128],[23.6721,49.2203],[23.6753,49.2293],[23.6884,49.2361],[23.6844,49.2404],[23.6924,49.2509],[23.6638,49.2686],[23.6711,49.287],[23.6832,49.2826],[23.7045,49.2997],[23.7259,49.303],[23.7423,49.3208],[23.7444,49.3354],[23.7818,49.3374],[23.7893,49.3508],[23.7724,49.3492],[23.7713,49.3607],[23.7902,49.3695],[23.7904,49.377],[23.807,49.3794],[23.8005,49.3997],[23.7832,49.3994],[23.7852,49.407],[23.7932,49.4083],[23.7914,49.4196],[23.7831,49.422],[23.7869,49.4355],[23.7972,49.4393],[23.8013,49.4489],[23.769,49.4556],[23.7726,49.4603],[23.7566,49.4733],[23.7546,49.4684],[23.7391,49.473],[23.7466,49.4852],[23.7846,49.479],[23.7904,49.4934],[23.7494,49.5006],[23.7364,49.4967],[23.7468,49.5032],[23.7658,49.5053],[23.7564,49.5216],[23.724,49.5311],[23.7357,49.5363],[23.7487,49.5308],[23.7769,49.5333],[23.7726,49.5221],[23.7796,49.5186],[23.7715,49.5166],[23.781,49.5104],[23.7879,49.5114],[23.8016,49.5315],[23.806,49.5303],[23.8112,49.5232],[23.8075,49.5196],[23.8137,49.516],[23.8186,49.533],[23.7865,49.5527],[23.7823,49.5717],[23.798,49.5985],[23.8105,49.5972],[23.8189,49.6061],[23.8335,49.6039],[23.8335,49.5916],[23.8448,49.5894],[23.8444,49.5803],[23.8963,49.5796],[23.8983,49.5738],[23.9308,49.5698],[23.9396,49.5848],[23.9612,49.5919],[23.9272,49.6048],[23.9266,49.6138],[23.9146,49.6159],[23.9073,49.6304],[23.9299,49.6309],[23.9357,49.6592],[23.9645,49.6397],[23.9581,49.6321],[23.9952,49.6324],[24.0152,49.6244],[24.0388,49.6395],[24.0335,49.6415],[24.0384,49.6467],[24.0705,49.6328],[24.0764,49.6159],[24.0995,49.5923],[24.1364,49.5722],[24.2187,49.5757],[24.2163,49.5657],[24.2459,49.5631],[24.2456,49.5556],[24.2495,49.5628],[24.2659,49.5632],[24.2699,49.5564],[24.2635,49.5553],[24.3072,49.5364],[24.3151,49.5187],[24.3135,49.499],[24.3935,49.4983],[24.4023,49.4957],[24.4178,49.4737],[24.4104,49.4449],[24.3838,49.4425],[24.3701,49.4299],[24.3759,49.4128],[24.3881,49.4081],[24.3871,49.3952],[24.4369,49.3805],[24.4069,49.3664],[24.4038,49.3556],[24.3908,49.354],[24.3961,49.3526],[24.3938,49.3408],[24.4016,49.339],[24.3805,49.308],[24.3585,49.3223],[24.3414,49.3105],[24.3017,49.3159],[24.2993,49.2879],[24.306,49.2772],[24.339,49.292],[24.3639,49.2804],[24.36,49.272],[24.3535,49.2725],[24.3526,49.2534],[24.3404,49.2421],[24.3483,49.2325],[24.3882,49.2278],[24.4488,49.2312],[24.4459,49.2163],[24.4354,49.2075],[24.4351,49.1737],[24.4163,49.1681],[24.3837,49.1892],[24.3571,49.1859],[24.281,49.1682],[24.2343,49.1445],[24.2073,49.1488],[24.1951,49.1376],[24.1719,49.1437],[24.1659,49.1276],[24.1494,49.1294],[24.1393,49.1404],[24.1202,49.1381],[24.0839,49.1491],[24.058,49.1469],[24.0217,49.1164],[24.0136,49.1181],[24.008,49.1297],[23.97,49.14],[23.9573,49.1294],[23.9323,49.1216],[23.9059,49.0992],[23.8786,49.1087],[23.8301,49.1133],[23.7991,49.1068],[23.7858,49.1187],[23.7743,49.1161],[23.7527,49.124],[23.7531,49.1163],[23.7267,49.0967],[23.7195,49.094],[23.7105,49.1018],[23.6911,49.0963],[23.6768,49.075],[23.6878,49.0658],[23.6642,49.0281],[23.6497,49.0226],[23.6362,49.0316],[23.6219,49.0254],[23.6247,49.0138],[23.5658,48.9746],[23.5858,48.9533],[23.5628,48.9101],[23.5778,48.8865],[23.6078,48.8781],[23.6067,48.8733],[23.5759,48.8666],[23.5687,48.8542],[23.5744,48.8456],[23.5675,48.8425],[23.5646,48.829],[23.5515,48.8225],[23.5701,48.8039],[23.579,48.7845],[23.5608,48.7632],[23.5528,48.7425],[23.5446,48.7407],[23.5482,48.7251],[23.5117,48.7347],[23.4719,48.7183],[23.41,48.7357],[23.3968,48.7329],[23.378,48.7438],[23.3741,48.7594],[23.3592,48.7727],[23.3396,48.7565],[23.3173,48.7535]]]}},{"type":"Feature","properties":{"k":"chervonohradskyi","o":"Львівська"},"geometry":{"type":"MultiPolygon","coordinates":[[[[24.0979,50.6375],[24.1106,50.6365],[24.1219,50.6437],[24.1181,50.6479],[24.1378,50.643],[24.1547,50.6466],[24.1529,50.6427],[24.1723,50.6338],[24.1632,50.6315],[24.1756,50.6236],[24.1734,50.6165],[24.1846,50.6194],[24.2039,50.6115],[24.1995,50.6079],[24.2096,50.6019],[24.2115,50.5919],[24.2253,50.5928],[24.2209,50.5896],[24.2311,50.5834],[24.3125,50.5716],[24.3264,50.593],[24.3235,50.5998],[24.3621,50.5966],[24.3809,50.6092],[24.4135,50.5863],[24.3985,50.5744],[24.4062,50.5603],[24.4504,50.5392],[24.5006,50.5546],[24.5315,50.5503],[24.5592,50.5109],[24.5536,50.5059],[24.5547,50.4929],[24.57,50.4889],[24.5879,50.4937],[24.5866,50.5],[24.5961,50.4978],[24.5878,50.4934],[24.5976,50.4789],[24.598,50.4664],[24.5886,50.4617],[24.5993,50.4562],[24.5967,50.4135],[24.6538,50.41],[24.6513,50.4033],[24.7149,50.3789],[24.7217,50.3723],[24.7138,50.3423],[24.7773,50.3377],[24.7893,50.346],[24.8594,50.3496],[24.8658,50.3596],[24.8872,50.3586],[24.8856,50.3447],[24.9367,50.3456],[24.9395,50.3642],[24.9293,50.3782],[24.9419,50.3894],[24.9484,50.3872],[25.0168,50.3417],[25.0589,50.3423],[25.0522,50.306],[25.0575,50.2968],[25.0328,50.2808],[25.034,50.2712],[25.0523,50.2572],[25.0375,50.2504],[25.0309,50.2281],[24.9871,50.1946],[24.9337,50.188],[24.9162,50.1788],[24.8679,50.1847],[24.8728,50.1781],[24.8577,50.1713],[24.8485,50.1748],[24.8535,50.18],[24.8379,50.18],[24.8314,50.1614],[24.8703,50.1596],[24.8311,50.1481],[24.8111,50.1519],[24.7965,50.1423],[24.7078,50.1365],[24.6716,50.1464],[24.666,50.131],[24.6349,50.1344],[24.6288,50.1192],[24.6153,50.1211],[24.6121,50.1012],[24.5763,50.1089],[24.5771,50.1049],[24.5319,50.1073],[24.5266,50.1338],[24.4513,50.1408],[24.4373,50.1334],[24.4274,50.1381],[24.4566,50.1595],[24.3889,50.1773],[24.3675,50.1707],[24.372,50.1616],[24.3373,50.1571],[24.343,50.1702],[24.3307,50.1711],[24.3307,50.177],[24.3409,50.179],[24.3153,50.1901],[24.3133,50.1988],[24.306,50.1946],[24.2431,50.1966],[24.2419,50.1796],[24.2311,50.1677],[24.215,50.1631],[24.2163,50.1532],[24.2061,50.1348],[24.1785,50.1419],[24.1716,50.1526],[24.1492,50.1592],[24.1519,50.1637],[24.1322,50.1357],[24.1346,50.1149],[24.1104,50.1148],[24.1049,50.1159],[24.1071,50.1441],[24.0732,50.166],[24.0914,50.1682],[24.0896,50.1778],[24.098,50.1889],[24.0905,50.1927],[24.0918,50.203],[23.9726,50.2024],[23.965,50.2092],[23.9735,50.2201],[23.9086,50.2212],[23.8841,50.2555],[23.8263,50.2621],[23.8136,50.2692],[23.8139,50.2765],[23.8043,50.2777],[23.8064,50.2862],[23.7918,50.3006],[23.6828,50.3008],[23.6736,50.3192],[23.677,50.3294],[23.686,50.3315],[23.7031,50.3751],[23.7271,50.3881],[23.8033,50.4047],[23.9974,50.4122],[24.0056,50.4353],[24.0344,50.4449],[24.0699,50.5032],[24.0911,50.562],[24.0986,50.6],[24.0911,50.6192],[24.0979,50.6375]]],[[[24.0671,50.1644],[24.0602,50.1612],[24.0584,50.1644],[24.0671,50.1644]]]]}},{"type":"Feature","properties":{"k":"yavorivskyi","o":"Львівська"},"geometry":{"type":"Polygon","coordinates":[[[23.4503,50.2014],[23.47,50.19],[23.4884,50.1883],[23.4867,50.1805],[23.5025,50.178],[23.4929,50.1709],[23.5033,50.1518],[23.5128,50.1514],[23.5259,50.1761],[23.5442,50.1802],[23.5628,50.1723],[23.5833,50.176],[23.5851,50.1675],[23.6161,50.1575],[23.6176,50.1449],[23.6285,50.1421],[23.6183,50.1343],[23.6408,50.1344],[23.6519,50.1171],[23.6596,50.1185],[23.6686,50.1087],[23.6998,50.1011],[23.7156,50.0869],[23.741,50.0806],[23.7472,50.0736],[23.774,50.0688],[23.774,50.0557],[23.7859,50.0462],[23.7806,50.0454],[23.7842,50.0363],[23.8083,50.0252],[23.8008,50.0194],[23.8106,50.0158],[23.8081,50.0095],[23.8153,50.0022],[23.8105,49.9951],[23.8937,49.9765],[23.9053,49.9562],[23.914,49.9566],[23.9134,49.9504],[23.9244,49.9429],[23.9163,49.9358],[23.9214,49.9274],[23.9383,49.9362],[23.9293,49.9297],[23.9323,49.9173],[23.9198,49.9097],[23.9276,49.9052],[23.9143,49.8885],[23.891,49.8879],[23.8871,49.875],[23.8588,49.8783],[23.8853,49.8504],[23.857,49.8416],[23.8025,49.8488],[23.792,49.8406],[23.7549,49.846],[23.7153,49.8433],[23.7135,49.8573],[23.6924,49.8616],[23.6911,49.8504],[23.6801,49.8509],[23.6773,49.8434],[23.652,49.8433],[23.64,49.8247],[23.6297,49.8264],[23.6328,49.8342],[23.5827,49.8553],[23.5847,49.8772],[23.567,49.8819],[23.5481,49.8755],[23.5327,49.8661],[23.5324,49.8569],[23.5047,49.8443],[23.4873,49.8206],[23.4666,49.8168],[23.4432,49.8247],[23.4434,49.8134],[23.4588,49.8098],[23.453,49.7783],[23.4618,49.7757],[23.4603,49.7597],[23.4235,49.7535],[23.396,49.761],[23.3868,49.7454],[23.398,49.7352],[23.3899,49.7256],[23.3917,49.7173],[23.3814,49.7152],[23.4057,49.7062],[23.4072,49.6859],[23.3725,49.6818],[23.367,49.675],[23.3561,49.6793],[23.3497,49.6653],[23.3165,49.6746],[23.3112,49.6534],[23.2709,49.6547],[23.2607,49.6437],[23.2362,49.654],[23.2124,49.6453],[23.1771,49.648],[23.1806,49.6555],[23.1575,49.6552],[23.1406,49.654],[23.1461,49.6474],[23.1342,49.6455],[23.094,49.6501],[23.0766,49.6358],[23.069,49.6459],[23.0612,49.6418],[23.047,49.6489],[23.0351,49.6391],[23.0452,49.634],[23.0308,49.6256],[23.0108,49.6294],[22.9911,49.6241],[22.9782,49.6317],[22.9753,49.6479],[22.9962,49.6408],[22.9698,49.6609],[22.9684,49.6722],[22.9754,49.6755],[22.9585,49.6776],[22.9578,49.6835],[22.9679,49.6853],[22.9677,49.6874],[22.9319,49.6904],[22.9104,49.6836],[22.9068,49.6873],[22.9246,49.6979],[22.9099,49.7095],[22.8919,49.7057],[22.8495,49.7148],[22.8732,49.7405],[22.8968,49.7517],[22.8983,49.7645],[22.9323,49.7927],[22.9617,49.8045],[22.9568,49.8111],[22.9707,49.8385],[22.9957,49.8422],[23.034,49.8817],[23.1075,49.9418],[23.1148,49.9564],[23.1425,49.9711],[23.213,50.031],[23.216,50.0475],[23.2392,50.0544],[23.2793,50.0863],[23.2798,50.1006],[23.3139,50.1119],[23.4503,50.2014]]]}},{"type":"Feature","properties":{"k":"bashtanskyi","o":"Миколаївська"},"geometry":{"type":"Polygon","coordinates":[[[33.0047,47.9891],[32.9962,47.9865],[32.9952,47.9674],[33.0014,47.9671],[33.0077,47.9368],[32.9935,47.9349],[33.0031,47.916],[33.0134,47.9104],[33.0783,47.9204],[33.0864,47.8852],[33.0697,47.8825],[33.081,47.8348],[33.0572,47.8319],[33.0678,47.7836],[33.0496,47.7819],[33.0545,47.7616],[33.0668,47.7626],[33.0722,47.7389],[32.972,47.7226],[32.9971,47.6166],[32.9871,47.6138],[32.9904,47.6064],[32.9711,47.6052],[32.9596,47.593],[33.095,47.597],[33.0891,47.5519],[33.0947,47.5273],[33.1411,47.5432],[33.1471,47.5143],[33.1229,47.5081],[33.1377,47.4196],[33.0712,47.4119],[33.0702,47.4752],[33.047,47.4682],[33.0541,47.4436],[33.0335,47.4413],[33.0381,47.4252],[33.0287,47.4237],[33.0392,47.3792],[33.1217,47.3894],[33.1381,47.3327],[33.1024,47.3215],[33.1101,47.3025],[33.1099,47.2931],[33.1017,47.2903],[33.1052,47.2795],[33.1193,47.2813],[33.14,47.2721],[33.1362,47.2675],[33.1836,47.2381],[33.1271,47.2308],[33.1286,47.2195],[33.1426,47.2104],[33.1302,47.2029],[33.1107,47.207],[33.0987,47.2235],[33.0721,47.2234],[33.0749,47.2178],[33.0649,47.2193],[33.0662,47.2009],[33.0367,47.1883],[33.0377,47.1781],[33.0157,47.1802],[33.0057,47.1966],[33.0003,47.196],[33.0019,47.19],[32.9606,47.1896],[32.9492,47.1646],[32.9188,47.145],[32.9193,47.1325],[32.9072,47.12],[32.9143,47.1042],[32.9095,47.0942],[32.9157,47.0862],[33.0271,47.0395],[33.052,47.0706],[33.073,47.063],[33.1031,47.0998],[33.0821,47.1077],[33.1049,47.137],[33.1581,47.1169],[33.0933,47.039],[33.0892,47.0408],[33.0718,47.0202],[33.0674,47.0221],[33.0224,46.9725],[32.9502,47.0035],[32.9336,46.9853],[32.9489,46.9453],[32.976,46.9488],[32.9799,46.9337],[32.9221,46.9266],[32.9266,46.9097],[32.8424,46.8994],[32.8363,46.8841],[32.8592,46.8763],[32.9161,46.883],[32.9202,46.8659],[32.946,46.8686],[32.9491,46.8574],[32.8136,46.8402],[32.8148,46.8345],[32.7749,46.83],[32.7789,46.8249],[32.7674,46.8192],[32.7642,46.8273],[32.699,46.8215],[32.6878,46.862],[32.5851,46.8549],[32.5715,46.8628],[32.5716,46.8722],[32.547,46.8695],[32.5449,46.8826],[32.5682,46.8874],[32.577,46.9031],[32.5707,46.932],[32.5239,46.9262],[32.5166,46.9531],[32.5437,46.9565],[32.5268,47.0184],[32.5398,47.02],[32.5446,47.0024],[32.6092,47.0102],[32.6046,47.0288],[32.6165,47.0303],[32.6006,47.0904],[32.5799,47.088],[32.5703,47.1121],[32.5643,47.1115],[32.5525,47.1554],[32.3789,47.1336],[32.3772,47.1422],[32.321,47.1356],[32.3387,47.1578],[32.2378,47.1418],[32.2176,47.1474],[32.2277,47.1544],[32.2241,47.1618],[32.2414,47.1732],[32.2289,47.1827],[32.1115,47.1664],[32.0971,47.2099],[32.104,47.2109],[32.0872,47.2723],[32.1244,47.2773],[32.106,47.3419],[32.1329,47.3458],[32.1173,47.4164],[32.0754,47.426],[32.0697,47.4435],[32.0587,47.4424],[32.0487,47.4893],[32.1057,47.4887],[32.1116,47.4925],[32.1098,47.5013],[32.1197,47.4962],[32.1289,47.5037],[32.1218,47.5133],[32.1472,47.5149],[32.1615,47.5439],[32.1576,47.564],[32.1259,47.5613],[32.1171,47.5856],[32.1545,47.5899],[32.1495,47.6118],[32.1705,47.6137],[32.1757,47.5884],[32.2235,47.5938],[32.2173,47.618],[32.1927,47.6157],[32.177,47.7071],[32.221,47.7115],[32.208,47.7573],[32.2316,47.7604],[32.2225,47.7914],[32.2396,47.7938],[32.2365,47.8147],[32.3032,47.8237],[32.3205,47.8191],[32.3315,47.805],[32.3642,47.7886],[32.3956,47.8002],[32.404,47.7997],[32.3963,47.7979],[32.402,47.7947],[32.4222,47.8015],[32.4277,47.7896],[32.6578,47.8199],[32.6641,47.8394],[32.6794,47.8518],[32.6751,47.8576],[32.6694,47.853],[32.6644,47.8709],[32.6855,47.873],[32.6765,47.907],[32.6559,47.9048],[32.6519,47.9215],[32.7456,47.9325],[32.7371,47.9516],[32.6973,47.9465],[32.6895,47.9818],[32.7943,47.9932],[32.8017,47.9749],[32.8944,47.9855],[32.8849,48.0202],[32.8727,48.0241],[32.8705,48.0323],[32.8815,48.0338],[32.8834,48.0276],[32.9159,48.0316],[32.913,48.0376],[32.9458,48.0425],[32.9541,48.0354],[32.9902,48.0482],[33.0047,47.9891]]]}},{"type":"Feature","properties":{"k":"voznesenskyi","o":"Миколаївська"},"geometry":{"type":"Polygon","coordinates":[[[31.7673,48.1021],[31.783,48.0422],[31.729,48.0355],[31.7519,47.9443],[31.7664,47.9447],[31.7806,47.9603],[31.7848,47.9549],[31.8438,47.9636],[31.855,47.9161],[31.8766,47.9194],[31.8847,47.8939],[31.8806,47.8824],[31.8919,47.8676],[31.857,47.8647],[31.8568,47.8386],[31.8711,47.8266],[31.8274,47.8165],[31.8377,47.7828],[31.963,47.7987],[31.9598,47.8095],[32.0547,47.8173],[32.0595,47.8047],[32.0766,47.8069],[32.0895,47.7823],[32.1093,47.7846],[32.117,47.7559],[32.1358,47.7581],[32.1403,47.7489],[32.1544,47.7609],[32.1606,47.7511],[32.208,47.7573],[32.221,47.7115],[32.177,47.7071],[32.1927,47.6157],[32.2173,47.618],[32.2235,47.5938],[32.1757,47.5884],[32.1705,47.6137],[32.1495,47.6118],[32.1545,47.5899],[32.1171,47.5856],[32.125,47.5665],[32.1098,47.5643],[32.1099,47.5559],[31.9986,47.5327],[31.9917,47.544],[31.9529,47.5405],[31.9455,47.5598],[31.8872,47.5551],[31.8839,47.5679],[31.8021,47.5614],[31.8103,47.5674],[31.8057,47.5756],[31.7936,47.5809],[31.7838,47.5778],[31.7854,47.5631],[31.7765,47.561],[31.795,47.5502],[31.802,47.5359],[31.7847,47.5276],[31.7798,47.5176],[31.7512,47.5075],[31.7449,47.4805],[31.7284,47.4747],[31.7321,47.4677],[31.7177,47.4536],[31.7272,47.4473],[31.6533,47.435],[31.6503,47.4463],[31.608,47.4404],[31.5922,47.4264],[31.6178,47.3967],[31.5923,47.3909],[31.5957,47.3784],[31.6324,47.3493],[31.6642,47.3369],[31.5767,47.3029],[31.5844,47.2934],[31.5495,47.2795],[31.4952,47.2955],[31.4467,47.3017],[31.4001,47.2995],[31.4134,47.2517],[31.2655,47.2309],[31.2894,47.162],[31.2729,47.1595],[31.2694,47.1715],[31.2491,47.1687],[31.2465,47.1776],[31.2008,47.1714],[31.1984,47.1547],[31.109,47.1543],[31.1056,47.1649],[31.1156,47.166],[31.1089,47.1871],[31.1188,47.1886],[31.1228,47.1763],[31.1568,47.181],[31.1457,47.2179],[31.178,47.2222],[31.1678,47.2553],[31.1756,47.2565],[31.1706,47.2659],[31.0189,47.2389],[31.0074,47.2703],[30.9899,47.2686],[30.9993,47.2898],[30.9074,47.2767],[30.8927,47.3208],[30.8727,47.318],[30.8658,47.3336],[30.9091,47.3442],[30.9009,47.3597],[30.886,47.3588],[30.8826,47.3668],[30.8739,47.4007],[30.8934,47.4033],[30.8872,47.4257],[30.8515,47.4205],[30.8482,47.444],[30.8657,47.4442],[30.8532,47.5027],[30.8829,47.5071],[30.8762,47.5444],[30.834,47.5366],[30.8288,47.5494],[30.8049,47.5468],[30.8029,47.5542],[30.773,47.5459],[30.7706,47.5534],[30.7518,47.5592],[30.745,47.5789],[30.7787,47.584],[30.7745,47.6232],[30.7813,47.6242],[30.7808,47.6344],[30.7924,47.636],[30.7881,47.649],[30.7768,47.6473],[30.7403,47.7004],[30.7552,47.7028],[30.7461,47.7133],[30.7695,47.7215],[30.7662,47.732],[30.7927,47.7361],[30.7835,47.767],[30.7587,47.7637],[30.7512,47.7889],[30.7804,47.7933],[30.7719,47.8212],[30.8482,47.8323],[30.8488,47.8402],[30.8688,47.846],[30.8651,47.852],[30.8833,47.8569],[30.8851,47.8508],[30.935,47.8651],[30.9365,47.86],[30.9741,47.865],[30.9719,47.8716],[30.9958,47.8755],[30.9979,47.8681],[31.0489,47.8752],[31.0456,47.8868],[31.0879,47.8921],[31.0955,47.8781],[31.112,47.8801],[31.0898,47.9046],[31.1907,47.918],[31.1933,47.9089],[31.2362,47.9149],[31.2615,47.8476],[31.3013,47.8541],[31.2974,47.8446],[31.3125,47.835],[31.3037,47.8323],[31.2921,47.8505],[31.2724,47.8476],[31.256,47.7932],[31.293,47.7492],[31.3827,47.7626],[31.3741,47.7876],[31.409,47.793],[31.4162,47.7716],[31.4522,47.7768],[31.4419,47.8072],[31.4562,47.8091],[31.4454,47.8456],[31.478,47.8498],[31.4355,48.0006],[31.4222,47.9991],[31.4183,48.0153],[31.4066,48.0142],[31.4034,48.0221],[31.3998,48.0369],[31.413,48.0385],[31.3981,48.0953],[31.4078,48.0966],[31.4043,48.1095],[31.4202,48.1117],[31.4179,48.1209],[31.4864,48.1296],[31.4985,48.0872],[31.476,48.0828],[31.47,48.064],[31.4882,48.0654],[31.4925,48.0507],[31.5075,48.0556],[31.5102,48.0688],[31.551,48.0698],[31.5405,48.1078],[31.5589,48.1103],[31.5694,48.0974],[31.5679,48.1026],[31.5839,48.1055],[31.5826,48.1288],[31.6336,48.1348],[31.6419,48.1149],[31.6856,48.121],[31.6829,48.1145],[31.6872,48.1164],[31.6943,48.0934],[31.7673,48.1021]]]}},{"type":"Feature","properties":{"k":"mykolaivskyi","o":"Миколаївська"},"geometry":{"type":"MultiPolygon","coordinates":[[[[32.125,47.5665],[32.1259,47.5613],[32.1576,47.564],[32.1615,47.5439],[32.1472,47.5149],[32.1218,47.5133],[32.1289,47.5037],[32.1197,47.4962],[32.1098,47.5013],[32.1116,47.4925],[32.1057,47.4887],[32.0487,47.4893],[32.0587,47.4424],[32.0697,47.4435],[32.0754,47.426],[32.1173,47.4164],[32.1329,47.3458],[32.106,47.3419],[32.1244,47.2773],[32.0872,47.2723],[32.104,47.2109],[32.0971,47.2099],[32.1115,47.1664],[32.2289,47.1827],[32.2414,47.1732],[32.2241,47.1618],[32.2277,47.1544],[32.2176,47.1474],[32.2378,47.1418],[32.3387,47.1578],[32.321,47.1356],[32.3772,47.1422],[32.3789,47.1336],[32.5525,47.1554],[32.5643,47.1115],[32.5703,47.1121],[32.5799,47.088],[32.6006,47.0904],[32.6165,47.0303],[32.6046,47.0288],[32.6092,47.0102],[32.5446,47.0024],[32.5398,47.02],[32.5268,47.0184],[32.5437,46.9565],[32.5166,46.9531],[32.5239,46.9262],[32.5707,46.932],[32.577,46.9031],[32.5682,46.8874],[32.5347,46.8815],[32.5415,46.8501],[32.5248,46.8481],[32.5312,46.8232],[32.4691,46.8161],[32.4629,46.8409],[32.3655,46.8294],[32.3729,46.7991],[32.342,46.7955],[32.2291,46.8445],[32.2524,46.8196],[32.2097,46.8059],[32.2185,46.7712],[32.1687,46.7633],[32.1714,46.7525],[32.1146,46.7453],[32.1093,46.7526],[32.0571,46.7443],[32.0609,46.7282],[32.0754,46.73],[32.0868,46.6836],[32.0203,46.6774],[32.0318,46.6672],[31.9869,46.6641],[31.9881,46.6591],[31.9028,46.6509],[31.8828,46.6347],[31.7962,46.6088],[31.7715,46.6247],[31.7296,46.6282],[31.6564,46.6489],[31.5925,46.641],[31.5669,46.6229],[31.5688,46.6142],[31.5623,46.618],[31.5498,46.6003],[31.5165,46.6192],[31.4811,46.6264],[31.4186,46.6278],[31.4092,46.6183],[31.3677,46.6227],[31.3546,46.6157],[31.3494,46.6003],[31.2866,46.612],[31.2376,46.6104],[31.1764,46.6275],[31.1901,46.6472],[31.1758,46.6518],[31.1987,46.6602],[31.1851,46.6629],[31.1789,46.709],[31.1602,46.7172],[31.1558,46.7271],[31.1532,46.745],[31.1775,46.7681],[31.1529,46.795],[31.1569,46.8346],[31.1424,46.8441],[31.1127,46.8445],[31.1044,46.8705],[31.0941,46.8811],[31.0648,46.8968],[31.0423,46.8982],[31.0384,46.9252],[31.0142,46.948],[31.0176,46.9634],[31.0899,46.9735],[31.0869,46.9824],[31.1362,46.9892],[31.1399,46.9784],[31.2428,46.9915],[31.2298,47.0216],[31.2661,47.0279],[31.268,47.0214],[31.2912,47.0245],[31.2892,47.0311],[31.298,47.0321],[31.2949,47.0459],[31.305,47.0475],[31.2937,47.0814],[31.3021,47.0825],[31.2932,47.0926],[31.2729,47.1595],[31.2894,47.162],[31.2655,47.2309],[31.4134,47.2517],[31.4001,47.2995],[31.4467,47.3017],[31.4952,47.2955],[31.5495,47.2795],[31.5844,47.2934],[31.5767,47.3029],[31.6642,47.3369],[31.6324,47.3493],[31.5957,47.3784],[31.5923,47.3909],[31.6178,47.3967],[31.5922,47.4264],[31.608,47.4404],[31.6503,47.4463],[31.6533,47.435],[31.7272,47.4473],[31.7177,47.4536],[31.7321,47.4677],[31.7284,47.4747],[31.7449,47.4805],[31.7512,47.5075],[31.7798,47.5176],[31.7847,47.5276],[31.802,47.5359],[31.795,47.5502],[31.7765,47.561],[31.7854,47.5631],[31.7838,47.5778],[31.7936,47.5809],[31.8057,47.5756],[31.8103,47.5674],[31.8021,47.5614],[31.8839,47.5679],[31.8872,47.5551],[31.9455,47.5598],[31.9529,47.5405],[31.9917,47.544],[31.9986,47.5327],[32.099,47.5517],[32.1099,47.5559],[32.1098,47.5643],[32.125,47.5665]]],[[[31.8573,46.5168],[31.8455,46.4976],[31.8202,46.4963],[31.8069,46.4789],[31.7535,46.4883],[31.7125,46.4799],[31.6986,46.467],[31.6949,46.4498],[31.7091,46.4364],[31.6923,46.4433],[31.7095,46.4288],[31.633,46.4897],[31.5382,46.5479],[31.5221,46.5626],[31.512,46.577],[31.536,46.5534],[31.58,46.5368],[31.6742,46.5351],[31.7087,46.545],[31.7531,46.5464],[31.8031,46.5261],[31.8573,46.5168]]],[[[31.7692,46.3831],[31.7614,46.3837],[31.7756,46.3729],[31.7622,46.3773],[31.7662,46.3728],[31.7517,46.3856],[31.7299,46.4239],[31.7692,46.3831]]],[[[31.7228,46.4286],[31.7269,46.4255],[31.7208,46.4295],[31.7228,46.4286]]],[[[31.562,46.5695],[31.5579,46.5715],[31.559,46.575],[31.562,46.5695]]],[[[31.4068,46.6004],[31.4145,46.598],[31.4127,46.5942],[31.4068,46.6004]]]]}},{"type":"Feature","properties":{"k":"pervomaiskyi","o":"Миколаївська"},"geometry":{"type":"Polygon","coordinates":[[[30.3078,48.1416],[30.3283,48.1473],[30.3276,48.16],[30.3666,48.1742],[30.3841,48.1744],[30.39,48.166],[30.4148,48.1624],[30.4358,48.1719],[30.4685,48.1624],[30.4956,48.1699],[30.5043,48.1579],[30.5268,48.1795],[30.5561,48.1559],[30.6177,48.1561],[30.6201,48.1663],[30.6566,48.1719],[30.6475,48.1853],[30.7168,48.1955],[30.7193,48.1865],[30.7854,48.1914],[30.7925,48.1678],[30.8152,48.1697],[30.8231,48.1908],[30.8277,48.1816],[30.8484,48.1844],[30.855,48.1611],[30.894,48.1654],[30.9002,48.1593],[30.921,48.1698],[30.9303,48.1662],[30.9317,48.184],[30.9892,48.1845],[30.981,48.2221],[31.053,48.2323],[31.0563,48.2201],[31.138,48.2293],[31.1401,48.2207],[31.1639,48.2224],[31.1847,48.203],[31.192,48.1941],[31.1798,48.1809],[31.2013,48.1684],[31.2206,48.1707],[31.2363,48.117],[31.3208,48.1372],[31.3259,48.1133],[31.3679,48.1192],[31.3873,48.1314],[31.3955,48.1084],[31.4043,48.1095],[31.4078,48.0966],[31.3981,48.0953],[31.413,48.0385],[31.3998,48.0369],[31.4034,48.0221],[31.4066,48.0142],[31.4183,48.0153],[31.4222,47.9991],[31.4355,48.0006],[31.478,47.8498],[31.4454,47.8456],[31.4562,47.8091],[31.4419,47.8072],[31.4522,47.7768],[31.4162,47.7716],[31.409,47.793],[31.3741,47.7876],[31.3827,47.7626],[31.293,47.7492],[31.261,47.7813],[31.2575,47.8031],[31.2724,47.8476],[31.2921,47.8505],[31.3037,47.8323],[31.3125,47.835],[31.2974,47.8446],[31.298,47.8549],[31.2615,47.8476],[31.2362,47.9149],[31.1933,47.9089],[31.1907,47.918],[31.0898,47.9046],[31.112,47.8801],[31.0955,47.8781],[31.0879,47.8921],[31.0456,47.8868],[31.0489,47.8752],[30.9979,47.8681],[30.9958,47.8755],[30.9719,47.8716],[30.9741,47.865],[30.9365,47.86],[30.935,47.8651],[30.8851,47.8508],[30.8833,47.8569],[30.8651,47.852],[30.8688,47.846],[30.8488,47.8402],[30.8482,47.8323],[30.7719,47.8212],[30.7804,47.7933],[30.7512,47.7889],[30.7587,47.7637],[30.7835,47.767],[30.7927,47.7361],[30.7662,47.732],[30.7695,47.7215],[30.7461,47.7133],[30.7552,47.7028],[30.7403,47.7004],[30.7768,47.6473],[30.7093,47.6389],[30.72,47.6084],[30.6601,47.6001],[30.6581,47.6168],[30.6659,47.6172],[30.6648,47.6342],[30.6182,47.624],[30.6136,47.6355],[30.4711,47.6182],[30.4639,47.6404],[30.4204,47.6341],[30.3887,47.7524],[30.4239,47.7608],[30.4161,47.7872],[30.4398,47.7891],[30.4362,47.8007],[30.4283,47.7996],[30.4224,47.8212],[30.3309,47.8099],[30.298,47.9221],[30.3075,47.9297],[30.282,47.9502],[30.2454,47.9671],[30.2489,47.9816],[30.2257,48.0119],[30.2575,48.0212],[30.2562,48.0278],[30.234,48.0599],[30.227,48.0554],[30.2066,48.0676],[30.2334,48.0702],[30.2488,48.0896],[30.2825,48.0849],[30.2891,48.0963],[30.3243,48.0943],[30.3141,48.1058],[30.3274,48.1019],[30.3265,48.0972],[30.3568,48.1016],[30.3568,48.1127],[30.3154,48.1167],[30.3078,48.1416]]]}},{"type":"Feature","properties":{"k":"berezivskyi","o":"Одеська"},"geometry":{"type":"Polygon","coordinates":[[[30.7093,47.6389],[30.7881,47.649],[30.7924,47.636],[30.7808,47.6344],[30.7813,47.6242],[30.7745,47.6232],[30.7787,47.584],[30.745,47.5789],[30.7518,47.5592],[30.7706,47.5534],[30.773,47.5459],[30.8029,47.5542],[30.8049,47.5468],[30.8288,47.5494],[30.834,47.5366],[30.8762,47.5444],[30.8795,47.5339],[30.8754,47.5333],[30.8829,47.5071],[30.8532,47.5027],[30.8657,47.4442],[30.8482,47.444],[30.8515,47.4205],[30.8872,47.4257],[30.8934,47.4033],[30.8739,47.4007],[30.8826,47.3668],[30.886,47.3588],[30.9009,47.3597],[30.9091,47.3442],[30.8658,47.3336],[30.8727,47.318],[30.8927,47.3208],[30.9074,47.2767],[30.9993,47.2898],[30.9899,47.2686],[31.0074,47.2703],[31.0189,47.2389],[31.1706,47.2659],[31.1756,47.2565],[31.1678,47.2553],[31.178,47.2222],[31.1457,47.2179],[31.1568,47.181],[31.1228,47.1763],[31.1188,47.1886],[31.1089,47.1871],[31.1156,47.166],[31.1056,47.1649],[31.109,47.1543],[31.1984,47.1547],[31.2008,47.1714],[31.2465,47.1776],[31.2491,47.1687],[31.2694,47.1715],[31.2932,47.0926],[31.3021,47.0825],[31.2937,47.0814],[31.305,47.0475],[31.2949,47.0459],[31.298,47.0321],[31.2892,47.0311],[31.2912,47.0245],[31.268,47.0214],[31.2661,47.0279],[31.2298,47.0216],[31.2428,46.9915],[31.1399,46.9784],[31.1362,46.9892],[31.0869,46.9824],[31.0899,46.9735],[31.0176,46.9634],[31.0142,46.948],[31.0384,46.9252],[31.041,46.9095],[31.0033,46.9081],[31.0034,46.8984],[30.9769,46.8949],[30.9789,46.8872],[30.9408,46.8825],[30.9427,46.8758],[30.9107,46.8709],[30.907,46.8821],[30.8988,46.8809],[30.8925,46.9002],[30.9035,46.9017],[30.8959,46.9244],[30.8656,46.92],[30.8643,46.943],[30.8438,46.9541],[30.7951,46.9467],[30.8024,46.9173],[30.7228,46.9013],[30.7177,46.8897],[30.7103,46.8969],[30.712,46.8882],[30.6931,46.8783],[30.6913,46.8714],[30.6866,46.8709],[30.6817,46.8883],[30.6906,46.8895],[30.6958,46.9073],[30.6413,46.8996],[30.6448,46.8691],[30.6593,46.8652],[30.666,46.8533],[30.6737,46.8547],[30.6781,46.8393],[30.6516,46.8304],[30.6611,46.7992],[30.6532,46.7979],[30.6582,46.7801],[30.6074,46.7745],[30.5975,46.7896],[30.5923,46.7864],[30.5938,46.7754],[30.5652,46.7688],[30.5643,46.7839],[30.5598,46.7823],[30.5472,46.8102],[30.51,46.7946],[30.4791,46.8383],[30.4676,46.8282],[30.4047,46.82],[30.3938,46.8448],[30.373,46.8419],[30.3482,46.9257],[30.3162,46.9225],[30.315,46.9492],[30.3345,46.9521],[30.3323,46.9602],[30.3165,46.9577],[30.314,46.9676],[30.291,46.9662],[30.2869,46.9794],[30.2549,46.976],[30.2598,46.9585],[30.2458,46.9567],[30.237,46.9905],[30.1384,46.98],[30.1097,47.0943],[30.1359,47.0954],[30.1573,47.1019],[30.1555,47.1072],[30.1736,47.1098],[30.154,47.2008],[30.1482,47.2004],[30.138,47.2184],[30.1338,47.2408],[30.1179,47.2394],[30.1129,47.2574],[30.1088,47.2733],[30.1285,47.2754],[30.123,47.2952],[30.1099,47.2934],[30.117,47.2841],[30.0869,47.2874],[30.0876,47.2743],[30.0828,47.2735],[30.0709,47.3055],[30.0638,47.3044],[30.0624,47.3226],[30.0516,47.3202],[30.0483,47.3282],[29.9646,47.3167],[29.9505,47.2975],[29.9332,47.2914],[29.8893,47.3349],[29.8961,47.3397],[29.8907,47.3559],[29.9075,47.362],[29.9059,47.369],[29.8878,47.3669],[29.8753,47.4135],[29.9522,47.4221],[29.9506,47.4292],[29.9778,47.4328],[29.9769,47.4371],[30.0424,47.4405],[30.0551,47.4395],[30.0563,47.4322],[30.1078,47.4391],[30.1281,47.4608],[30.1464,47.4634],[30.1296,47.4789],[30.1215,47.4779],[30.1143,47.494],[30.1655,47.5013],[30.1561,47.5327],[30.2248,47.5404],[30.2173,47.5517],[30.2755,47.5666],[30.2943,47.5653],[30.2965,47.5573],[30.4829,47.5818],[30.4711,47.6182],[30.5584,47.6306],[30.5745,47.6269],[30.6136,47.6355],[30.6182,47.624],[30.6648,47.6342],[30.6659,47.6172],[30.6581,47.6168],[30.6601,47.6001],[30.7012,47.6021],[30.72,47.6084],[30.7093,47.6389]]]}},{"type":"Feature","properties":{"k":"bilhoroddnistrovskyi","o":"Одеська"},"geometry":{"type":"Polygon","coordinates":[[[29.6493,45.5278],[29.5974,45.5605],[29.6091,45.6189],[29.6045,45.6482],[29.5519,45.6437],[29.5548,45.6238],[29.4937,45.6145],[29.4868,45.6208],[29.4926,45.6265],[29.4893,45.6412],[29.4686,45.6387],[29.4612,45.6752],[29.4241,45.6708],[29.4182,45.6992],[29.3268,45.6897],[29.3157,45.7312],[29.3747,45.7368],[29.4107,45.7521],[29.4033,45.7916],[29.4847,45.7779],[29.4846,45.7919],[29.467,45.7918],[29.438,45.8647],[29.4652,45.9142],[29.4951,45.909],[29.596,45.9224],[29.5904,45.9496],[29.5608,45.9458],[29.5515,46.0442],[29.5033,46.0379],[29.5335,46.0952],[29.5314,46.1407],[29.5199,46.1519],[29.4731,46.1468],[29.4734,46.1589],[29.4825,46.1605],[29.4847,46.1957],[29.5135,46.1986],[29.5511,46.1906],[29.6128,46.1975],[29.5975,46.2133],[29.6146,46.2175],[29.598,46.2732],[29.6104,46.2746],[29.6037,46.2946],[29.5312,46.2874],[29.384,46.3244],[29.4845,46.3604],[29.4729,46.3743],[29.4505,46.3847],[29.444,46.3933],[29.4481,46.3985],[29.4198,46.4038],[29.3866,46.4464],[29.4479,46.4987],[29.5034,46.4598],[29.4798,46.4414],[29.4932,46.4318],[29.5072,46.4233],[29.5655,46.4163],[29.5801,46.3607],[29.6,46.3628],[29.603,46.3534],[29.6768,46.3611],[29.66,46.436],[29.6779,46.4419],[29.6858,46.4263],[29.7343,46.4352],[29.7311,46.4398],[29.742,46.4434],[29.7264,46.467],[29.7408,46.4729],[29.7679,46.4523],[29.7764,46.4544],[29.7868,46.4199],[29.8225,46.3957],[29.8051,46.3855],[29.8907,46.3522],[29.8863,46.3715],[29.938,46.4002],[29.9878,46.3841],[29.9985,46.3892],[30.0084,46.3598],[30.0869,46.3719],[30.0896,46.3839],[30.1698,46.4144],[30.1742,46.4197],[30.1686,46.4351],[30.1873,46.4337],[30.1916,46.445],[30.2148,46.4443],[30.2461,46.4287],[30.2608,46.4143],[30.2556,46.4007],[30.2611,46.3871],[30.2717,46.3743],[30.2876,46.3711],[30.2992,46.3476],[30.2839,46.3405],[30.2921,46.3265],[30.2729,46.3047],[30.2714,46.2677],[30.3769,46.2225],[30.456,46.1121],[30.4905,46.1559],[30.5038,46.1511],[30.5493,46.1834],[30.5591,46.1799],[30.5585,46.1677],[30.5649,46.1656],[30.5499,46.1481],[30.5114,46.1225],[30.4818,46.0816],[30.3557,45.9862],[30.2218,45.8659],[30.0853,45.7928],[29.8539,45.6532],[29.7509,45.6015],[29.7022,45.572],[29.6493,45.5278]]]}},{"type":"Feature","properties":{"k":"bolhradskyi","o":"Одеська"},"geometry":{"type":"Polygon","coordinates":[[[29.3985,46.4256],[29.4198,46.4038],[29.4481,46.3985],[29.444,46.3933],[29.4505,46.3847],[29.4729,46.3743],[29.4845,46.3604],[29.384,46.3244],[29.5312,46.2874],[29.6037,46.2946],[29.6104,46.2746],[29.598,46.2732],[29.6146,46.2175],[29.5975,46.2133],[29.6128,46.1975],[29.5511,46.1906],[29.5135,46.1986],[29.4847,46.1957],[29.4825,46.1605],[29.4734,46.1589],[29.4731,46.1468],[29.5199,46.1519],[29.5314,46.1407],[29.5335,46.0952],[29.5033,46.0379],[29.5515,46.0442],[29.5608,45.9458],[29.5904,45.9496],[29.596,45.9224],[29.4951,45.909],[29.4652,45.9142],[29.438,45.8647],[29.467,45.7918],[29.4846,45.7919],[29.4847,45.7779],[29.4033,45.7916],[29.4107,45.7521],[29.3747,45.7368],[29.3157,45.7312],[29.2085,45.7081],[29.2163,45.7178],[29.2025,45.7198],[29.2006,45.7359],[29.1923,45.7357],[29.1816,45.7887],[29.1857,45.7921],[29.1692,45.8135],[29.0802,45.7978],[29.0849,45.7826],[29.0667,45.7793],[29.0756,45.7515],[29.0573,45.7528],[29.0427,45.7348],[29.0191,45.7371],[29.0136,45.7302],[29.0228,45.7023],[28.9723,45.6979],[28.9859,45.6561],[28.9367,45.6503],[28.9479,45.6284],[28.8782,45.6166],[28.8817,45.6067],[28.8341,45.5984],[28.8127,45.6063],[28.8064,45.6053],[28.8077,45.6006],[28.7375,45.5893],[28.7782,45.4699],[28.7146,45.4575],[28.6623,45.4352],[28.6578,45.4586],[28.6428,45.4721],[28.6588,45.5204],[28.5993,45.5347],[28.5528,45.5539],[28.5158,45.6653],[28.483,45.6598],[28.4811,45.681],[28.5041,45.7003],[28.5188,45.7372],[28.5562,45.7364],[28.564,45.7265],[28.5887,45.7289],[28.595,45.7401],[28.5795,45.77],[28.6246,45.7664],[28.7092,45.7799],[28.6966,45.8179],[28.7862,45.8324],[28.7546,45.9272],[28.7637,45.934],[28.7571,45.9571],[28.7795,45.9602],[28.7762,45.9706],[28.979,46.0035],[29.0056,46.0495],[28.9505,46.0939],[29.0676,46.1955],[28.9492,46.2605],[28.9937,46.3319],[28.9673,46.3742],[28.9303,46.4573],[29.0259,46.4625],[29.0233,46.48],[28.9891,46.4792],[28.9889,46.489],[29.033,46.4909],[29.0392,46.4936],[29.0397,46.506],[29.0623,46.507],[29.0631,46.5121],[29.1634,46.5152],[29.1617,46.5447],[29.2354,46.5585],[29.24,46.5031],[29.2493,46.4998],[29.2553,46.4858],[29.2199,46.4635],[29.2296,46.4582],[29.2311,46.4339],[29.2468,46.4193],[29.2076,46.3846],[29.241,46.376],[29.2666,46.3936],[29.2631,46.4057],[29.2966,46.4169],[29.3035,46.4082],[29.3241,46.4147],[29.306,46.4445],[29.3185,46.4477],[29.3085,46.465],[29.3364,46.4736],[29.3317,46.496],[29.3499,46.5042],[29.3985,46.4256]]]}},{"type":"Feature","properties":{"k":"izmailskyi","o":"Одеська"},"geometry":{"type":"MultiPolygon","coordinates":[[[[30.2075,45.2569],[30.2062,45.2526],[30.2002,45.2569],[30.2075,45.2569]]],[[[29.3157,45.7312],[29.3268,45.6897],[29.4182,45.6992],[29.4241,45.6708],[29.4612,45.6752],[29.4686,45.6387],[29.4893,45.6412],[29.4926,45.6265],[29.4868,45.6208],[29.4937,45.6145],[29.5548,45.6238],[29.5519,45.6437],[29.6045,45.6482],[29.6091,45.6189],[29.5974,45.5605],[29.6496,45.5294],[29.6243,45.5021],[29.6288,45.4831],[29.6165,45.4865],[29.6167,45.4749],[29.6097,45.4789],[29.6109,45.488],[29.6039,45.4816],[29.6159,45.4698],[29.6313,45.4749],[29.6326,45.4621],[29.6454,45.4524],[29.6605,45.462],[29.6601,45.4677],[29.6511,45.4667],[29.6529,45.4746],[29.6706,45.4743],[29.6775,45.4699],[29.6704,45.4639],[29.6791,45.4585],[29.6926,45.4679],[29.7085,45.4579],[29.7135,45.4636],[29.706,45.4696],[29.7451,45.4899],[29.7544,45.4892],[29.745,45.4771],[29.7481,45.4673],[29.7814,45.4675],[29.7817,45.4515],[29.7728,45.4347],[29.7737,45.4521],[29.755,45.4439],[29.7664,45.424],[29.7568,45.4108],[29.7615,45.4072],[29.7547,45.3759],[29.7575,45.3564],[29.7673,45.342],[29.7586,45.3379],[29.7658,45.3218],[29.7437,45.2825],[29.7398,45.2462],[29.7568,45.2225],[29.7345,45.2274],[29.7227,45.2092],[29.7072,45.2198],[29.7031,45.2116],[29.6944,45.2109],[29.6958,45.2055],[29.6881,45.2083],[29.6863,45.2031],[29.6619,45.24],[29.6644,45.2605],[29.6774,45.2697],[29.6761,45.2815],[29.6696,45.308],[29.6509,45.3402],[29.5949,45.3882],[29.5503,45.4092],[29.4757,45.4228],[29.4387,45.4344],[29.4291,45.4431],[29.3933,45.4362],[29.3531,45.4375],[29.3273,45.4482],[29.2932,45.4275],[29.238,45.4326],[29.219,45.4199],[29.188,45.4123],[29.1695,45.3949],[29.1061,45.3746],[29.0842,45.3739],[28.9856,45.3319],[28.9664,45.3312],[28.9502,45.314],[28.9542,45.2917],[28.9431,45.28],[28.9192,45.2836],[28.8713,45.3168],[28.8493,45.3163],[28.82,45.3349],[28.7975,45.3351],[28.7809,45.3232],[28.8045,45.3114],[28.8027,45.3019],[28.7897,45.2916],[28.7595,45.29],[28.7516,45.2815],[28.7668,45.2625],[28.7908,45.2488],[28.7914,45.2422],[28.7098,45.2241],[28.6494,45.2408],[28.5591,45.249],[28.5328,45.2624],[28.3478,45.3207],[28.2822,45.3976],[28.2864,45.4321],[28.2785,45.446],[28.2618,45.4557],[28.2112,45.4671],[28.2586,45.5183],[28.3059,45.5468],[28.4155,45.514],[28.4267,45.5305],[28.4276,45.4861],[28.5153,45.4999],[28.4915,45.5712],[28.5441,45.5801],[28.5528,45.5539],[28.5993,45.5347],[28.6588,45.5204],[28.6428,45.4721],[28.6578,45.4586],[28.6623,45.4352],[28.7146,45.4575],[28.7782,45.4699],[28.7375,45.5893],[28.8077,45.6006],[28.8064,45.6053],[28.8127,45.6063],[28.8341,45.5984],[28.8817,45.6067],[28.8782,45.6166],[28.9479,45.6284],[28.9367,45.6503],[28.9859,45.6561],[28.9723,45.6979],[29.0228,45.7023],[29.0136,45.7302],[29.0191,45.7371],[29.0427,45.7348],[29.0573,45.7528],[29.0756,45.7515],[29.0667,45.7793],[29.0849,45.7826],[29.0802,45.7978],[29.1692,45.8135],[29.1857,45.7921],[29.1816,45.7887],[29.1923,45.7357],[29.2006,45.7359],[29.2025,45.7198],[29.2163,45.7178],[29.2085,45.7081],[29.3157,45.7312]]],[[[29.6302,45.4801],[29.6484,45.4711],[29.6247,45.4783],[29.6302,45.4801]]]]}},{"type":"Feature","properties":{"k":"odeskyi","o":"Одеська"},"geometry":{"type":"MultiPolygon","coordinates":[[[[31.041,46.9095],[31.0423,46.8982],[31.0648,46.8968],[31.0941,46.8811],[31.1044,46.8705],[31.1127,46.8445],[31.1424,46.8441],[31.1569,46.8346],[31.1529,46.795],[31.1775,46.7681],[31.1532,46.745],[31.1558,46.7271],[31.1602,46.7172],[31.1789,46.709],[31.1851,46.6629],[31.1987,46.6602],[31.1758,46.6518],[31.1901,46.6472],[31.1886,46.6396],[31.1764,46.6275],[31.0117,46.5991],[30.8946,46.5711],[30.8307,46.5493],[30.7927,46.5579],[30.7475,46.542],[30.7357,46.5274],[30.7333,46.5153],[30.7383,46.5128],[30.7313,46.5068],[30.7352,46.4976],[30.7593,46.4913],[30.7726,46.4412],[30.7542,46.3986],[30.7521,46.3752],[30.715,46.3587],[30.6808,46.3247],[30.681,46.3153],[30.6658,46.3004],[30.6637,46.2888],[30.6525,46.2827],[30.6264,46.2427],[30.5851,46.1996],[30.5649,46.1656],[30.5585,46.1677],[30.5591,46.1799],[30.5493,46.1834],[30.5038,46.1511],[30.4905,46.1559],[30.456,46.1121],[30.3769,46.2225],[30.2714,46.2677],[30.2729,46.3047],[30.2921,46.3265],[30.2839,46.3405],[30.2992,46.3476],[30.2876,46.3711],[30.2717,46.3743],[30.2611,46.3871],[30.2556,46.4007],[30.2608,46.4143],[30.2461,46.4287],[30.2294,46.4394],[30.1961,46.4456],[30.1873,46.4337],[30.1686,46.4351],[30.1742,46.4197],[30.1698,46.4144],[30.1624,46.4138],[30.1563,46.4289],[30.1499,46.4275],[30.1452,46.4134],[30.1339,46.4107],[30.1299,46.413],[30.1352,46.4171],[30.1223,46.4269],[30.1111,46.4312],[30.1053,46.4273],[30.0956,46.4397],[30.0902,46.4379],[30.0973,46.4258],[30.083,46.4346],[30.0783,46.4235],[30.0567,46.4274],[30.0556,46.4346],[30.0641,46.4424],[30.023,46.4417],[30.0261,46.4528],[30.0073,46.4536],[29.9937,46.462],[30.0233,46.4686],[29.994,46.4743],[30.0169,46.4814],[30.0066,46.4842],[29.9911,46.478],[29.9894,46.4864],[30.0009,46.4956],[29.9875,46.4938],[29.9923,46.5012],[29.9869,46.5097],[29.9826,46.4988],[29.9717,46.5017],[29.9604,46.4906],[29.952,46.4907],[29.9645,46.505],[29.9605,46.5098],[29.9518,46.498],[29.9368,46.4941],[29.9433,46.5019],[29.9242,46.5029],[29.9277,46.513],[29.9055,46.5147],[29.9132,46.5217],[29.8957,46.5275],[29.9021,46.5324],[29.889,46.5462],[29.8779,46.5425],[29.8756,46.5471],[29.9448,46.5548],[29.9484,46.5613],[29.94,46.5595],[29.9483,46.5686],[29.939,46.5685],[29.9341,46.5813],[29.9586,46.6078],[29.9561,46.6329],[30.1528,46.6275],[30.1282,46.6754],[30.3167,46.6898],[30.325,46.652],[30.2763,46.6472],[30.2812,46.6329],[30.3384,46.6396],[30.3444,46.6142],[30.3742,46.6169],[30.3507,46.6545],[30.3999,46.6587],[30.3896,46.705],[30.3297,46.7068],[30.3243,46.7303],[30.392,46.7386],[30.3765,46.7489],[30.3766,46.7599],[30.403,46.739],[30.4941,46.7554],[30.4868,46.7905],[30.4616,46.8271],[30.4791,46.8383],[30.51,46.7946],[30.5472,46.8102],[30.5598,46.7823],[30.5643,46.7839],[30.5652,46.7688],[30.5938,46.7754],[30.5923,46.7864],[30.5975,46.7896],[30.6074,46.7745],[30.6582,46.7801],[30.6532,46.7979],[30.6611,46.7992],[30.6516,46.8304],[30.6781,46.8393],[30.6737,46.8547],[30.666,46.8533],[30.6593,46.8652],[30.6448,46.8691],[30.6413,46.8996],[30.6958,46.9073],[30.6906,46.8895],[30.6817,46.8883],[30.6866,46.8709],[30.6913,46.8714],[30.6931,46.8783],[30.712,46.8882],[30.7103,46.8969],[30.7177,46.8897],[30.7228,46.9013],[30.8024,46.9173],[30.7951,46.9467],[30.8438,46.9541],[30.8643,46.943],[30.8656,46.92],[30.8959,46.9244],[30.9035,46.9017],[30.8925,46.9002],[30.8988,46.8809],[30.907,46.8821],[30.9107,46.8709],[30.9427,46.8758],[30.9408,46.8825],[30.9789,46.8872],[30.9769,46.8949],[31.0034,46.8984],[31.0033,46.9081],[31.041,46.9095]]],[[[30.0896,46.3839],[30.0869,46.3719],[30.0084,46.3598],[29.9968,46.3838],[29.9985,46.3892],[30.0217,46.383],[30.0578,46.3983],[30.0896,46.3839]]]]}},{"type":"Feature","properties":{"k":"podilskyi","o":"Одеська"},"geometry":{"type":"Polygon","coordinates":[[[29.0578,48.1896],[29.0777,48.1935],[29.1343,48.1525],[29.1457,48.1557],[29.1582,48.1486],[29.1415,48.1407],[29.1819,48.1412],[29.2093,48.1342],[29.2133,48.1431],[29.2413,48.1413],[29.2512,48.1497],[29.2614,48.1304],[29.2417,48.1288],[29.2349,48.1203],[29.2055,48.1223],[29.204,48.1174],[29.2278,48.1033],[29.2578,48.1122],[29.2569,48.1072],[29.2665,48.1066],[29.2651,48.094],[29.3116,48.086],[29.3513,48.0967],[29.3521,48.0894],[29.3689,48.0945],[29.3719,48.0906],[29.3875,48.0952],[29.3824,48.1026],[29.3945,48.1137],[29.4584,48.1226],[29.4723,48.1221],[29.4776,48.1078],[29.4948,48.1026],[29.5701,48.0987],[29.5736,48.104],[29.5875,48.102],[29.5813,48.1111],[29.5982,48.1198],[29.6025,48.1329],[29.6404,48.1228],[29.6378,48.1116],[29.6636,48.1075],[29.6683,48.1164],[29.6567,48.1189],[29.6727,48.1271],[29.6759,48.1621],[29.6549,48.195],[29.6823,48.1878],[29.7175,48.2014],[29.7635,48.2004],[29.7806,48.2085],[29.7934,48.2012],[29.843,48.2122],[29.8764,48.188],[29.8915,48.1842],[29.9303,48.2333],[29.975,48.217],[29.9904,48.2299],[29.9924,48.2197],[30.0088,48.2086],[29.9999,48.1958],[30.0015,48.1849],[30.0223,48.1854],[30.0326,48.1784],[30.046,48.1526],[30.0609,48.152],[30.0679,48.1447],[30.1064,48.1396],[30.1276,48.1471],[30.1524,48.1431],[30.1876,48.1548],[30.2423,48.1403],[30.2624,48.1476],[30.2857,48.14],[30.3078,48.1416],[30.3154,48.1167],[30.3568,48.1127],[30.3568,48.1016],[30.3265,48.0972],[30.3274,48.1019],[30.3141,48.1058],[30.3243,48.0943],[30.2891,48.0963],[30.2825,48.0849],[30.2488,48.0896],[30.2334,48.0702],[30.2066,48.0676],[30.227,48.0554],[30.234,48.0599],[30.2562,48.0278],[30.2575,48.0212],[30.2257,48.0119],[30.2489,47.9816],[30.2454,47.9671],[30.282,47.9502],[30.3075,47.9297],[30.298,47.9221],[30.3309,47.8099],[30.4224,47.8212],[30.4283,47.7996],[30.4362,47.8007],[30.4398,47.7891],[30.4161,47.7872],[30.4239,47.7608],[30.3887,47.7524],[30.4204,47.6341],[30.4639,47.6404],[30.4829,47.5818],[30.2965,47.5573],[30.2943,47.5653],[30.2755,47.5666],[30.2173,47.5517],[30.2248,47.5404],[30.1561,47.5327],[30.1655,47.5013],[30.1143,47.494],[30.1215,47.4779],[30.1296,47.4789],[30.1464,47.4634],[30.1281,47.4608],[30.1078,47.4391],[30.0563,47.4322],[30.0551,47.4395],[30.0424,47.4405],[29.9488,47.4375],[29.9393,47.4663],[29.8902,47.4601],[29.8873,47.4752],[29.8451,47.4689],[29.8264,47.5317],[29.6044,47.5094],[29.6063,47.4981],[29.5828,47.4967],[29.5876,47.4779],[29.5752,47.4727],[29.5744,47.4592],[29.5905,47.4504],[29.5958,47.4552],[29.6088,47.4528],[29.605,47.4586],[29.6176,47.4453],[29.6019,47.4374],[29.6084,47.42],[29.5768,47.4173],[29.5824,47.39],[29.5698,47.3884],[29.5738,47.3705],[29.4873,47.3561],[29.4914,47.3492],[29.4872,47.3391],[29.495,47.3376],[29.4833,47.3324],[29.4862,47.3061],[29.4265,47.2918],[29.4227,47.3044],[29.3978,47.3005],[29.3827,47.3441],[29.3969,47.3536],[29.3906,47.3794],[29.3374,47.3706],[29.3179,47.4478],[29.2725,47.4354],[29.244,47.4146],[29.2421,47.4618],[29.1902,47.4246],[29.1817,47.4498],[29.1935,47.4605],[29.1909,47.4683],[29.1623,47.4527],[29.1573,47.4591],[29.1868,47.4757],[29.1841,47.4802],[29.1916,47.4878],[29.1826,47.4948],[29.1837,47.5107],[29.1902,47.5144],[29.1836,47.5185],[29.1515,47.5057],[29.1163,47.5546],[29.1841,47.5716],[29.1858,47.585],[29.2175,47.6124],[29.209,47.6286],[29.219,47.6269],[29.2337,47.6421],[29.2088,47.6415],[29.2096,47.6579],[29.2199,47.6583],[29.2187,47.6826],[29.2306,47.6837],[29.2038,47.7194],[29.2142,47.7384],[29.2501,47.7525],[29.2754,47.804],[29.2477,47.8108],[29.2332,47.7976],[29.22,47.7974],[29.1992,47.8189],[29.2247,47.8552],[29.2812,47.8881],[29.2175,47.8864],[29.2232,47.891],[29.2149,47.8961],[29.2127,47.8856],[29.2016,47.8843],[29.1744,47.9934],[29.1248,47.9937],[29.1311,47.9821],[29.0938,47.9831],[29.0832,47.9771],[29.0964,47.9733],[29.0975,47.9602],[29.082,47.9715],[29.0777,47.9678],[29.0862,47.9469],[29.0514,47.9429],[29.0397,47.9477],[29.0331,47.9425],[28.9615,47.9792],[28.9249,47.961],[28.878,48.0008],[28.8825,48.0105],[28.8563,48.0198],[28.8546,48.0272],[28.8394,48.0348],[28.852,48.0609],[28.8438,48.0656],[28.8498,48.0705],[28.8333,48.0728],[28.8571,48.0786],[28.8681,48.0693],[28.873,48.0826],[28.9272,48.0944],[28.9239,48.0985],[28.9283,48.0986],[28.9452,48.1567],[28.9689,48.1543],[28.9844,48.145],[28.9938,48.1519],[29.0045,48.1504],[29.019,48.1314],[29.0322,48.1256],[29.05,48.1495],[29.0426,48.1576],[29.0459,48.1733],[29.0596,48.1797],[29.0578,48.1896]]]}},{"type":"Feature","properties":{"k":"rozdilnianskyi","o":"Одеська"},"geometry":{"type":"Polygon","coordinates":[[[29.9769,47.4371],[29.9778,47.4328],[29.9506,47.4292],[29.9522,47.4221],[29.8753,47.4135],[29.8878,47.3669],[29.9059,47.369],[29.9075,47.362],[29.8907,47.3559],[29.8961,47.3397],[29.8893,47.3349],[29.9332,47.2914],[29.9505,47.2975],[29.9646,47.3167],[30.0483,47.3282],[30.0516,47.3202],[30.0624,47.3226],[30.0638,47.3044],[30.0709,47.3055],[30.0828,47.2735],[30.0876,47.2743],[30.0869,47.2874],[30.117,47.2841],[30.1099,47.2934],[30.123,47.2952],[30.1285,47.2754],[30.1088,47.2733],[30.1129,47.2574],[30.1179,47.2394],[30.1338,47.2408],[30.138,47.2184],[30.1482,47.2004],[30.154,47.2008],[30.1736,47.1098],[30.1555,47.1072],[30.1573,47.1019],[30.1359,47.0954],[30.1097,47.0943],[30.1384,46.98],[30.237,46.9905],[30.2458,46.9567],[30.2598,46.9585],[30.2549,46.976],[30.2869,46.9794],[30.291,46.9662],[30.314,46.9676],[30.3165,46.9577],[30.3323,46.9602],[30.3345,46.9521],[30.315,46.9492],[30.3162,46.9225],[30.3482,46.9257],[30.373,46.8419],[30.3938,46.8448],[30.4047,46.82],[30.4616,46.8271],[30.4868,46.7905],[30.4941,46.7554],[30.403,46.739],[30.3766,46.7599],[30.3765,46.7489],[30.392,46.7386],[30.3243,46.7303],[30.3297,46.7068],[30.3896,46.705],[30.3999,46.6587],[30.3507,46.6545],[30.3742,46.6169],[30.3444,46.6142],[30.3384,46.6396],[30.2812,46.6329],[30.2763,46.6472],[30.325,46.652],[30.3167,46.6898],[30.1282,46.6754],[30.1528,46.6275],[29.9561,46.6329],[29.9449,46.6464],[29.9606,46.6786],[29.9727,46.6884],[29.9688,46.7317],[29.9745,46.754],[29.9663,46.7584],[29.964,46.7754],[29.9349,46.8059],[29.9637,46.8182],[29.9782,46.8169],[29.9692,46.832],[29.9494,46.8417],[29.925,46.8342],[29.9303,46.8286],[29.9051,46.8199],[29.8836,46.8507],[29.8921,46.8535],[29.8839,46.8863],[29.847,46.8817],[29.8489,46.8752],[29.7494,46.8606],[29.7308,46.9193],[29.7216,46.9182],[29.7186,46.932],[29.7113,46.924],[29.648,46.9192],[29.6394,46.955],[29.5713,46.94],[29.556,46.9577],[29.5961,46.9636],[29.6022,47.0416],[29.6284,47.0451],[29.612,47.0999],[29.548,47.0936],[29.5498,47.0757],[29.5303,47.0753],[29.516,47.1125],[29.4999,47.1089],[29.4946,47.1307],[29.5808,47.1358],[29.5511,47.2517],[29.598,47.2571],[29.5698,47.3884],[29.5824,47.39],[29.5768,47.4173],[29.6084,47.42],[29.6019,47.4374],[29.6176,47.4453],[29.605,47.4586],[29.6088,47.4528],[29.5958,47.4552],[29.5905,47.4504],[29.5744,47.4592],[29.5752,47.4727],[29.5876,47.4779],[29.5828,47.4967],[29.6063,47.4981],[29.6044,47.5094],[29.8264,47.5317],[29.8451,47.4689],[29.8873,47.4752],[29.8902,47.4601],[29.9393,47.4663],[29.9488,47.4375],[29.9769,47.4371]]]}},{"type":"Feature","properties":{"k":"kremenchutskyi","o":"Полтавська"},"geometry":{"type":"Polygon","coordinates":[[[33.9308,48.8798],[33.8356,48.931],[33.8107,48.9387],[33.7592,48.9454],[33.7095,48.9409],[33.681,48.9568],[33.6642,48.9785],[33.6379,48.974],[33.6353,48.9621],[33.6045,48.9467],[33.6007,48.9422],[33.6095,48.9385],[33.5892,48.9169],[33.5676,48.9189],[33.5751,48.9111],[33.5477,48.9126],[33.5369,48.9314],[33.4973,48.9266],[33.4856,48.9147],[33.4737,48.9137],[33.4759,48.952],[33.4316,48.9566],[33.4213,48.9489],[33.4156,48.9518],[33.4247,48.9553],[33.4071,48.9615],[33.3987,48.9522],[33.4016,48.9269],[33.3528,48.9484],[33.3527,48.9542],[33.3198,48.9485],[33.3139,48.9582],[33.3252,48.9613],[33.297,49.0079],[33.3347,49.027],[33.2983,49.0662],[33.3079,49.0782],[33.2622,49.0919],[33.2885,49.0971],[33.3042,49.1184],[33.2672,49.1334],[33.2619,49.1523],[33.2403,49.1667],[33.248,49.1458],[33.2485,49.0853],[33.244,49.0787],[33.2253,49.0848],[33.2237,49.0777],[33.2028,49.0729],[33.19,49.0817],[33.1979,49.0879],[33.1856,49.0972],[33.1561,49.0984],[33.1577,49.1119],[33.1508,49.1224],[33.1577,49.1306],[33.1077,49.1816],[33.0295,49.1848],[33.0177,49.1963],[32.9849,49.2091],[32.9879,49.2341],[32.9727,49.2449],[32.926,49.2334],[32.8893,49.2357],[32.8459,49.2496],[32.8134,49.2489],[32.7995,49.2398],[32.7627,49.233],[32.7565,49.2428],[32.7139,49.2576],[32.6782,49.2557],[32.6559,49.2477],[32.6331,49.2604],[32.6096,49.2535],[32.5957,49.2762],[32.5048,49.3076],[32.4663,49.3282],[32.4794,49.3407],[32.4633,49.3409],[32.4611,49.3474],[32.4777,49.3571],[32.4788,49.3666],[32.5099,49.4078],[32.5448,49.3818],[32.5936,49.378],[32.6769,49.3525],[32.7382,49.3538],[32.7371,49.3721],[32.7122,49.3846],[32.6899,49.3852],[32.6774,49.4009],[32.679,49.4253],[32.659,49.4284],[32.6509,49.4358],[32.6729,49.448],[32.6663,49.4664],[32.6773,49.4993],[32.71,49.499],[32.7502,49.5238],[32.7518,49.5433],[32.7472,49.5462],[32.7535,49.5654],[32.7489,49.5698],[32.7573,49.5755],[32.7497,49.5734],[32.7213,49.596],[32.7122,49.594],[32.6963,49.6027],[32.7152,49.6124],[32.7071,49.6157],[32.716,49.6191],[32.7042,49.6429],[32.732,49.6473],[32.7351,49.6544],[32.6968,49.6715],[32.7078,49.6817],[32.7025,49.6846],[32.7054,49.6912],[32.7167,49.6922],[32.714,49.6977],[32.7277,49.7128],[32.7245,49.7207],[32.7304,49.7242],[32.7243,49.725],[32.7235,49.7371],[32.7332,49.742],[32.7642,49.7378],[32.7816,49.75],[32.8149,49.754],[32.8234,49.7643],[32.8099,49.7729],[32.8177,49.785],[32.8489,49.785],[32.8555,49.7921],[32.8504,49.7972],[32.8601,49.7985],[32.8512,49.803],[32.8593,49.8033],[32.8571,49.807],[32.8733,49.808],[32.8793,49.7846],[32.8809,49.7962],[32.8939,49.7892],[32.9102,49.7902],[32.9226,49.7728],[32.9736,49.7611],[32.9681,49.7515],[32.9757,49.7478],[32.9882,49.7529],[33.0074,49.7473],[33.018,49.7546],[33.0526,49.732],[33.0449,49.7275],[33.059,49.7144],[33.1171,49.6952],[33.1292,49.7013],[33.1521,49.692],[33.139,49.68],[33.1532,49.6733],[33.141,49.6597],[33.1738,49.6479],[33.1884,49.6459],[33.1905,49.6647],[33.2597,49.6602],[33.259,49.6513],[33.283,49.6391],[33.2977,49.6457],[33.3149,49.6404],[33.3205,49.6492],[33.3634,49.6528],[33.3665,49.6486],[33.3823,49.6569],[33.4095,49.6427],[33.4469,49.6368],[33.4409,49.6216],[33.4959,49.6128],[33.4893,49.6081],[33.5368,49.5972],[33.5396,49.5911],[33.6177,49.5762],[33.6414,49.531],[33.6397,49.5241],[33.6911,49.5161],[33.7045,49.5035],[33.7381,49.5002],[33.7629,49.4881],[33.7737,49.4729],[33.8045,49.4761],[33.8141,49.4666],[33.8106,49.4559],[33.7909,49.4458],[33.7996,49.4371],[33.7943,49.4262],[33.8049,49.4214],[33.8065,49.4114],[33.8198,49.4109],[33.8129,49.4188],[33.8346,49.408],[33.867,49.4141],[33.8648,49.4094],[33.8735,49.4049],[33.8686,49.4048],[33.8708,49.3962],[33.8784,49.3942],[33.8875,49.3964],[33.8807,49.3996],[33.8854,49.4078],[33.8926,49.4058],[33.8991,49.4137],[33.9014,49.4045],[33.8943,49.4052],[33.8933,49.4001],[33.9019,49.3973],[33.902,49.3885],[33.8924,49.3766],[33.9148,49.3644],[33.9269,49.3712],[33.9795,49.3685],[33.9906,49.3118],[34.0036,49.3129],[34.014,49.2927],[34.028,49.2849],[34.028,49.2762],[34.0062,49.26],[34.0052,49.2514],[34.03,49.2381],[34.0435,49.2082],[34.0373,49.2051],[34.0439,49.1843],[34.0948,49.1773],[34.089,49.1636],[34.1003,49.1619],[34.0881,49.1128],[34.0564,49.1118],[34.0535,49.0792],[34.0481,49.0749],[33.9864,49.0831],[33.9742,49.0513],[33.9884,49.049],[33.9822,49.0351],[33.9919,49.033],[33.9871,49.0198],[33.9639,49.0244],[33.9292,49.0136],[33.8826,49.0136],[33.882,48.9887],[33.9269,48.9871],[33.9267,48.9787],[33.9771,48.9574],[34.0125,48.9331],[33.9308,48.8798]]]}},{"type":"Feature","properties":{"k":"lubenskyi","o":"Полтавська"},"geometry":{"type":"Polygon","coordinates":[[[32.1256,50.2248],[32.0895,50.247],[32.1011,50.2781],[32.0868,50.2837],[32.1402,50.3047],[32.129,50.3157],[32.1423,50.3212],[32.1523,50.3375],[32.1433,50.3483],[32.2164,50.358],[32.2545,50.3468],[32.2689,50.352],[32.2546,50.3523],[32.264,50.3625],[32.2516,50.3738],[32.2902,50.3795],[32.2958,50.3986],[32.3257,50.4035],[32.316,50.4178],[32.3318,50.4269],[32.3648,50.4267],[32.3697,50.4154],[32.3972,50.4069],[32.4014,50.4126],[32.4462,50.3989],[32.4936,50.3996],[32.4891,50.3929],[32.4925,50.377],[32.4859,50.3692],[32.5109,50.3596],[32.5259,50.3455],[32.5626,50.3587],[32.6343,50.3567],[32.6324,50.3662],[32.6717,50.37],[32.6707,50.358],[32.7414,50.3574],[32.7427,50.3518],[32.7504,50.3594],[32.7611,50.3486],[32.7698,50.3532],[32.7929,50.3463],[32.801,50.3563],[32.7864,50.3617],[32.7917,50.3636],[32.7898,50.3709],[32.8366,50.3743],[32.8996,50.4063],[32.9121,50.4054],[32.9172,50.4087],[32.9121,50.4236],[32.921,50.4247],[32.92,50.4293],[32.9457,50.4303],[32.9618,50.4174],[33.0025,50.4242],[33.0009,50.4125],[33.0187,50.4076],[33.0015,50.3828],[33.0505,50.3861],[33.0625,50.3657],[33.0493,50.36],[33.043,50.3341],[33.0611,50.3314],[33.0639,50.3235],[33.0839,50.3227],[33.0833,50.3114],[33.0985,50.3115],[33.104,50.3031],[33.1002,50.2958],[33.1081,50.2842],[33.1263,50.2906],[33.1372,50.2876],[33.131,50.2766],[33.1353,50.2649],[33.1266,50.2612],[33.1244,50.249],[33.1284,50.2441],[33.1425,50.2459],[33.1509,50.234],[33.1513,50.2089],[33.1601,50.206],[33.1515,50.19],[33.1869,50.1802],[33.1954,50.1705],[33.2124,50.1713],[33.2251,50.162],[33.2195,50.1521],[33.2436,50.1473],[33.242,50.1415],[33.2603,50.1437],[33.2792,50.169],[33.2761,50.1762],[33.2871,50.1854],[33.3287,50.2],[33.3469,50.1826],[33.3417,50.1695],[33.3792,50.1484],[33.3697,50.1403],[33.3941,50.1447],[33.3876,50.1131],[33.3773,50.1113],[33.3887,50.0887],[33.4048,50.0869],[33.3859,50.0679],[33.3875,50.0584],[33.3683,50.0252],[33.3266,50.0215],[33.3236,50.0111],[33.2948,50.011],[33.2953,49.9923],[33.2842,49.99],[33.3075,49.9864],[33.3076,49.9797],[33.383,49.9435],[33.3725,49.9297],[33.3795,49.9245],[33.3681,49.9183],[33.3729,49.9039],[33.3645,49.9011],[33.3661,49.8915],[33.3981,49.8866],[33.4338,49.8662],[33.4422,49.8509],[33.4839,49.858],[33.5661,49.833],[33.5685,49.82],[33.5797,49.8201],[33.581,49.7839],[33.5403,49.7681],[33.5467,49.7376],[33.5013,49.6938],[33.5004,49.6568],[33.5147,49.6486],[33.505,49.6399],[33.5105,49.6336],[33.4959,49.6128],[33.4409,49.6216],[33.4469,49.6368],[33.4095,49.6427],[33.3823,49.6569],[33.3665,49.6486],[33.3634,49.6528],[33.3205,49.6492],[33.3149,49.6404],[33.2977,49.6457],[33.283,49.6391],[33.259,49.6513],[33.2597,49.6602],[33.1905,49.6647],[33.1884,49.6459],[33.1738,49.6479],[33.141,49.6597],[33.1532,49.6733],[33.139,49.68],[33.1521,49.692],[33.1292,49.7013],[33.1171,49.6952],[33.059,49.7144],[33.0449,49.7275],[33.0526,49.732],[33.018,49.7546],[33.0074,49.7473],[32.9882,49.7529],[32.9757,49.7478],[32.9681,49.7515],[32.9736,49.7611],[32.9226,49.7728],[32.9102,49.7902],[32.8939,49.7892],[32.8809,49.7962],[32.8793,49.7846],[32.8715,49.8086],[32.8512,49.803],[32.8601,49.7985],[32.8504,49.7972],[32.8555,49.7921],[32.8489,49.785],[32.8177,49.785],[32.8099,49.7729],[32.8234,49.7643],[32.8149,49.754],[32.7816,49.75],[32.7642,49.7378],[32.7332,49.742],[32.7235,49.7371],[32.7243,49.725],[32.7304,49.7242],[32.7245,49.7207],[32.7277,49.7128],[32.714,49.6977],[32.7167,49.6922],[32.7054,49.6912],[32.7025,49.6846],[32.7078,49.6817],[32.6993,49.6787],[32.6968,49.6715],[32.7014,49.6701],[32.696,49.6684],[32.7351,49.6544],[32.732,49.6473],[32.7042,49.6429],[32.7012,49.6481],[32.7094,49.6491],[32.705,49.651],[32.7085,49.6568],[32.6924,49.6578],[32.6724,49.671],[32.675,49.6752],[32.6602,49.6769],[32.6638,49.6804],[32.574,49.7025],[32.568,49.7482],[32.5726,49.7529],[32.5557,49.7735],[32.5143,49.7744],[32.5041,49.8045],[32.4493,49.7962],[32.4372,49.8216],[32.3739,49.8744],[32.3928,49.8848],[32.4029,49.8752],[32.4346,49.8882],[32.414,49.9034],[32.4195,49.9281],[32.4301,49.9312],[32.4181,49.9345],[32.4286,49.9603],[32.3789,49.981],[32.3772,50.0006],[32.3685,50.0021],[32.3645,50.0336],[32.3452,50.0358],[32.351,50.0473],[32.3338,50.0583],[32.3216,50.0395],[32.3138,50.0386],[32.2615,50.0824],[32.2764,50.0969],[32.2503,50.1146],[32.3039,50.1199],[32.2986,50.1427],[32.1768,50.165],[32.1628,50.1874],[32.1117,50.2126],[32.1256,50.2248]],[[33.201,49.8824],[33.2124,49.8627],[33.2359,49.8612],[33.2482,49.8907],[33.2606,49.9023],[33.242,49.9172],[33.265,49.9346],[33.2907,49.931],[33.289,49.9416],[33.3253,49.9541],[33.3183,49.9641],[33.313,49.9678],[33.287,49.9549],[33.279,49.964],[33.2604,49.9605],[33.2526,49.9471],[33.2086,49.9239],[33.2042,49.9156],[33.219,49.9053],[33.201,49.8824]]]}},{"type":"Feature","properties":{"k":"myrhorodskyi","o":"Полтавська"},"geometry":{"type":"MultiPolygon","coordinates":[[[[33.6977,49.5104],[33.6911,49.5161],[33.6397,49.5241],[33.6414,49.531],[33.6177,49.5762],[33.5396,49.5911],[33.5368,49.5972],[33.4893,49.6081],[33.5105,49.6336],[33.505,49.6399],[33.5147,49.6486],[33.5004,49.6568],[33.5013,49.6938],[33.5467,49.7376],[33.5403,49.7681],[33.581,49.7839],[33.5797,49.8201],[33.5685,49.82],[33.5661,49.833],[33.4839,49.858],[33.4422,49.8509],[33.4338,49.8662],[33.3981,49.8866],[33.3661,49.8915],[33.3645,49.9011],[33.3729,49.9039],[33.3681,49.9183],[33.3795,49.9245],[33.3725,49.9297],[33.383,49.9435],[33.3076,49.9797],[33.3075,49.9864],[33.2842,49.99],[33.2953,49.9923],[33.2948,50.011],[33.3236,50.0111],[33.3266,50.0215],[33.3683,50.0252],[33.3875,50.0584],[33.3859,50.0679],[33.4048,50.0869],[33.3887,50.0887],[33.3773,50.1113],[33.3876,50.1131],[33.3941,50.1447],[33.3697,50.1403],[33.3792,50.1484],[33.3417,50.1695],[33.3469,50.1826],[33.3287,50.2],[33.2871,50.1854],[33.2761,50.1762],[33.2792,50.169],[33.2603,50.1437],[33.242,50.1415],[33.2436,50.1473],[33.2195,50.1521],[33.2251,50.162],[33.2124,50.1713],[33.1954,50.1705],[33.1869,50.1802],[33.1515,50.19],[33.1601,50.206],[33.1513,50.2089],[33.1509,50.234],[33.1425,50.2459],[33.1284,50.2441],[33.1244,50.249],[33.1266,50.2612],[33.1353,50.2649],[33.131,50.2766],[33.1372,50.2876],[33.1263,50.2906],[33.1081,50.2842],[33.1002,50.2958],[33.104,50.3031],[33.0985,50.3115],[33.0833,50.3114],[33.0839,50.3227],[33.0639,50.3235],[33.0611,50.3314],[33.043,50.3341],[33.0493,50.36],[33.0625,50.3657],[33.0505,50.3861],[33.0015,50.3828],[33.0187,50.4076],[33.0009,50.4125],[33.0025,50.4242],[32.9618,50.4174],[32.932,50.4367],[32.9698,50.4489],[32.9679,50.4573],[32.9783,50.4624],[32.9705,50.4741],[32.99,50.4775],[33.0162,50.4707],[33.0131,50.4804],[33.0252,50.4932],[33.0229,50.5014],[33.0425,50.5022],[33.0653,50.5198],[33.1011,50.5173],[33.1177,50.5051],[33.1299,50.5121],[33.1461,50.5113],[33.1525,50.522],[33.1719,50.5228],[33.1933,50.5078],[33.2208,50.5038],[33.2387,50.5098],[33.2345,50.5151],[33.2444,50.5398],[33.2647,50.5461],[33.2682,50.5536],[33.2851,50.5502],[33.2837,50.5455],[33.3004,50.5351],[33.3177,50.533],[33.3189,50.5205],[33.3739,50.5212],[33.375,50.4975],[33.4123,50.4996],[33.4139,50.4916],[33.4201,50.4914],[33.4192,50.4828],[33.4339,50.4756],[33.4348,50.485],[33.4637,50.4926],[33.4865,50.4816],[33.5017,50.497],[33.5168,50.4824],[33.5317,50.4803],[33.5386,50.4895],[33.5713,50.4947],[33.7173,50.4677],[33.735,50.4585],[33.7862,50.4609],[33.7875,50.4777],[33.83,50.4822],[33.8253,50.4884],[33.8449,50.4908],[33.8511,50.5013],[33.8154,50.5081],[33.8117,50.5155],[33.8924,50.5337],[33.913,50.5145],[33.9546,50.5475],[34.0206,50.5113],[34.0308,50.5112],[34.0277,50.4996],[34.0498,50.5091],[34.0562,50.5054],[34.0549,50.5122],[34.0624,50.5164],[34.1055,50.5037],[34.0823,50.4884],[34.0982,50.4809],[34.1101,50.4821],[34.1199,50.5101],[34.1748,50.5253],[34.2041,50.524],[34.2193,50.5334],[34.249,50.5179],[34.2548,50.4901],[34.25,50.4536],[34.2583,50.4356],[34.2713,50.4325],[34.2867,50.4132],[34.3908,50.367],[34.3771,50.3588],[34.3672,50.3617],[34.3652,50.3533],[34.33,50.3496],[34.3304,50.3446],[34.2734,50.3521],[34.2727,50.344],[34.2632,50.3439],[34.2634,50.3354],[34.2481,50.3363],[34.2508,50.3418],[34.2388,50.3442],[34.2271,50.3364],[34.2368,50.3301],[34.2249,50.3254],[34.2297,50.3137],[34.2033,50.3054],[34.1941,50.2822],[34.1757,50.2717],[34.1836,50.27],[34.1744,50.2506],[34.1435,50.2156],[34.1318,50.1643],[34.1402,50.1563],[34.0569,50.1368],[34.0415,50.1225],[34.0502,50.1128],[34.0377,50.0989],[34.0266,50.1007],[34.0133,50.0811],[34.0217,50.0723],[34.0529,50.0783],[34.0898,50.0629],[34.1032,50.0664],[34.1071,50.059],[34.1358,50.0654],[34.1562,50.0501],[34.1651,50.0547],[34.1928,50.0407],[34.2127,50.0381],[34.2109,50.0203],[34.2281,50.0148],[34.2384,49.9982],[34.243,49.9622],[34.2875,49.965],[34.29,49.9472],[34.2565,49.9425],[34.2619,49.931],[34.285,49.9182],[34.2916,49.9036],[34.2347,49.8915],[34.2347,49.8842],[34.2538,49.8688],[34.233,49.8585],[34.2324,49.8188],[34.2182,49.8128],[34.223,49.803],[34.1806,49.7969],[34.1807,49.7889],[34.1407,49.7936],[34.1416,49.7767],[34.1324,49.7765],[34.1238,49.7658],[34.0946,49.7677],[34.0748,49.7556],[34.0436,49.7549],[34.0476,49.7418],[34.069,49.7306],[34.0548,49.714],[34.038,49.7143],[34.0317,49.7],[33.939,49.7095],[33.9437,49.7033],[33.9078,49.6913],[33.9118,49.6836],[33.9394,49.6887],[33.9445,49.6747],[33.9515,49.6756],[33.954,49.6691],[33.9497,49.6596],[33.9315,49.6622],[33.9087,49.647],[33.8693,49.6458],[33.8687,49.6163],[33.8397,49.6129],[33.8405,49.6042],[33.8097,49.6033],[33.793,49.5824],[33.7641,49.5804],[33.7678,49.5924],[33.7565,49.5858],[33.7454,49.5941],[33.7245,49.5869],[33.6856,49.5886],[33.681,49.5714],[33.6681,49.5728],[33.6973,49.5329],[33.6977,49.5104]]],[[[33.2124,49.8627],[33.201,49.8824],[33.219,49.9053],[33.2042,49.9156],[33.2086,49.9239],[33.2526,49.9471],[33.2604,49.9605],[33.279,49.964],[33.287,49.9549],[33.313,49.9678],[33.3183,49.9641],[33.3253,49.9541],[33.289,49.9416],[33.2907,49.931],[33.265,49.9346],[33.242,49.9172],[33.2606,49.9023],[33.2482,49.8907],[33.2359,49.8612],[33.2124,49.8627]]]]}},{"type":"Feature","properties":{"k":"poltavskyi","o":"Полтавська"},"geometry":{"type":"Polygon","coordinates":[[[34.6483,49.1316],[34.6003,49.1091],[34.5897,49.1121],[34.5933,49.0928],[34.5723,49.0952],[34.5641,49.073],[34.5739,49.0633],[34.5582,49.0555],[34.5383,49.058],[34.5158,49.0719],[34.4991,49.0617],[34.4749,49.0737],[34.4658,49.0643],[34.4021,49.0939],[34.4043,49.0749],[34.4157,49.0549],[34.3902,49.0504],[34.3953,49.0431],[34.3602,49.0334],[34.3637,49.0284],[34.352,49.0214],[34.3532,49.0165],[34.3318,49.0086],[34.3255,48.9988],[34.346,48.9927],[34.3436,48.9887],[34.3529,48.9839],[34.3119,48.9407],[34.3002,48.8959],[34.3116,48.8894],[34.306,48.8848],[34.3374,48.8715],[34.3349,48.8568],[34.3503,48.8563],[34.3504,48.8482],[34.3384,48.8406],[34.3251,48.8442],[34.323,48.8289],[34.3434,48.8244],[34.2971,48.8207],[34.2981,48.7846],[34.3141,48.7849],[34.3233,48.7924],[34.3425,48.7842],[34.3087,48.7651],[34.3167,48.7562],[34.3085,48.7448],[34.312,48.7392],[34.3017,48.7334],[34.3062,48.7273],[34.2922,48.7237],[34.2982,48.7372],[34.2885,48.7434],[34.2528,48.7439],[34.1755,48.776],[34.1512,48.7726],[34.1255,48.7791],[34.1169,48.7945],[34.1274,48.8105],[34.1113,48.8238],[34.0789,48.8219],[34.0329,48.844],[34.0253,48.8625],[33.9853,48.865],[33.9308,48.8798],[34.0125,48.9331],[33.9771,48.9574],[33.9267,48.9787],[33.9269,48.9871],[33.882,48.9887],[33.8826,49.0136],[33.9292,49.0136],[33.9639,49.0244],[33.9871,49.0198],[33.9919,49.033],[33.9822,49.0351],[33.9884,49.049],[33.9742,49.0513],[33.9864,49.0831],[34.0481,49.0749],[34.0535,49.0792],[34.0564,49.1118],[34.0881,49.1128],[34.1003,49.1619],[34.089,49.1636],[34.0948,49.1773],[34.0439,49.1843],[34.0373,49.2051],[34.0435,49.2082],[34.03,49.2381],[34.0052,49.2514],[34.0062,49.26],[34.028,49.2762],[34.028,49.2849],[34.014,49.2927],[34.0036,49.3129],[33.9906,49.3118],[33.9795,49.3685],[33.9269,49.3712],[33.9148,49.3644],[33.8924,49.3766],[33.902,49.3885],[33.9019,49.3973],[33.8933,49.4001],[33.8943,49.4052],[33.9014,49.4045],[33.8991,49.4137],[33.8926,49.4058],[33.8854,49.4078],[33.8807,49.3996],[33.8875,49.3964],[33.8784,49.3942],[33.8708,49.3962],[33.8686,49.4048],[33.8735,49.4049],[33.8648,49.4094],[33.867,49.4141],[33.8346,49.408],[33.8129,49.4188],[33.8198,49.4109],[33.8065,49.4114],[33.8049,49.4214],[33.7943,49.4262],[33.7996,49.4371],[33.7909,49.4458],[33.8077,49.4528],[33.8141,49.4666],[33.8045,49.4761],[33.7737,49.4729],[33.7629,49.4881],[33.7381,49.5002],[33.7045,49.5035],[33.6977,49.5104],[33.6973,49.5329],[33.6681,49.5728],[33.681,49.5714],[33.6856,49.5886],[33.7245,49.5869],[33.7454,49.5941],[33.7565,49.5858],[33.7678,49.5924],[33.7641,49.5804],[33.793,49.5824],[33.8097,49.6033],[33.8405,49.6042],[33.8397,49.6129],[33.8687,49.6163],[33.8693,49.6458],[33.9087,49.647],[33.9315,49.6622],[33.9497,49.6596],[33.954,49.6691],[33.9515,49.6756],[33.9445,49.6747],[33.9394,49.6887],[33.9118,49.6836],[33.9078,49.6913],[33.9437,49.7033],[33.939,49.7095],[34.0317,49.7],[34.038,49.7143],[34.0548,49.714],[34.069,49.7306],[34.0476,49.7418],[34.0436,49.7549],[34.0748,49.7556],[34.0946,49.7677],[34.1238,49.7658],[34.1324,49.7765],[34.1416,49.7767],[34.1407,49.7936],[34.1807,49.7889],[34.1806,49.7969],[34.223,49.803],[34.2182,49.8128],[34.2324,49.8188],[34.233,49.8585],[34.2538,49.8688],[34.2347,49.8842],[34.2347,49.8915],[34.2916,49.9036],[34.285,49.9182],[34.2619,49.931],[34.2565,49.9425],[34.29,49.9472],[34.2875,49.965],[34.243,49.9622],[34.2384,49.9982],[34.2281,50.0148],[34.2109,50.0203],[34.2127,50.0381],[34.1928,50.0407],[34.1651,50.0547],[34.1562,50.0501],[34.1358,50.0654],[34.1071,50.059],[34.1032,50.0664],[34.0898,50.0629],[34.0529,50.0783],[34.0217,50.0723],[34.0133,50.0811],[34.0266,50.1007],[34.0377,50.0989],[34.0502,50.1128],[34.0415,50.1225],[34.0569,50.1368],[34.1402,50.1563],[34.1318,50.1643],[34.1435,50.2156],[34.1744,50.2506],[34.1836,50.27],[34.1757,50.2717],[34.1941,50.2822],[34.2033,50.3054],[34.2297,50.3137],[34.2249,50.3254],[34.2368,50.3301],[34.2271,50.3364],[34.2388,50.3442],[34.2508,50.3418],[34.2481,50.3363],[34.2634,50.3354],[34.2632,50.3439],[34.2727,50.344],[34.2734,50.3521],[34.3304,50.3446],[34.33,50.3496],[34.3652,50.3533],[34.3672,50.3617],[34.3834,50.3572],[34.3914,50.3446],[34.41,50.3374],[34.3996,50.3185],[34.4585,50.2855],[34.52,50.2807],[34.5121,50.2745],[34.5234,50.2562],[34.5135,50.2548],[34.5146,50.2483],[34.527,50.2403],[34.5349,50.2439],[34.5282,50.2475],[34.5327,50.2505],[34.5512,50.246],[34.5596,50.2291],[34.5627,50.2364],[34.5711,50.2266],[34.5599,50.2059],[34.5537,50.2063],[34.523,50.177],[34.5342,50.1713],[34.5264,50.1544],[34.5373,50.1545],[34.5464,50.1326],[34.5715,50.1212],[34.5802,50.1288],[34.5902,50.1278],[34.6321,50.112],[34.6535,50.1152],[34.6646,50.1106],[34.6765,50.1335],[34.6807,50.1308],[34.6751,50.1239],[34.6773,50.1111],[34.6978,50.1111],[34.6966,50.1324],[34.7034,50.1354],[34.6996,50.1493],[34.7201,50.1509],[34.734,50.1605],[34.7496,50.1578],[34.7398,50.1449],[34.7473,50.1445],[34.8006,50.1548],[34.798,50.1597],[34.8313,50.1563],[34.8485,50.165],[34.9408,50.1524],[34.9328,50.1339],[34.9369,50.0952],[34.9558,50.0934],[34.9635,50.0737],[34.9374,50.0616],[34.8562,49.9869],[34.8724,49.9565],[34.8604,49.9493],[34.893,49.932],[34.9123,49.9352],[34.9376,49.9046],[34.9707,49.8851],[34.9797,49.8895],[35.0155,49.8767],[35.0336,49.8884],[35.0644,49.8861],[35.0541,49.8805],[35.0558,49.8745],[35.0454,49.8731],[35.0679,49.8583],[35.0964,49.8588],[35.1194,49.8516],[35.1399,49.8597],[35.2134,49.8334],[35.2198,49.8295],[35.2149,49.8182],[35.2226,49.8067],[35.2,49.8005],[35.2125,49.7893],[35.2061,49.7822],[35.2121,49.7714],[35.2068,49.7637],[35.2092,49.7467],[35.224,49.7363],[35.2594,49.7337],[35.2649,49.7145],[35.2424,49.7129],[35.2563,49.7088],[35.2431,49.6934],[35.2666,49.6858],[35.3297,49.6826],[35.3443,49.665],[35.4334,49.6732],[35.4344,49.6658],[35.4236,49.6637],[35.4252,49.6566],[35.451,49.632],[35.4854,49.5713],[35.4066,49.5608],[35.4043,49.5559],[35.4274,49.5493],[35.4245,49.5407],[35.4324,49.5397],[35.4276,49.5264],[35.4853,49.5162],[35.4907,49.5079],[35.4815,49.484],[35.3317,49.5042],[35.3157,49.4555],[35.3637,49.4474],[35.3486,49.4046],[35.3776,49.3979],[35.2792,49.3182],[35.2891,49.2949],[35.2795,49.2914],[35.2718,49.2771],[35.2587,49.2822],[35.263,49.2888],[35.2425,49.2967],[35.0909,49.3004],[35.0789,49.3083],[35.0791,49.3171],[35.0366,49.3315],[35.0191,49.3184],[35.0239,49.3172],[35.0119,49.3002],[35.0062,49.3021],[34.9802,49.25],[35.0177,49.1508],[35.0119,49.1492],[35.015,49.1545],[34.9873,49.1686],[34.977,49.181],[34.9475,49.1935],[34.9354,49.1814],[34.9246,49.1821],[34.919,49.1558],[34.8986,49.1507],[34.8649,49.1614],[34.8712,49.1681],[34.8965,49.1691],[34.9019,49.1782],[34.865,49.1813],[34.857,49.1843],[34.8575,49.1906],[34.8466,49.1911],[34.8196,49.1867],[34.8254,49.1802],[34.8218,49.1762],[34.8282,49.1764],[34.8113,49.1667],[34.8054,49.1682],[34.8093,49.1751],[34.8032,49.1735],[34.8036,49.1792],[34.7584,49.1684],[34.7652,49.1557],[34.7629,49.1433],[34.7406,49.1447],[34.706,49.1298],[34.6874,49.133],[34.681,49.1293],[34.682,49.1219],[34.6632,49.1193],[34.6519,49.1231],[34.6483,49.1316]]]}},{"type":"Feature","properties":{"k":"varaskyi","o":"Рівненська"},"geometry":{"type":"Polygon","coordinates":[[[25.9957,51.2278],[25.9443,51.2369],[25.9472,51.2507],[25.9312,51.2633],[25.9376,51.264],[25.9306,51.27],[25.9383,51.2778],[25.8943,51.2923],[25.8977,51.3003],[25.8869,51.2982],[25.8876,51.3054],[25.8751,51.3044],[25.8785,51.3121],[25.8693,51.3181],[25.8511,51.318],[25.8434,51.3228],[25.8442,51.3301],[25.8227,51.3433],[25.8348,51.3619],[25.8271,51.3664],[25.8295,51.3705],[25.8438,51.3758],[25.8311,51.3872],[25.8071,51.3746],[25.789,51.3787],[25.7812,51.3743],[25.7553,51.3812],[25.7598,51.4004],[25.7249,51.4001],[25.7173,51.3888],[25.7248,51.3806],[25.7001,51.376],[25.6958,51.383],[25.7041,51.3839],[25.703,51.3937],[25.6908,51.3908],[25.6796,51.4108],[25.6465,51.4171],[25.6361,51.4384],[25.6463,51.4441],[25.6418,51.4795],[25.618,51.4772],[25.6231,51.4932],[25.6022,51.4934],[25.6103,51.5072],[25.5554,51.5008],[25.5519,51.5129],[25.5975,51.5251],[25.5652,51.54],[25.5742,51.5546],[25.5959,51.5623],[25.6024,51.5826],[25.5851,51.594],[25.5821,51.6057],[25.5635,51.6033],[25.5552,51.6243],[25.5326,51.6145],[25.5339,51.6313],[25.5677,51.6327],[25.5668,51.6264],[25.5776,51.6247],[25.5886,51.6446],[25.6085,51.6412],[25.6269,51.6655],[25.6258,51.672],[25.6409,51.6814],[25.6363,51.6887],[25.6491,51.6941],[25.6482,51.7082],[25.6657,51.72],[25.6617,51.7305],[25.6827,51.7559],[25.6703,51.7721],[25.6592,51.7646],[25.6497,51.7668],[25.6595,51.7834],[25.6313,51.8039],[25.6512,51.8235],[25.6403,51.8338],[25.6401,51.8488],[25.6597,51.8701],[25.6886,51.8797],[25.7059,51.8953],[25.6764,51.9024],[25.6293,51.9017],[25.5953,51.9164],[25.5927,51.9244],[25.7063,51.9165],[25.7801,51.9221],[25.7655,51.9496],[25.7797,51.9495],[25.8246,51.9427],[25.8179,51.929],[25.8255,51.925],[25.8652,51.9252],[25.9232,51.9155],[25.9548,51.9191],[25.9961,51.9336],[26.0432,51.9256],[26.0482,51.9136],[26.0951,51.9122],[26.104,51.8994],[26.1252,51.8935],[26.1418,51.8743],[26.157,51.8788],[26.1558,51.8668],[26.1754,51.8693],[26.1908,51.8623],[26.221,51.8665],[26.2208,51.8709],[26.2758,51.8714],[26.3036,51.86],[26.371,51.863],[26.3952,51.8783],[26.3957,51.8311],[26.4274,51.833],[26.4388,51.8181],[26.4692,51.8121],[26.4678,51.7874],[26.4392,51.7604],[26.42,51.7703],[26.4004,51.7634],[26.3471,51.7667],[26.3443,51.7512],[26.3267,51.7488],[26.322,51.7371],[26.3396,51.7336],[26.3467,51.7076],[26.293,51.7129],[26.2813,51.7174],[26.2772,51.7271],[26.2383,51.7337],[26.197,51.7007],[26.1718,51.6964],[26.1701,51.689],[26.1818,51.6832],[26.1964,51.6891],[26.1991,51.6696],[26.2099,51.6665],[26.2193,51.6751],[26.2404,51.6705],[26.3019,51.6388],[26.2755,51.6076],[26.2879,51.5849],[26.3131,51.5808],[26.297,51.5558],[26.2419,51.5548],[26.2276,51.5486],[26.3207,51.4928],[26.3186,51.4792],[26.285,51.4708],[26.3031,51.4551],[26.3605,51.4646],[26.3568,51.4501],[26.3779,51.4201],[26.4294,51.4297],[26.4451,51.4228],[26.4455,51.4067],[26.4503,51.4047],[26.4254,51.387],[26.3727,51.3726],[26.3579,51.3543],[26.3298,51.3506],[26.3287,51.3434],[26.3428,51.326],[26.3634,51.3231],[26.3263,51.3156],[26.3219,51.3085],[26.3286,51.3047],[26.3132,51.3126],[26.229,51.2968],[26.2427,51.3037],[26.2256,51.3141],[26.2366,51.3203],[26.2404,51.3318],[26.2322,51.3326],[26.228,51.3236],[26.2082,51.3302],[26.2048,51.3119],[26.1912,51.3091],[26.1829,51.2989],[26.2133,51.284],[26.2095,51.2702],[26.2478,51.2679],[26.2571,51.2554],[26.2748,51.2538],[26.26,51.235],[26.1557,51.2328],[26.1277,51.2117],[26.0834,51.1959],[26.073,51.1981],[26.0574,51.1856],[25.9957,51.2278]]]}},{"type":"Feature","properties":{"k":"dubenskyi","o":"Рівненська"},"geometry":{"type":"Polygon","coordinates":[[[25.1126,50.2872],[25.1114,50.2943],[25.1013,50.2951],[25.1006,50.3004],[25.1105,50.3052],[25.109,50.3122],[25.1303,50.3106],[25.1295,50.3184],[25.1663,50.3311],[25.1459,50.3442],[25.1518,50.352],[25.1417,50.3691],[25.169,50.3797],[25.1793,50.3622],[25.1987,50.3631],[25.2098,50.3812],[25.1974,50.3934],[25.1694,50.3959],[25.1683,50.4171],[25.1581,50.4227],[25.1585,50.4289],[25.1391,50.4282],[25.137,50.4368],[25.1518,50.4468],[25.138,50.453],[25.1383,50.4611],[25.0841,50.4754],[25.1506,50.4684],[25.163,50.5006],[25.144,50.5213],[25.1222,50.5288],[25.1173,50.5375],[25.1237,50.5535],[25.1506,50.5474],[25.1913,50.5515],[25.1912,50.543],[25.2305,50.5411],[25.2465,50.5375],[25.2434,50.5338],[25.3005,50.5381],[25.3214,50.5687],[25.3188,50.5836],[25.3002,50.5796],[25.3048,50.603],[25.2924,50.6121],[25.2919,50.6305],[25.3118,50.6292],[25.3279,50.6121],[25.3831,50.6115],[25.3911,50.6056],[25.4058,50.6115],[25.3829,50.6196],[25.386,50.6295],[25.3636,50.638],[25.3628,50.6432],[25.3512,50.6415],[25.3529,50.6494],[25.3568,50.6452],[25.3622,50.6519],[25.3848,50.6549],[25.3877,50.6745],[25.3756,50.6823],[25.3859,50.689],[25.4047,50.669],[25.457,50.6625],[25.4638,50.6693],[25.4589,50.6748],[25.4696,50.68],[25.4756,50.6725],[25.5792,50.7001],[25.6017,50.6962],[25.5992,50.7157],[25.6294,50.7144],[25.694,50.7247],[25.6955,50.7032],[25.7221,50.6835],[25.708,50.6791],[25.7088,50.6715],[25.7423,50.6697],[25.7729,50.6763],[25.7952,50.6695],[25.8178,50.6283],[25.8293,50.6198],[25.8098,50.6058],[25.8177,50.5979],[25.8212,50.6061],[25.8555,50.6108],[25.8858,50.5935],[25.9129,50.5911],[25.9202,50.5698],[25.9054,50.5637],[25.9081,50.5602],[25.9497,50.538],[25.959,50.5448],[25.9917,50.5355],[25.9726,50.5202],[25.9783,50.5121],[26.0171,50.5117],[26.0229,50.5045],[26.0668,50.5213],[26.0832,50.5375],[26.0922,50.5355],[26.1039,50.4997],[26.0959,50.4991],[26.0961,50.4735],[26.0813,50.4799],[26.0751,50.4619],[26.0564,50.4429],[26.077,50.4317],[26.068,50.4183],[26.0698,50.4091],[26.0588,50.4098],[26.065,50.384],[26.0285,50.3802],[25.9739,50.3928],[25.9234,50.3898],[25.9376,50.3847],[25.9278,50.3673],[25.9576,50.3509],[25.9714,50.3504],[25.9949,50.3112],[26.0269,50.2868],[26.0611,50.2682],[26.1322,50.2717],[26.1232,50.2675],[26.1127,50.2435],[26.0604,50.2554],[26.0194,50.2291],[26.0088,50.2285],[25.9917,50.2467],[25.9702,50.2463],[25.963,50.2562],[25.9218,50.2539],[25.923,50.2483],[25.8774,50.2193],[25.855,50.1899],[25.8212,50.1816],[25.7959,50.1851],[25.7572,50.1791],[25.729,50.187],[25.7207,50.1733],[25.7033,50.1711],[25.6881,50.1784],[25.6254,50.1521],[25.5757,50.1763],[25.5541,50.1505],[25.4994,50.1565],[25.502,50.1641],[25.476,50.1662],[25.4494,50.1504],[25.4484,50.1241],[25.456,50.1168],[25.484,50.1141],[25.489,50.1018],[25.4541,50.0943],[25.4572,50.0821],[25.4388,50.0722],[25.4314,50.053],[25.3644,50.046],[25.3605,50.0171],[25.3529,50.0173],[25.3491,50.0029],[25.3097,50.0251],[25.1973,50.1311],[25.207,50.1577],[25.201,50.1666],[25.215,50.1798],[25.1655,50.2092],[25.1695,50.223],[25.1827,50.2242],[25.1771,50.2326],[25.19,50.2487],[25.2065,50.2473],[25.2048,50.2794],[25.165,50.2902],[25.1281,50.2821],[25.1126,50.2872]]]}},{"type":"Feature","properties":{"k":"rivnenskyi","o":"Рівненська"},"geometry":{"type":"Polygon","coordinates":[[[25.8098,50.6058],[25.8439,50.6312],[25.8235,50.6467],[25.8692,50.6873],[25.8793,50.7081],[25.8719,50.7386],[25.8871,50.765],[25.8922,50.8031],[25.9087,50.8156],[25.9065,50.8312],[26.0219,50.821],[26.0295,50.8403],[26.0395,50.8417],[26.0377,50.8508],[26.0142,50.8658],[25.9917,50.8658],[26.0007,50.9354],[25.9663,50.9574],[26.048,50.972],[26.0807,50.9717],[26.079,50.9901],[26.0857,51.0028],[26.1073,51.0052],[26.0909,51.051],[26.0175,51.0831],[25.9822,51.0775],[25.9416,51.084],[25.9499,51.1032],[25.9382,51.1125],[25.9416,51.1194],[25.9594,51.1257],[25.9947,51.1234],[25.9932,51.1393],[26.0084,51.1402],[26.0118,51.1309],[26.0587,51.1426],[26.0701,51.158],[26.0581,51.1724],[26.0677,51.1769],[26.0574,51.1856],[26.073,51.1981],[26.0834,51.1959],[26.1089,51.206],[26.1152,51.1937],[26.0816,51.1822],[26.0813,51.1694],[26.1578,51.1725],[26.166,51.1502],[26.1968,51.1595],[26.2004,51.1409],[26.212,51.136],[26.2191,51.1111],[26.2311,51.1177],[26.244,51.1132],[26.2623,51.1183],[26.2838,51.1012],[26.2998,51.1117],[26.3008,51.1038],[26.3057,51.1055],[26.3143,51.095],[26.3455,51.0932],[26.3635,51.0788],[26.348,51.0696],[26.3557,51.0614],[26.3519,51.0535],[26.4362,51.0511],[26.4674,51.0333],[26.4691,51.0256],[26.4838,51.0343],[26.4758,51.0502],[26.4773,51.0666],[26.5077,51.0582],[26.5123,51.0451],[26.503,51.0435],[26.508,51.0383],[26.5196,51.0503],[26.4889,51.081],[26.4699,51.0807],[26.4509,51.092],[26.4677,51.0937],[26.5007,51.0828],[26.5089,51.0906],[26.5336,51.0881],[26.5049,51.1017],[26.4958,51.1161],[26.4747,51.1286],[26.495,51.1462],[26.5604,51.1768],[26.6017,51.1853],[26.636,51.1816],[26.6341,51.1631],[26.6645,51.146],[26.663,51.1255],[26.6738,51.1088],[26.6617,51.1113],[26.6576,51.1045],[26.6867,51.0954],[26.722,51.1062],[26.7212,51.1128],[26.7343,51.1244],[26.7524,51.1225],[26.7576,51.1281],[26.7688,51.123],[26.7852,51.1329],[26.7895,51.1439],[26.7927,51.1444],[26.8058,51.1339],[26.8695,51.1399],[26.8701,51.1303],[26.9722,51.1337],[27.068,51.0877],[27.0897,51.0597],[27.1115,51.0607],[27.1416,51.051],[27.1342,51.03],[27.1779,50.9961],[27.2032,50.991],[27.224,50.9656],[27.2232,50.9521],[27.2383,50.9454],[27.2377,50.9352],[27.2153,50.9259],[27.2173,50.918],[27.2563,50.896],[27.2463,50.8832],[27.2527,50.8817],[27.2442,50.8693],[27.249,50.8568],[27.2315,50.8388],[27.2418,50.8281],[27.234,50.7959],[27.2434,50.7928],[27.2417,50.7703],[27.2705,50.7633],[27.2626,50.7457],[27.2757,50.7223],[27.2722,50.7118],[27.2587,50.7036],[27.2613,50.6987],[27.25,50.6928],[27.2543,50.6893],[27.2446,50.6731],[27.2221,50.6728],[27.2013,50.6632],[27.2135,50.6575],[27.2075,50.6437],[27.2137,50.6396],[27.2005,50.6327],[27.2055,50.6286],[27.1864,50.6253],[27.2248,50.606],[27.2152,50.5884],[27.2312,50.5667],[27.1307,50.5609],[27.1239,50.5735],[27.1305,50.5879],[27.1179,50.595],[27.1033,50.5837],[27.0901,50.5877],[27.0877,50.5799],[27.0795,50.5837],[27.0647,50.562],[27.0758,50.5548],[27.0714,50.5511],[27.0175,50.559],[27.0075,50.5396],[26.9884,50.5334],[26.9828,50.5227],[26.936,50.5315],[26.8997,50.5464],[26.8793,50.5342],[26.8563,50.509],[26.8272,50.5231],[26.8174,50.5025],[26.7783,50.5021],[26.7815,50.4956],[26.765,50.4891],[26.7686,50.4775],[26.76,50.4767],[26.7616,50.4705],[26.7892,50.4752],[26.7865,50.4677],[26.7412,50.4612],[26.7452,50.4796],[26.7344,50.4773],[26.7344,50.4624],[26.7278,50.4577],[26.7389,50.4521],[26.7369,50.4443],[26.7176,50.4458],[26.7126,50.417],[26.692,50.4201],[26.6825,50.3893],[26.6595,50.3922],[26.648,50.3646],[26.623,50.3711],[26.6019,50.3682],[26.5866,50.3396],[26.5527,50.3303],[26.5636,50.3214],[26.5425,50.3186],[26.548,50.3072],[26.5271,50.3109],[26.5198,50.3051],[26.5225,50.2983],[26.5084,50.2889],[26.5146,50.2814],[26.5051,50.2847],[26.4935,50.2794],[26.4984,50.272],[26.4926,50.2678],[26.5045,50.2617],[26.4886,50.2657],[26.4329,50.2601],[26.3988,50.2652],[26.3829,50.2606],[26.3813,50.2529],[26.3618,50.2516],[26.3491,50.2384],[26.324,50.2311],[26.3247,50.2252],[26.3055,50.2131],[26.3054,50.199],[26.2884,50.1813],[26.2297,50.1721],[26.1793,50.1971],[26.1916,50.2184],[26.1852,50.2169],[26.1854,50.2291],[26.2181,50.2302],[26.2212,50.2668],[26.1913,50.2628],[26.1703,50.2445],[26.1655,50.2311],[26.1108,50.2429],[26.1232,50.2675],[26.1322,50.2717],[26.0611,50.2682],[25.9949,50.3112],[25.9714,50.3504],[25.9576,50.3509],[25.9278,50.3673],[25.9376,50.3847],[25.9234,50.3898],[25.9312,50.393],[25.9739,50.3928],[26.0285,50.3802],[26.065,50.384],[26.0588,50.4098],[26.0698,50.4091],[26.068,50.4183],[26.077,50.4317],[26.0564,50.4429],[26.0751,50.4619],[26.0813,50.4799],[26.0961,50.4735],[26.0959,50.4991],[26.1039,50.4997],[26.0922,50.5355],[26.0832,50.5375],[26.0668,50.5213],[26.0229,50.5045],[26.0171,50.5117],[25.9783,50.5121],[25.9726,50.5202],[25.9917,50.5355],[25.959,50.5448],[25.9497,50.538],[25.9081,50.5602],[25.9054,50.5637],[25.9202,50.5698],[25.9129,50.5911],[25.8858,50.5935],[25.8555,50.6108],[25.8212,50.6061],[25.8177,50.5979],[25.8098,50.6058]]]}},{"type":"Feature","properties":{"k":"sarnenskyi","o":"Рівненська"},"geometry":{"type":"Polygon","coordinates":[[[27.6629,51.5173],[27.6691,51.497],[27.6484,51.5018],[27.6233,51.4829],[27.5788,51.4785],[27.5825,51.4297],[27.599,51.4302],[27.6031,51.4145],[27.6135,51.4101],[27.6141,51.403],[27.5844,51.4016],[27.5837,51.4074],[27.5319,51.4296],[27.5265,51.4431],[27.5345,51.4529],[27.505,51.4515],[27.5049,51.4351],[27.4921,51.4081],[27.4947,51.3747],[27.5261,51.3664],[27.5276,51.3534],[27.5222,51.3417],[27.4899,51.3156],[27.4407,51.3105],[27.4482,51.282],[27.4614,51.2641],[27.4474,51.2582],[27.4729,51.2372],[27.4635,51.2363],[27.4581,51.2238],[27.4428,51.2226],[27.4159,51.2018],[27.4004,51.2007],[27.406,51.1879],[27.3944,51.1722],[27.3982,51.1702],[27.374,51.1549],[27.3803,51.1478],[27.364,51.1429],[27.3667,51.0976],[27.3539,51.0954],[27.355,51.0869],[27.3361,51.0883],[27.324,51.0815],[27.3174,51.0527],[27.3259,51.0422],[27.2194,51.0301],[27.2287,51.0216],[27.2263,51.0079],[27.2,51.0002],[27.2032,50.991],[27.1779,50.9961],[27.1342,51.03],[27.1416,51.051],[27.1115,51.0607],[27.0897,51.0597],[27.068,51.0877],[26.9722,51.1337],[26.8701,51.1303],[26.8695,51.1399],[26.8058,51.1339],[26.7927,51.1444],[26.7688,51.123],[26.7576,51.1281],[26.7524,51.1225],[26.7343,51.1244],[26.7212,51.1128],[26.722,51.1062],[26.6867,51.0954],[26.6576,51.1045],[26.6617,51.1113],[26.6738,51.1088],[26.663,51.1255],[26.6645,51.146],[26.6341,51.1631],[26.636,51.1816],[26.6017,51.1853],[26.5604,51.1768],[26.495,51.1462],[26.4747,51.1286],[26.4958,51.1161],[26.5049,51.1017],[26.5336,51.0881],[26.5089,51.0906],[26.5007,51.0828],[26.4677,51.0937],[26.4509,51.092],[26.4699,51.0807],[26.4889,51.081],[26.5196,51.0503],[26.508,51.0383],[26.503,51.0435],[26.5123,51.0451],[26.5077,51.0582],[26.4773,51.0666],[26.4758,51.0502],[26.4838,51.0343],[26.4691,51.0256],[26.4674,51.0333],[26.4362,51.0511],[26.3519,51.0535],[26.3557,51.0614],[26.348,51.0696],[26.3635,51.0788],[26.3455,51.0932],[26.3143,51.095],[26.3057,51.1055],[26.3008,51.1038],[26.2998,51.1117],[26.2838,51.1012],[26.2623,51.1183],[26.244,51.1132],[26.2311,51.1177],[26.2191,51.1111],[26.212,51.136],[26.2004,51.1409],[26.1968,51.1595],[26.166,51.1502],[26.1578,51.1725],[26.0813,51.1694],[26.0816,51.1822],[26.1152,51.1937],[26.1089,51.206],[26.1277,51.2117],[26.1557,51.2328],[26.26,51.235],[26.274,51.2511],[26.2571,51.2554],[26.2478,51.2679],[26.2095,51.2702],[26.2133,51.284],[26.1829,51.2989],[26.1912,51.3091],[26.2048,51.3119],[26.2082,51.3302],[26.228,51.3236],[26.2322,51.3326],[26.2404,51.3318],[26.2366,51.3203],[26.2256,51.3141],[26.2427,51.3037],[26.229,51.2968],[26.3132,51.3126],[26.3241,51.3043],[26.3286,51.3047],[26.3219,51.3085],[26.3263,51.3156],[26.3634,51.3231],[26.3428,51.326],[26.3287,51.3434],[26.3298,51.3506],[26.3579,51.3543],[26.3727,51.3726],[26.4254,51.387],[26.4503,51.4047],[26.4455,51.4067],[26.4451,51.4228],[26.4294,51.4297],[26.3779,51.4201],[26.3568,51.4501],[26.3605,51.4646],[26.3031,51.4551],[26.285,51.4708],[26.3186,51.4792],[26.3207,51.4928],[26.2276,51.5486],[26.2419,51.5548],[26.297,51.5558],[26.3131,51.5808],[26.2879,51.5849],[26.2755,51.6076],[26.3019,51.6388],[26.2404,51.6705],[26.2193,51.6751],[26.2099,51.6665],[26.1991,51.6696],[26.1995,51.6869],[26.1818,51.6832],[26.1701,51.689],[26.1718,51.6964],[26.197,51.7007],[26.2383,51.7337],[26.2772,51.7271],[26.2813,51.7174],[26.293,51.7129],[26.3467,51.7076],[26.3396,51.7336],[26.322,51.7371],[26.3267,51.7488],[26.3443,51.7512],[26.3471,51.7667],[26.4004,51.7634],[26.42,51.7703],[26.4392,51.7604],[26.4678,51.7874],[26.4709,51.7998],[26.5466,51.7963],[26.5557,51.8043],[26.5521,51.8127],[26.5902,51.8208],[26.5927,51.831],[26.6118,51.8245],[26.6917,51.8234],[26.7048,51.8123],[26.754,51.8009],[26.7498,51.7943],[26.7575,51.7942],[26.7604,51.785],[26.7556,51.7862],[26.7587,51.7806],[26.7517,51.7738],[26.7885,51.7661],[26.7908,51.757],[26.8071,51.7553],[26.8167,51.7627],[26.847,51.7657],[26.8767,51.7476],[26.9051,51.749],[26.9482,51.7359],[26.9946,51.7688],[27.2013,51.7734],[27.2082,51.6639],[27.25,51.6672],[27.2728,51.6543],[27.2714,51.6454],[27.2446,51.6211],[27.2489,51.6097],[27.2403,51.6018],[27.3438,51.6059],[27.3592,51.6159],[27.3928,51.6049],[27.4254,51.6056],[27.4269,51.614],[27.4541,51.6197],[27.4558,51.6108],[27.4682,51.606],[27.4866,51.6123],[27.4797,51.6026],[27.4822,51.5933],[27.5034,51.5872],[27.5279,51.6077],[27.5123,51.6073],[27.508,51.6288],[27.518,51.6363],[27.5399,51.6206],[27.55,51.6372],[27.619,51.6054],[27.6455,51.616],[27.6836,51.6117],[27.6894,51.6044],[27.7229,51.6034],[27.7295,51.5921],[27.7205,51.5613],[27.6765,51.5395],[27.6782,51.5196],[27.6629,51.5173]]]}},{"type":"Feature","properties":{"k":"konotopskyi","o":"Сумська"},"geometry":{"type":"Polygon","coordinates":[[[34.0142,51.0638],[33.9675,51.0707],[33.9635,51.0526],[33.9681,51.0493],[33.9601,51.0494],[33.9691,51.0357],[33.9343,51.0135],[33.915,51.0099],[33.9039,51.0147],[33.908,51.0043],[33.8933,50.9902],[33.9035,50.983],[33.8526,50.9937],[33.846,50.9836],[33.806,50.987],[33.8002,50.981],[33.7605,50.985],[33.7238,50.9807],[33.7044,50.9637],[33.6604,50.9695],[33.6782,50.9932],[33.646,51.0051],[33.6406,51.0324],[33.6103,51.0196],[33.5842,51.023],[33.5555,51.0414],[33.5064,51.0325],[33.5114,51.0307],[33.5127,51.0044],[33.505,50.9999],[33.5159,50.9918],[33.508,50.985],[33.4753,50.9926],[33.4615,50.9861],[33.4526,50.9891],[33.4433,50.9672],[33.4193,50.9691],[33.4177,50.9628],[33.2801,50.9833],[33.2207,50.9761],[33.2002,50.9616],[33.1817,50.9586],[33.137,50.9614],[33.1394,50.9676],[33.1216,50.9978],[33.1262,51.001],[33.1179,51.0068],[33.0782,50.9917],[33.0795,50.9802],[33.038,50.994],[33.0589,51.0224],[33.0847,51.0384],[33.0602,51.0492],[33.0709,51.0633],[33.0691,51.0692],[33.0379,51.0718],[33.041,51.0819],[32.9623,51.0886],[32.9553,51.0845],[32.9425,51.0897],[32.9929,51.1434],[32.9604,51.1626],[32.9864,51.184],[32.9771,51.1884],[32.9895,51.1976],[33.0414,51.2056],[33.039,51.2199],[33.0295,51.2273],[33.0691,51.2553],[33.0605,51.2569],[33.0582,51.2661],[33.0728,51.2749],[33.0732,51.2833],[33.0654,51.2835],[33.0763,51.29],[33.0633,51.2863],[33.0652,51.2917],[33.0409,51.2912],[33.0615,51.2967],[33.0463,51.3038],[33.0766,51.3125],[33.0737,51.3178],[33.0793,51.3226],[33.0685,51.3337],[33.0746,51.3407],[33.0644,51.3474],[33.0376,51.3457],[33.0409,51.3677],[33.0166,51.3957],[33.039,51.4013],[33.0476,51.4102],[33.0577,51.404],[33.0396,51.3914],[33.0597,51.3828],[33.0608,51.3699],[33.0835,51.3681],[33.085,51.3731],[33.1065,51.3654],[33.1116,51.3698],[33.1049,51.3772],[33.1109,51.38],[33.0908,51.3897],[33.1331,51.3826],[33.1354,51.3995],[33.1196,51.4037],[33.1346,51.4166],[33.1131,51.4284],[33.1244,51.4604],[33.1356,51.4669],[33.1342,51.492],[33.1597,51.4951],[33.1774,51.5073],[33.1917,51.5064],[33.1929,51.5126],[33.1858,51.5372],[33.1669,51.5437],[33.1646,51.5543],[33.1572,51.5559],[33.1592,51.5714],[33.2073,51.5702],[33.2223,51.5803],[33.1918,51.5836],[33.1545,51.6075],[33.1545,51.6419],[33.1264,51.6447],[33.1286,51.6556],[33.1474,51.6695],[33.1394,51.6736],[33.1405,51.679],[33.1872,51.6732],[33.1871,51.6826],[33.1988,51.6829],[33.2138,51.6563],[33.2889,51.6751],[33.2805,51.6813],[33.2862,51.6833],[33.3045,51.6752],[33.3415,51.6813],[33.3771,51.7068],[33.4372,51.7177],[33.4671,51.7145],[33.4688,51.7084],[33.4885,51.7048],[33.4871,51.7104],[33.509,51.7135],[33.5162,51.7091],[33.506,51.7021],[33.5402,51.6884],[33.5557,51.6721],[33.5832,51.6592],[33.604,51.6705],[33.64,51.645],[33.6785,51.6481],[33.6803,51.6409],[33.6628,51.6345],[33.7328,51.6087],[33.7426,51.5847],[33.7222,51.5829],[33.7452,51.5614],[33.7423,51.5535],[33.7582,51.5421],[33.7504,51.534],[33.7677,51.5293],[33.7836,51.5138],[33.8077,51.5073],[33.8344,51.5126],[33.8494,51.4965],[33.8643,51.5066],[33.8822,51.505],[33.8801,51.4995],[33.8983,51.4955],[33.8943,51.482],[33.884,51.4798],[33.8856,51.4646],[33.8736,51.4625],[33.8814,51.4541],[33.8673,51.4495],[33.8833,51.4421],[33.9064,51.4484],[33.9088,51.4632],[33.9261,51.4646],[33.943,51.4775],[33.9574,51.4772],[33.9526,51.4674],[33.9563,51.4617],[33.994,51.4728],[34.0018,51.4799],[33.9996,51.4894],[33.9862,51.4958],[33.9897,51.5098],[34.0052,51.5123],[34.0005,51.5229],[34.0519,51.5204],[34.0392,51.5369],[34.0523,51.5499],[34.0645,51.5274],[34.0819,51.515],[34.1118,51.5119],[34.1316,51.5004],[34.1747,51.5255],[34.19,51.5155],[34.1848,51.5016],[34.1983,51.4904],[34.2253,51.5015],[34.2497,51.5016],[34.2919,51.4849],[34.2852,51.475],[34.2662,51.4746],[34.2573,51.4608],[34.2451,51.4565],[34.2548,51.4399],[34.2455,51.4367],[34.2472,51.4312],[34.2226,51.4284],[34.2267,51.422],[34.221,51.417],[34.2277,51.3995],[34.246,51.4023],[34.2692,51.3852],[34.2925,51.3879],[34.2861,51.3747],[34.3042,51.3795],[34.3072,51.3734],[34.3363,51.3659],[34.3307,51.3616],[34.3386,51.3567],[34.3161,51.3432],[34.3191,51.3378],[34.3129,51.3344],[34.2894,51.3397],[34.2814,51.3348],[34.2894,51.3224],[34.2807,51.3179],[34.2821,51.3106],[34.2721,51.3149],[34.2664,51.2987],[34.2582,51.3022],[34.2414,51.293],[34.2551,51.2818],[34.2513,51.2753],[34.2319,51.2732],[34.2295,51.2623],[34.2075,51.2584],[34.2108,51.2527],[34.2006,51.2462],[34.183,51.2512],[34.1561,51.2428],[34.1585,51.2374],[34.1499,51.2393],[34.1576,51.2348],[34.1471,51.2329],[34.1391,51.2146],[34.1475,51.1972],[34.118,51.1824],[34.1188,51.1549],[34.1279,51.1537],[34.1323,51.1417],[34.1082,51.1441],[34.0787,51.1197],[34.0679,51.0879],[34.0168,51.0795],[34.0206,51.077],[34.0142,51.0638]]]}},{"type":"Feature","properties":{"k":"okhtyrskyi","o":"Сумська"},"geometry":{"type":"Polygon","coordinates":[[[34.3771,50.3588],[34.4252,50.3842],[34.4542,50.3857],[34.4729,50.3946],[34.4855,50.3887],[34.493,50.3951],[34.4812,50.4009],[34.5066,50.4312],[34.5129,50.4499],[34.5767,50.4501],[34.5851,50.47],[34.6343,50.4909],[34.6286,50.4929],[34.7146,50.5198],[34.7125,50.5267],[34.7202,50.5251],[34.7336,50.54],[34.7279,50.5695],[34.7739,50.5654],[34.7802,50.5844],[34.7977,50.5945],[34.7909,50.5999],[34.829,50.6082],[34.8457,50.6214],[34.8653,50.625],[34.8864,50.6718],[34.9064,50.6754],[34.9102,50.685],[34.9388,50.6975],[34.9378,50.7148],[34.9456,50.718],[34.9283,50.7219],[34.9351,50.7279],[34.9224,50.7308],[34.9252,50.7426],[34.9151,50.7485],[34.9342,50.7473],[34.9475,50.7365],[34.9732,50.7421],[34.977,50.7505],[34.9803,50.7397],[35.0094,50.7415],[35.0597,50.7306],[35.0923,50.7162],[35.0688,50.7066],[35.0753,50.7004],[35.0689,50.6954],[35.0718,50.6913],[35.0565,50.7067],[35.0323,50.7012],[35.0404,50.6995],[35.0373,50.6958],[35.0266,50.699],[35.021,50.6951],[35.0251,50.6774],[35.0443,50.6882],[35.0627,50.6799],[35.0594,50.6871],[35.1156,50.6681],[35.1497,50.6791],[35.1553,50.6874],[35.1648,50.6847],[35.1689,50.6746],[35.1817,50.673],[35.1817,50.6668],[35.1941,50.6671],[35.1877,50.6628],[35.2017,50.648],[35.1746,50.6344],[35.177,50.6283],[35.1694,50.6245],[35.1781,50.6137],[35.167,50.5955],[35.1514,50.5914],[35.1633,50.5881],[35.1578,50.5813],[35.1892,50.5709],[35.1979,50.5769],[35.2324,50.5733],[35.2464,50.5866],[35.2724,50.5806],[35.268,50.5749],[35.2738,50.5726],[35.2658,50.5712],[35.2789,50.5634],[35.2698,50.5531],[35.2731,50.5425],[35.2485,50.5408],[35.2583,50.5369],[35.2587,50.5306],[35.269,50.5363],[35.274,50.5267],[35.2617,50.5227],[35.263,50.5184],[35.2945,50.5273],[35.2994,50.5403],[35.2945,50.5498],[35.3234,50.5238],[35.3167,50.5375],[35.3339,50.5455],[35.3375,50.5405],[35.3915,50.5379],[35.4062,50.5534],[35.4388,50.5435],[35.4362,50.5296],[35.4445,50.5293],[35.457,50.5065],[35.4768,50.4885],[35.5637,50.4511],[35.5715,50.4577],[35.5619,50.4587],[35.5699,50.4642],[35.5865,50.4485],[35.5843,50.3926],[35.5939,50.393],[35.611,50.374],[35.6014,50.3673],[35.6264,50.3519],[35.658,50.3512],[35.6537,50.3468],[35.68,50.3426],[35.6823,50.3475],[35.6927,50.3456],[35.6887,50.3347],[35.6735,50.3256],[35.6604,50.3268],[35.6501,50.3098],[35.6238,50.3204],[35.6303,50.3244],[35.5938,50.3312],[35.5732,50.3196],[35.5158,50.3172],[35.5353,50.302],[35.5244,50.2901],[35.5042,50.2998],[35.4962,50.2925],[35.4583,50.3096],[35.4596,50.3149],[35.439,50.3169],[35.4234,50.3351],[35.4102,50.321],[35.3789,50.3205],[35.3851,50.306],[35.3822,50.2946],[35.3299,50.3187],[35.2965,50.2897],[35.3299,50.2742],[35.2999,50.2625],[35.2665,50.2655],[35.2608,50.2588],[35.2603,50.2346],[35.2375,50.2365],[35.2349,50.2282],[35.1977,50.2382],[35.1927,50.2285],[35.1485,50.2426],[35.1057,50.2145],[35.0702,50.2059],[35.077,50.2006],[35.0396,50.1647],[35.0296,50.1662],[35.0325,50.1802],[34.9621,50.1847],[34.9736,50.1585],[34.9408,50.1524],[34.8485,50.165],[34.8313,50.1563],[34.798,50.1597],[34.8006,50.1548],[34.7473,50.1445],[34.7398,50.1449],[34.7496,50.1578],[34.734,50.1605],[34.7201,50.1509],[34.6996,50.1493],[34.6993,50.1133],[34.6908,50.1097],[34.6773,50.1111],[34.6751,50.1239],[34.6807,50.1308],[34.6765,50.1335],[34.6646,50.1106],[34.6535,50.1152],[34.6321,50.112],[34.5902,50.1278],[34.5802,50.1288],[34.5715,50.1212],[34.5464,50.1326],[34.5373,50.1545],[34.5264,50.1544],[34.5342,50.1713],[34.523,50.177],[34.5537,50.2063],[34.5599,50.2059],[34.5711,50.2266],[34.5627,50.2364],[34.5596,50.2291],[34.5512,50.246],[34.5327,50.2505],[34.5282,50.2475],[34.5349,50.2439],[34.527,50.2403],[34.5146,50.2483],[34.5135,50.2548],[34.5234,50.2562],[34.5121,50.2745],[34.52,50.2807],[34.4585,50.2855],[34.3996,50.3185],[34.41,50.3374],[34.3914,50.3446],[34.3771,50.3588]]]}},{"type":"Feature","properties":{"k":"romenskyi","o":"Сумська"},"geometry":{"type":"Polygon","coordinates":[[[34.2456,50.523],[34.2193,50.5334],[34.2041,50.524],[34.1587,50.5224],[34.1199,50.5101],[34.1101,50.4821],[34.0982,50.4809],[34.0823,50.4884],[34.1055,50.5037],[34.0624,50.5164],[34.0549,50.5122],[34.0562,50.5054],[34.0498,50.5091],[34.0277,50.4996],[34.0308,50.5112],[34.0206,50.5113],[33.9546,50.5475],[33.913,50.5145],[33.8924,50.5337],[33.8117,50.5155],[33.8154,50.5081],[33.8511,50.5013],[33.8449,50.4908],[33.8253,50.4884],[33.83,50.4822],[33.7875,50.4777],[33.7862,50.4609],[33.735,50.4585],[33.7173,50.4677],[33.5713,50.4947],[33.5386,50.4895],[33.5317,50.4803],[33.5168,50.4824],[33.5017,50.497],[33.4865,50.4816],[33.4637,50.4926],[33.4348,50.485],[33.4339,50.4756],[33.4192,50.4828],[33.4201,50.4914],[33.4139,50.4916],[33.4123,50.4996],[33.375,50.4975],[33.3739,50.5212],[33.3189,50.5205],[33.3177,50.533],[33.3004,50.5351],[33.2763,50.5534],[33.2444,50.5398],[33.2345,50.5151],[33.2387,50.5098],[33.2208,50.5038],[33.1933,50.5078],[33.1719,50.5228],[33.1525,50.522],[33.1461,50.5113],[33.1299,50.5121],[33.1177,50.5051],[33.1011,50.5173],[33.0611,50.5219],[33.0487,50.5409],[33.0739,50.5569],[33.1011,50.5915],[33.122,50.5945],[33.122,50.5994],[33.1027,50.6022],[33.1216,50.6395],[33.1176,50.6476],[33.1377,50.6485],[33.1468,50.655],[33.1512,50.6938],[33.1358,50.7108],[33.1538,50.7088],[33.1583,50.7153],[33.2139,50.7216],[33.2141,50.7274],[33.2394,50.7321],[33.2308,50.7379],[33.2126,50.7361],[33.2077,50.7477],[33.1896,50.7465],[33.1534,50.793],[33.1642,50.792],[33.169,50.7996],[33.1551,50.8279],[33.1853,50.8482],[33.1692,50.8507],[33.174,50.8661],[33.1811,50.867],[33.17,50.8756],[33.1704,50.888],[33.1806,50.8949],[33.2082,50.8935],[33.2024,50.8985],[33.2105,50.9018],[33.1971,50.92],[33.197,50.9312],[33.2002,50.9616],[33.2118,50.9728],[33.2801,50.9833],[33.4177,50.9628],[33.4193,50.9691],[33.4433,50.9672],[33.4526,50.9891],[33.4615,50.9861],[33.4753,50.9926],[33.508,50.985],[33.5159,50.9918],[33.505,50.9999],[33.5127,51.0044],[33.5114,51.0307],[33.5064,51.0325],[33.5555,51.0414],[33.5842,51.023],[33.6103,51.0196],[33.6406,51.0324],[33.646,51.0051],[33.6782,50.9932],[33.6604,50.9695],[33.7044,50.9637],[33.7238,50.9807],[33.7605,50.985],[33.8002,50.981],[33.806,50.987],[33.846,50.9836],[33.8526,50.9937],[33.9035,50.983],[33.8933,50.9902],[33.908,51.0043],[33.9039,51.0147],[33.915,51.0099],[33.9343,51.0135],[33.9691,51.0357],[33.9601,51.0494],[33.9681,51.0493],[33.9635,51.0526],[33.9675,51.0707],[34.0124,51.066],[34.0129,51.0539],[34.0306,51.0418],[34.0469,51.0152],[34.0617,51.0136],[34.095,50.9944],[34.0726,50.9911],[34.0657,50.966],[34.0379,50.9539],[34.071,50.946],[34.0714,50.9345],[34.094,50.9379],[34.1116,50.9283],[34.0984,50.9239],[34.1302,50.8711],[34.1645,50.8814],[34.1859,50.8611],[34.1828,50.8371],[34.1689,50.8302],[34.1602,50.8091],[34.1426,50.8098],[34.1416,50.8007],[34.162,50.7965],[34.1615,50.776],[34.177,50.7651],[34.1499,50.7447],[34.1637,50.734],[34.1418,50.7188],[34.1224,50.7293],[34.0806,50.7077],[34.1187,50.6872],[34.1532,50.6575],[34.1833,50.6463],[34.1937,50.6296],[34.2272,50.6007],[34.2226,50.5984],[34.2321,50.5688],[34.2242,50.5684],[34.2261,50.5534],[34.2375,50.5541],[34.2456,50.523]]]}},{"type":"Feature","properties":{"k":"sumskyi","o":"Сумська"},"geometry":{"type":"Polygon","coordinates":[[[34.3908,50.367],[34.2867,50.4132],[34.2713,50.4325],[34.2583,50.4356],[34.25,50.4536],[34.2548,50.4901],[34.2472,50.526],[34.2375,50.5541],[34.2261,50.5534],[34.2242,50.5684],[34.2321,50.5688],[34.2226,50.5984],[34.2272,50.6007],[34.1937,50.6296],[34.1833,50.6463],[34.1532,50.6575],[34.1187,50.6872],[34.0806,50.7077],[34.1224,50.7293],[34.1418,50.7188],[34.1637,50.734],[34.1499,50.7447],[34.177,50.7651],[34.1615,50.776],[34.162,50.7965],[34.1416,50.8007],[34.1426,50.8098],[34.1602,50.8091],[34.1689,50.8302],[34.1828,50.8371],[34.1816,50.8473],[34.1885,50.8525],[34.1645,50.8814],[34.1302,50.8711],[34.0984,50.9239],[34.1116,50.9283],[34.103,50.9353],[34.0714,50.9345],[34.071,50.946],[34.0379,50.9539],[34.0657,50.966],[34.0726,50.9911],[34.095,50.9944],[34.0617,51.0136],[34.0469,51.0152],[34.0306,51.0418],[34.0129,51.0539],[34.0142,51.0638],[34.0206,51.077],[34.0168,51.0795],[34.0679,51.0879],[34.0787,51.1197],[34.1082,51.1441],[34.1323,51.1417],[34.1279,51.1537],[34.1188,51.1549],[34.118,51.1824],[34.1475,51.1972],[34.1391,51.2146],[34.1471,51.2329],[34.1576,51.2348],[34.1499,51.2393],[34.1585,51.2374],[34.1561,51.2428],[34.183,51.2512],[34.2006,51.2462],[34.2108,51.2527],[34.2075,51.2584],[34.2307,51.2652],[34.2573,51.26],[34.3055,51.2383],[34.3313,51.24],[34.384,51.2737],[34.4387,51.2564],[34.446,51.2614],[34.4868,51.2443],[34.5133,51.2423],[34.5236,51.2527],[34.5406,51.2528],[34.5799,51.2339],[34.6022,51.2472],[34.604,51.2545],[34.662,51.2473],[34.6686,51.1975],[34.6885,51.1811],[34.7167,51.1715],[34.7313,51.1825],[34.7719,51.1749],[34.7846,51.1839],[34.8175,51.1692],[34.8345,51.1692],[34.8335,51.183],[34.8625,51.1993],[34.8741,51.1916],[34.8981,51.193],[34.9055,51.2039],[34.934,51.2072],[34.941,51.2178],[34.9528,51.2202],[34.9534,51.2269],[34.98,51.2356],[34.9933,51.2288],[35.0102,51.2316],[35.0379,51.2177],[35.0383,51.2043],[35.062,51.2157],[35.0616,51.2234],[35.0727,51.2326],[35.1194,51.2316],[35.1503,51.2233],[35.1393,51.2169],[35.1431,51.2039],[35.13,51.1939],[35.1342,51.171],[35.1232,51.1652],[35.1405,51.152],[35.1352,51.1479],[35.1426,51.1337],[35.1747,51.1214],[35.163,51.109],[35.1644,51.101],[35.1768,51.0988],[35.1734,51.0873],[35.1556,51.0907],[35.1477,51.0826],[35.1636,51.0833],[35.1893,51.0534],[35.213,51.0458],[35.2488,51.0651],[35.2735,51.0578],[35.2748,51.066],[35.2959,51.0694],[35.3067,51.0785],[35.3277,51.0762],[35.3508,51.0623],[35.3751,51.0671],[35.3867,51.0535],[35.406,51.0481],[35.4092,51.0391],[35.3997,51.0317],[35.4092,51.0264],[35.3837,51.0199],[35.3747,51.0087],[35.3578,51.0054],[35.3237,51.0128],[35.3376,50.9989],[35.3298,50.9962],[35.3326,50.9922],[35.3432,50.9879],[35.3521,50.9732],[35.3254,50.9469],[35.3332,50.9346],[35.3722,50.9324],[35.3658,50.9258],[35.3929,50.9247],[35.4001,50.9144],[35.3969,50.9068],[35.4035,50.9028],[35.3798,50.8956],[35.4016,50.8796],[35.382,50.8702],[35.4037,50.8646],[35.419,50.8437],[35.4118,50.8019],[35.4498,50.7831],[35.4737,50.7845],[35.488,50.777],[35.4697,50.7466],[35.4716,50.7371],[35.4641,50.735],[35.4734,50.725],[35.4594,50.7046],[35.4633,50.6851],[35.4957,50.6786],[35.4867,50.6708],[35.4886,50.6584],[35.4626,50.6663],[35.4271,50.6549],[35.4005,50.6565],[35.3928,50.6498],[35.392,50.6418],[35.4128,50.6134],[35.4222,50.6155],[35.4187,50.609],[35.425,50.603],[35.3903,50.58],[35.4275,50.5622],[35.4388,50.5435],[35.4062,50.5534],[35.3915,50.5379],[35.3375,50.5405],[35.3339,50.5455],[35.3167,50.5375],[35.3234,50.5238],[35.2945,50.5498],[35.2994,50.5403],[35.2945,50.5273],[35.263,50.5184],[35.2617,50.5227],[35.274,50.5267],[35.269,50.5363],[35.2587,50.5306],[35.2583,50.5369],[35.2485,50.5408],[35.2731,50.5425],[35.2698,50.5531],[35.2789,50.5634],[35.2658,50.5712],[35.2738,50.5726],[35.268,50.5749],[35.2724,50.5806],[35.2464,50.5866],[35.2324,50.5733],[35.1979,50.5769],[35.1892,50.5709],[35.1578,50.5813],[35.1633,50.5881],[35.1514,50.5914],[35.167,50.5955],[35.1781,50.6137],[35.1694,50.6245],[35.177,50.6283],[35.1746,50.6344],[35.2017,50.648],[35.1877,50.6628],[35.1941,50.6671],[35.1817,50.6668],[35.1817,50.673],[35.1689,50.6746],[35.1648,50.6847],[35.1553,50.6874],[35.1497,50.6791],[35.1156,50.6681],[35.0594,50.6871],[35.0627,50.6799],[35.0443,50.6882],[35.0251,50.6774],[35.021,50.6951],[35.0266,50.699],[35.0373,50.6958],[35.0404,50.6995],[35.0323,50.7012],[35.0565,50.7067],[35.0718,50.6913],[35.0689,50.6954],[35.0753,50.7004],[35.0688,50.7066],[35.0923,50.7162],[35.0597,50.7306],[35.0094,50.7415],[34.9803,50.7397],[34.977,50.7505],[34.9732,50.7421],[34.9475,50.7365],[34.9241,50.7501],[34.9136,50.745],[34.9252,50.7426],[34.9224,50.7308],[34.9351,50.7279],[34.9283,50.7219],[34.9456,50.718],[34.9378,50.7148],[34.9388,50.6975],[34.9102,50.685],[34.9064,50.6754],[34.8864,50.6718],[34.8653,50.625],[34.8457,50.6214],[34.829,50.6082],[34.7909,50.5999],[34.7977,50.5945],[34.7802,50.5844],[34.7739,50.5654],[34.7279,50.5695],[34.7336,50.54],[34.7202,50.5251],[34.7125,50.5267],[34.7146,50.5198],[34.6286,50.4929],[34.6343,50.4909],[34.5851,50.47],[34.5767,50.4501],[34.5129,50.4499],[34.5066,50.4312],[34.4812,50.4009],[34.493,50.3951],[34.4855,50.3887],[34.4729,50.3946],[34.4542,50.3857],[34.4252,50.3842],[34.3908,50.367]]]}},{"type":"Feature","properties":{"k":"shostkynskyi","o":"Сумська"},"geometry":{"type":"Polygon","coordinates":[[[34.2919,51.4849],[34.2497,51.5016],[34.2253,51.5015],[34.1983,51.4904],[34.1848,51.5016],[34.19,51.5155],[34.1747,51.5255],[34.1316,51.5004],[34.1118,51.5119],[34.0819,51.515],[34.0645,51.5274],[34.0523,51.5499],[34.0392,51.5369],[34.0519,51.5204],[34.0005,51.5229],[34.0052,51.5123],[33.9897,51.5098],[33.9862,51.4958],[33.9996,51.4894],[34.0018,51.4799],[33.994,51.4728],[33.9563,51.4617],[33.9526,51.4674],[33.9574,51.4772],[33.943,51.4775],[33.9261,51.4646],[33.9088,51.4632],[33.9064,51.4484],[33.8833,51.4421],[33.8673,51.4495],[33.8814,51.4541],[33.8736,51.4625],[33.8856,51.4646],[33.884,51.4798],[33.8943,51.482],[33.8983,51.4955],[33.8801,51.4995],[33.8822,51.505],[33.8643,51.5066],[33.8494,51.4965],[33.8344,51.5126],[33.8077,51.5073],[33.7836,51.5138],[33.7677,51.5293],[33.7504,51.534],[33.7582,51.5421],[33.7423,51.5535],[33.7452,51.5614],[33.7222,51.5829],[33.7426,51.5847],[33.7328,51.6087],[33.6628,51.6345],[33.6803,51.6409],[33.6785,51.6481],[33.64,51.645],[33.604,51.6705],[33.5832,51.6592],[33.5557,51.6721],[33.5402,51.6884],[33.506,51.7021],[33.5162,51.7091],[33.509,51.7135],[33.4871,51.7104],[33.4885,51.7048],[33.4688,51.7084],[33.4671,51.7145],[33.4372,51.7177],[33.3771,51.7068],[33.3415,51.6813],[33.3045,51.6752],[33.2862,51.6833],[33.2805,51.6813],[33.2889,51.6751],[33.2138,51.6563],[33.1988,51.6829],[33.1871,51.6826],[33.1872,51.6732],[33.1472,51.6829],[33.1443,51.6909],[33.1658,51.6916],[33.1714,51.6998],[33.1544,51.7028],[33.1323,51.7218],[33.1379,51.7259],[33.0998,51.7501],[33.0919,51.7747],[33.0839,51.769],[33.0781,51.7765],[33.1025,51.7818],[33.101,51.7892],[33.1221,51.8106],[33.147,51.8165],[33.1385,51.8313],[33.1276,51.8352],[33.131,51.8438],[33.123,51.8449],[33.1246,51.8542],[33.1326,51.8557],[33.123,51.8639],[33.1334,51.8611],[33.1337,51.8718],[33.1798,51.8852],[33.1783,51.897],[33.1707,51.9007],[33.1841,51.9031],[33.1875,51.9124],[33.2132,51.913],[33.2209,51.9048],[33.2202,51.9131],[33.2348,51.9093],[33.2382,51.9156],[33.2499,51.917],[33.2458,51.9201],[33.253,51.9262],[33.2634,51.9193],[33.2887,51.9228],[33.2965,51.9344],[33.3172,51.9367],[33.3308,51.9295],[33.3551,51.9303],[33.3614,51.9465],[33.3711,51.9463],[33.3709,51.9535],[33.3955,51.9549],[33.3959,51.9621],[33.3842,51.9726],[33.3727,51.9708],[33.3731,51.9785],[33.3505,51.9832],[33.3486,51.9988],[33.3372,52.0069],[33.3042,52.0135],[33.3173,52.0173],[33.316,52.0317],[33.3555,52.0311],[33.3673,52.0406],[33.4032,52.0512],[33.412,52.0333],[33.4304,52.0257],[33.4644,52.0384],[33.5006,52.0385],[33.5,52.0893],[33.4901,52.0827],[33.4569,52.0901],[33.4371,52.087],[33.445,52.0978],[33.4334,52.1088],[33.4097,52.1154],[33.4172,52.1231],[33.344,52.1457],[33.3284,52.1407],[33.3425,52.1353],[33.3226,52.1362],[33.3277,52.1552],[33.3376,52.1554],[33.3326,52.1667],[33.3098,52.1848],[33.3312,52.2018],[33.3258,52.2116],[33.3146,52.2155],[33.3238,52.222],[33.3315,52.2149],[33.3513,52.2203],[33.3664,52.2329],[33.3615,52.2372],[33.3676,52.2444],[33.3603,52.2461],[33.3581,52.2583],[33.3721,52.2581],[33.3872,52.2713],[33.3769,52.2754],[33.3872,52.2787],[33.3827,52.2794],[33.3854,52.2893],[33.3939,52.2911],[33.3868,52.2971],[33.3936,52.3021],[33.3997,52.2992],[33.4028,52.3021],[33.386,52.316],[33.4001,52.3134],[33.4289,52.3453],[33.4469,52.342],[33.4395,52.3529],[33.453,52.3576],[33.4548,52.3652],[33.5178,52.3555],[33.5155,52.3469],[33.5205,52.3435],[33.5131,52.3339],[33.4912,52.3307],[33.4835,52.3136],[33.5045,52.3059],[33.5602,52.3022],[33.5638,52.3132],[33.5443,52.3237],[33.5816,52.3108],[33.5771,52.3182],[33.6044,52.3337],[33.6584,52.3403],[33.6798,52.348],[33.6778,52.3548],[33.6834,52.358],[33.7152,52.3634],[33.7296,52.3539],[33.7886,52.3667],[33.8367,52.361],[33.8382,52.3485],[33.8548,52.3328],[33.8389,52.3206],[33.8753,52.3064],[33.9209,52.3048],[33.9249,52.2955],[33.9444,52.2833],[33.9375,52.2502],[33.9608,52.2476],[33.9571,52.2429],[33.964,52.2344],[34.0006,52.2273],[33.9983,52.212],[34.0163,52.2019],[34.0523,52.2015],[34.0653,52.1827],[34.0539,52.1712],[34.0756,52.1548],[34.0889,52.1546],[34.1162,52.1407],[34.1106,52.1363],[34.1107,52.1228],[34.0875,52.109],[34.0875,52.1018],[34.0996,52.0933],[34.0623,52.0729],[34.0806,52.0704],[34.0829,52.0581],[34.1013,52.0412],[34.092,52.0311],[34.0942,52.0108],[34.1006,52.0046],[34.1263,52.0065],[34.1398,52.0002],[34.1292,51.9844],[34.1431,51.9681],[34.1899,51.9687],[34.205,51.9403],[34.226,51.9284],[34.2195,51.9201],[34.2594,51.9095],[34.2544,51.8941],[34.2588,51.8893],[34.2449,51.8814],[34.263,51.8786],[34.2753,51.888],[34.3034,51.8875],[34.3627,51.859],[34.3689,51.8458],[34.3869,51.8441],[34.3897,51.8359],[34.4155,51.8258],[34.4092,51.7822],[34.4358,51.7647],[34.4404,51.7432],[34.4223,51.7223],[34.3661,51.7122],[34.3088,51.7202],[34.2908,51.705],[34.234,51.6969],[34.2128,51.7029],[34.2047,51.6941],[34.19,51.6974],[34.1598,51.686],[34.1279,51.6895],[34.0806,51.6668],[34.0902,51.6614],[34.1045,51.6664],[34.1122,51.6487],[34.1301,51.6479],[34.1298,51.6428],[34.1673,51.6454],[34.1794,51.6254],[34.1821,51.5969],[34.211,51.6004],[34.2163,51.5743],[34.2377,51.5846],[34.2492,51.5769],[34.2446,51.5695],[34.2563,51.5611],[34.2498,51.5548],[34.259,51.5482],[34.2597,51.5332],[34.2953,51.5327],[34.2956,51.5241],[34.3076,51.5194],[34.3063,51.5132],[34.2905,51.5089],[34.2973,51.4938],[34.2919,51.4849]]]}},{"type":"Feature","properties":{"k":"kremenetskyi","o":"Тернопільська"},"geometry":{"type":"Polygon","coordinates":[[[25.4301,49.9346],[25.4039,49.9478],[25.4016,49.955],[25.412,49.9696],[25.4022,49.986],[25.3491,50.0029],[25.3529,50.0173],[25.3605,50.0171],[25.3644,50.046],[25.4314,50.053],[25.4388,50.0722],[25.4572,50.0821],[25.4541,50.0943],[25.489,50.1018],[25.484,50.1141],[25.456,50.1168],[25.4484,50.1241],[25.4494,50.1504],[25.476,50.1662],[25.502,50.1641],[25.4994,50.1565],[25.5541,50.1505],[25.5757,50.1763],[25.6254,50.1521],[25.6881,50.1784],[25.7033,50.1711],[25.7207,50.1733],[25.729,50.187],[25.7572,50.1791],[25.7959,50.1851],[25.8212,50.1816],[25.855,50.1899],[25.8774,50.2193],[25.9313,50.2561],[25.9582,50.2574],[25.9702,50.2463],[25.9917,50.2467],[26.0088,50.2285],[26.0194,50.2291],[26.0604,50.2554],[26.1655,50.2311],[26.1703,50.2445],[26.1913,50.2628],[26.2212,50.2668],[26.2181,50.2302],[26.1854,50.2291],[26.1852,50.2169],[26.1916,50.2184],[26.1793,50.1971],[26.2204,50.1797],[26.2111,50.175],[26.2209,50.1646],[26.2086,50.1541],[26.2229,50.1428],[26.2435,50.1433],[26.2348,50.1312],[26.2737,50.1135],[26.2734,50.1028],[26.2005,50.098],[26.2047,50.09],[26.2002,50.0796],[26.2066,50.0758],[26.2008,50.0673],[26.2216,50.0599],[26.2269,50.0473],[26.2175,50.0462],[26.2165,50.0363],[26.2008,50.0367],[26.1759,50.0252],[26.2106,50.0159],[26.2024,49.9921],[26.1721,49.994],[26.1488,49.9756],[26.145,49.9599],[26.1661,49.9222],[26.1336,49.9062],[26.1327,49.8984],[26.1582,49.8908],[26.1635,49.8811],[26.2009,49.8663],[26.1782,49.8473],[26.1852,49.8461],[26.1894,49.8298],[26.2074,49.8207],[26.2187,49.8054],[26.2276,49.791],[26.2244,49.7807],[26.2408,49.7756],[26.2363,49.7714],[26.2435,49.7453],[26.2141,49.7353],[26.1908,49.7142],[26.1657,49.7288],[26.1614,49.7156],[26.0817,49.7233],[26.0178,49.7131],[25.9778,49.7188],[25.948,49.7151],[25.9542,49.7079],[25.9451,49.7006],[25.9155,49.7215],[25.9103,49.7163],[25.8733,49.7283],[25.8752,49.7385],[25.8626,49.739],[25.8553,49.7471],[25.8546,49.7517],[25.863,49.7478],[25.8752,49.7736],[25.8854,49.7812],[25.9233,49.7914],[25.9178,49.7977],[25.9042,49.802],[25.8956,49.7954],[25.866,49.8007],[25.8677,49.8054],[25.8365,49.8093],[25.8299,49.8045],[25.7833,49.814],[25.7706,49.8118],[25.7714,49.806],[25.7409,49.8109],[25.7248,49.8023],[25.6835,49.8246],[25.6768,49.8499],[25.5955,49.8009],[25.571,49.8002],[25.5418,49.7748],[25.5312,49.7811],[25.5077,49.8156],[25.4763,49.8246],[25.4734,49.8606],[25.4622,49.8859],[25.4197,49.9154],[25.4235,49.9314],[25.4301,49.9346]]]}},{"type":"Feature","properties":{"k":"ternopilskyi","o":"Тернопільська"},"geometry":{"type":"Polygon","coordinates":[[[24.887,49.1982],[24.8988,49.2148],[24.9335,49.2296],[24.9333,49.2355],[24.8435,49.2627],[24.8405,49.2831],[24.8281,49.2855],[24.8287,49.3205],[24.8398,49.3242],[24.8435,49.3363],[24.8591,49.3472],[24.8337,49.3628],[24.8284,49.3859],[24.8112,49.3912],[24.7965,49.3822],[24.7784,49.3812],[24.7744,49.4132],[24.7671,49.4246],[24.7709,49.4316],[24.7507,49.4496],[24.7447,49.4661],[24.724,49.4816],[24.7308,49.4908],[24.7207,49.4969],[24.7179,49.5313],[24.7293,49.5472],[24.718,49.5703],[24.7912,49.5727],[24.8001,49.5868],[24.8286,49.593],[24.8366,49.58],[24.8336,49.5993],[24.8641,49.5992],[24.8713,49.6092],[24.9033,49.5992],[24.8984,49.6104],[24.9089,49.6148],[24.9416,49.6081],[24.9298,49.6174],[24.9518,49.6143],[24.9665,49.6408],[24.9827,49.6366],[24.9905,49.6451],[24.987,49.6515],[24.9902,49.6626],[24.9959,49.6623],[24.9992,49.6997],[25.0225,49.7361],[25.0446,49.7295],[25.0676,49.7115],[25.115,49.7459],[25.0723,49.7702],[25.0756,49.7791],[25.0898,49.7821],[25.0833,49.8272],[25.1376,49.8149],[25.1517,49.8331],[25.1727,49.832],[25.1803,49.838],[25.2364,49.824],[25.2473,49.8257],[25.2477,49.834],[25.2559,49.8367],[25.2875,49.8283],[25.2933,49.8338],[25.2901,49.8401],[25.3007,49.8463],[25.2991,49.8537],[25.3752,49.868],[25.3719,49.876],[25.3806,49.877],[25.3891,49.8972],[25.3764,49.9132],[25.3892,49.9342],[25.4267,49.9391],[25.4301,49.9346],[25.4235,49.9314],[25.4197,49.9154],[25.4622,49.8859],[25.4734,49.8606],[25.4763,49.8246],[25.5077,49.8156],[25.5312,49.7811],[25.5418,49.7748],[25.571,49.8002],[25.5955,49.8009],[25.6768,49.8499],[25.6835,49.8246],[25.7248,49.8023],[25.7409,49.8109],[25.7714,49.806],[25.7706,49.8118],[25.7833,49.814],[25.8299,49.8045],[25.8365,49.8093],[25.8677,49.8054],[25.866,49.8007],[25.8956,49.7954],[25.9042,49.802],[25.9178,49.7977],[25.9233,49.7914],[25.8854,49.7812],[25.8752,49.7736],[25.863,49.7478],[25.8546,49.7517],[25.8553,49.7471],[25.8626,49.739],[25.8752,49.7385],[25.8733,49.7283],[25.9103,49.7163],[25.9155,49.7215],[25.9451,49.7006],[25.9542,49.7079],[25.948,49.7151],[26.009,49.7181],[26.0178,49.7131],[26.0817,49.7233],[26.1614,49.7156],[26.1657,49.7288],[26.1943,49.7097],[26.2413,49.6936],[26.2686,49.6688],[26.2724,49.6569],[26.2598,49.6537],[26.2626,49.6375],[26.2534,49.6331],[26.2311,49.6365],[26.2255,49.6235],[26.1994,49.609],[26.2143,49.5907],[26.2073,49.5769],[26.219,49.5512],[26.2035,49.5462],[26.2019,49.5545],[26.191,49.5568],[26.1758,49.5494],[26.1587,49.5321],[26.1575,49.5205],[26.1423,49.5097],[26.1881,49.481],[26.1889,49.4544],[26.2019,49.4418],[26.1931,49.4298],[26.2356,49.4],[26.2296,49.383],[26.2164,49.3755],[26.163,49.3845],[26.1571,49.3768],[26.1276,49.3828],[26.1265,49.3692],[25.9709,49.3594],[25.9048,49.3771],[25.8953,49.3687],[25.8928,49.3354],[25.8976,49.3181],[25.9394,49.2959],[25.9241,49.2856],[25.8902,49.2863],[25.8906,49.2765],[25.8562,49.2774],[25.8498,49.2623],[25.8298,49.2428],[25.8373,49.2401],[25.8293,49.2107],[25.8543,49.2032],[25.8111,49.1603],[25.7883,49.1498],[25.7808,49.1597],[25.7859,49.1525],[25.7812,49.1404],[25.7704,49.1401],[25.7672,49.1341],[25.7425,49.1746],[25.7184,49.17],[25.7251,49.1732],[25.723,49.1799],[25.7101,49.1823],[25.6855,49.1755],[25.6801,49.1622],[25.6649,49.1737],[25.6358,49.1789],[25.6415,49.1621],[25.6533,49.1626],[25.6652,49.1497],[25.6273,49.147],[25.6239,49.1313],[25.5414,49.134],[25.5169,49.1458],[25.5065,49.1604],[25.523,49.1845],[25.462,49.2124],[25.4263,49.2137],[25.4197,49.2015],[25.4035,49.2042],[25.4081,49.1958],[25.4007,49.186],[25.3689,49.2011],[25.2952,49.2148],[25.2557,49.1836],[25.2465,49.1895],[25.1802,49.1782],[25.1218,49.1767],[25.128,49.1743],[25.1244,49.1722],[25.0992,49.1757],[25.0729,49.1679],[24.9873,49.1839],[24.9847,49.1691],[24.9329,49.1737],[24.887,49.1982]]]}},{"type":"Feature","properties":{"k":"chortkivskyi","o":"Тернопільська"},"geometry":{"type":"Polygon","coordinates":[[[25.3271,48.8379],[25.3213,48.8468],[25.2913,48.8453],[25.2837,48.8623],[25.2621,48.8667],[25.2392,48.8662],[25.2277,48.8479],[25.2092,48.8473],[25.2298,48.8862],[25.2297,48.9091],[25.2382,48.9222],[25.233,48.9323],[25.2105,48.922],[25.1906,48.9268],[25.1982,48.9147],[25.1673,48.8936],[25.1736,48.8794],[25.1652,48.8659],[25.1367,48.8749],[25.1356,48.8909],[25.1182,48.924],[25.1473,48.9439],[25.1085,48.9652],[25.1069,48.981],[25.1168,48.9925],[25.1139,48.997],[25.0876,48.9796],[25.0176,49.0113],[24.9656,48.9923],[24.9722,49.0035],[24.9695,49.0112],[24.903,49.0545],[24.9163,49.083],[24.9911,49.0713],[24.9891,49.0831],[24.9857,49.0786],[24.9737,49.0825],[24.9799,49.0897],[24.9741,49.0976],[24.9856,49.1167],[24.9564,49.1276],[24.8999,49.1291],[24.8665,49.1618],[24.8566,49.1634],[24.8576,49.1784],[24.887,49.1982],[24.9329,49.1737],[24.9847,49.1691],[24.9873,49.1839],[25.0729,49.1679],[25.0992,49.1757],[25.1244,49.1722],[25.128,49.1743],[25.1218,49.1767],[25.1802,49.1782],[25.2465,49.1895],[25.2557,49.1836],[25.2952,49.2148],[25.3689,49.2011],[25.4007,49.186],[25.4081,49.1958],[25.4035,49.2042],[25.4197,49.2015],[25.4263,49.2137],[25.462,49.2124],[25.523,49.1845],[25.5065,49.1604],[25.5169,49.1458],[25.5414,49.134],[25.6239,49.1313],[25.6273,49.147],[25.6652,49.1497],[25.6533,49.1626],[25.6415,49.1621],[25.6358,49.1789],[25.6649,49.1737],[25.6801,49.1622],[25.6855,49.1755],[25.7101,49.1823],[25.723,49.1799],[25.7251,49.1732],[25.7184,49.17],[25.7425,49.1746],[25.7672,49.1341],[25.7704,49.1401],[25.7812,49.1404],[25.7859,49.1525],[25.7808,49.1597],[25.7883,49.1498],[25.8111,49.1603],[25.8543,49.2032],[25.8293,49.2107],[25.8373,49.2401],[25.8298,49.2428],[25.8498,49.2623],[25.8562,49.2774],[25.8906,49.2765],[25.8902,49.2863],[25.9241,49.2856],[25.9394,49.2959],[25.8976,49.3181],[25.8928,49.3354],[25.8953,49.3687],[25.9048,49.3771],[25.9709,49.3594],[26.1265,49.3692],[26.1276,49.3828],[26.1571,49.3768],[26.163,49.3845],[26.2228,49.3758],[26.2447,49.3693],[26.232,49.3578],[26.2435,49.3539],[26.2436,49.3472],[26.229,49.3503],[26.2254,49.3291],[26.2507,49.3101],[26.2461,49.3002],[26.2595,49.2896],[26.2488,49.2862],[26.2576,49.2772],[26.2413,49.2751],[26.2584,49.2638],[26.2417,49.2544],[26.2468,49.2485],[26.2432,49.2428],[26.203,49.2447],[26.2014,49.2368],[26.2074,49.2326],[26.1989,49.2274],[26.2017,49.2202],[26.1907,49.2203],[26.1959,49.2125],[26.1846,49.2005],[26.1831,49.1951],[26.1961,49.1819],[26.1898,49.1716],[26.2092,49.1673],[26.2108,49.1614],[26.1899,49.1582],[26.199,49.1462],[26.1945,49.1363],[26.2055,49.1327],[26.1955,49.1293],[26.2046,49.1007],[26.192,49.0775],[26.2156,49.0723],[26.1879,49.0623],[26.1838,49.0551],[26.2076,49.0363],[26.2085,49.031],[26.1977,49.0248],[26.2145,49.0126],[26.2156,49.005],[26.212,48.9998],[26.1934,49.0038],[26.1761,48.9956],[26.2119,48.9829],[26.1997,48.9745],[26.1847,48.9788],[26.1773,48.9737],[26.1812,48.9655],[26.2082,48.9551],[26.194,48.9336],[26.1985,48.9182],[26.1853,48.918],[26.186,48.9099],[26.1965,48.9035],[26.2196,48.9129],[26.2252,48.9061],[26.2039,48.8959],[26.2141,48.8798],[26.2058,48.8752],[26.2115,48.8645],[26.1998,48.8589],[26.2218,48.8475],[26.2187,48.8356],[26.2325,48.8271],[26.2332,48.8192],[26.2515,48.8226],[26.2585,48.8153],[26.2496,48.8083],[26.2255,48.8132],[26.2334,48.79],[26.2181,48.7933],[26.2159,48.8017],[26.2073,48.7973],[26.2143,48.7806],[26.2376,48.7759],[26.2299,48.7621],[26.2458,48.7557],[26.2409,48.7494],[26.2234,48.7522],[26.244,48.7365],[26.235,48.7286],[26.2397,48.7194],[26.2289,48.7089],[26.2375,48.6966],[26.2195,48.6889],[26.2267,48.6827],[26.2453,48.684],[26.2419,48.6758],[26.2479,48.6679],[26.2785,48.6728],[26.2776,48.6598],[26.2668,48.6505],[26.2731,48.6472],[26.3075,48.6575],[26.3087,48.6496],[26.2878,48.6402],[26.2962,48.6353],[26.3169,48.6378],[26.3236,48.6294],[26.3152,48.6242],[26.2971,48.6281],[26.293,48.6228],[26.3268,48.6107],[26.3239,48.5999],[26.3412,48.5975],[26.3421,48.5861],[26.3597,48.588],[26.3591,48.5807],[26.3364,48.5694],[26.3638,48.5593],[26.3669,48.5519],[26.3602,48.5419],[26.3769,48.5472],[26.3748,48.5619],[26.3798,48.5647],[26.4089,48.5421],[26.4337,48.5476],[26.4438,48.5386],[26.3879,48.5338],[26.3551,48.5076],[26.3248,48.5171],[26.3022,48.509],[26.2795,48.5365],[26.2679,48.54],[26.1996,48.5258],[26.1663,48.5289],[26.1466,48.5462],[26.1445,48.5973],[26.1183,48.62],[26.1003,48.6139],[26.0959,48.6018],[26.1061,48.5805],[26.1216,48.5713],[26.1271,48.5544],[26.1053,48.539],[26.0909,48.5392],[26.0805,48.5562],[26.0449,48.5844],[26.0659,48.6071],[26.0584,48.6221],[26.0621,48.637],[26.0503,48.6482],[26.0318,48.6434],[26.0295,48.6203],[26.021,48.6103],[25.9753,48.6209],[25.9228,48.5875],[25.899,48.5891],[25.8751,48.5999],[25.8491,48.5971],[25.855,48.6204],[25.8062,48.6664],[25.785,48.6753],[25.7609,48.6664],[25.7457,48.6365],[25.738,48.6332],[25.7265,48.6382],[25.721,48.6552],[25.7101,48.6637],[25.6527,48.6669],[25.6214,48.6771],[25.649,48.6963],[25.653,48.7055],[25.6105,48.721],[25.6145,48.7299],[25.6373,48.7397],[25.6395,48.7492],[25.5997,48.7658],[25.5537,48.799],[25.5041,48.8068],[25.4845,48.8212],[25.4542,48.8315],[25.4499,48.8388],[25.4693,48.8551],[25.453,48.8667],[25.4384,48.8718],[25.427,48.8679],[25.4391,48.8475],[25.4356,48.8444],[25.3497,48.8589],[25.3409,48.8538],[25.3447,48.8375],[25.3271,48.8379]]]}},{"type":"Feature","properties":{"k":"bohodukhivskyi","o":"Харківська"},"geometry":{"type":"Polygon","coordinates":[[[35.4645,49.6739],[35.3443,49.665],[35.3297,49.6826],[35.2666,49.6858],[35.2431,49.6934],[35.2563,49.7088],[35.2424,49.7129],[35.2649,49.7145],[35.2594,49.7337],[35.224,49.7363],[35.2092,49.7467],[35.206,49.7569],[35.2121,49.7714],[35.2061,49.7822],[35.2125,49.7893],[35.2,49.8005],[35.2226,49.8067],[35.2149,49.8182],[35.2198,49.8295],[35.1399,49.8597],[35.1194,49.8516],[35.0964,49.8588],[35.0679,49.8583],[35.0454,49.8731],[35.0558,49.8745],[35.0541,49.8805],[35.0644,49.8861],[35.0336,49.8884],[35.0155,49.8767],[34.9797,49.8895],[34.9707,49.8851],[34.9376,49.9046],[34.9123,49.9352],[34.893,49.932],[34.8604,49.9493],[34.8724,49.9565],[34.8562,49.9869],[34.9374,50.0616],[34.9635,50.0737],[34.9558,50.0934],[34.9369,50.0952],[34.9328,50.1339],[34.9408,50.1524],[34.9736,50.1585],[34.9621,50.1847],[35.0325,50.1802],[35.0296,50.1662],[35.0396,50.1647],[35.077,50.2006],[35.0702,50.2059],[35.1057,50.2145],[35.1485,50.2426],[35.1927,50.2285],[35.1977,50.2382],[35.2349,50.2282],[35.2375,50.2365],[35.2603,50.2346],[35.2608,50.2588],[35.2665,50.2655],[35.2999,50.2625],[35.3299,50.2742],[35.2965,50.2897],[35.3299,50.3187],[35.3822,50.2946],[35.3851,50.306],[35.3789,50.3205],[35.4102,50.321],[35.4234,50.3351],[35.439,50.3169],[35.4596,50.3149],[35.4583,50.3096],[35.4962,50.2925],[35.5042,50.2998],[35.5244,50.2901],[35.5353,50.302],[35.5158,50.3172],[35.5732,50.3196],[35.5938,50.3312],[35.6303,50.3244],[35.6238,50.3204],[35.6501,50.3098],[35.6604,50.3268],[35.6735,50.3256],[35.6887,50.3347],[35.6927,50.3456],[35.6537,50.3468],[35.658,50.3512],[35.7385,50.3543],[35.8027,50.398],[35.8066,50.4112],[35.7929,50.4159],[35.8319,50.4338],[35.8351,50.4247],[35.8546,50.4295],[35.8723,50.4226],[35.8891,50.4389],[35.9359,50.4308],[36.0034,50.4456],[36.0671,50.4512],[36.0695,50.4462],[36.0861,50.4485],[36.1602,50.4311],[36.177,50.4016],[36.1054,50.3648],[36.1214,50.3656],[36.1365,50.3523],[36.1515,50.358],[36.1723,50.3458],[36.1728,50.3341],[36.1508,50.3309],[36.1637,50.3287],[36.1519,50.3261],[36.1619,50.3233],[36.1585,50.3173],[36.1687,50.3073],[36.1635,50.3003],[36.1752,50.2965],[36.176,50.2878],[36.1499,50.2776],[36.1509,50.2698],[36.1209,50.25],[36.1209,50.2408],[36.1012,50.237],[36.0932,50.2468],[36.0861,50.2439],[36.0839,50.239],[36.0957,50.2359],[36.0931,50.2249],[36.036,50.2115],[36.0724,50.2013],[36.0776,50.18],[36.0363,50.1814],[36.0129,50.1329],[35.9868,50.1358],[35.9857,50.1158],[35.9957,50.114],[35.9953,50.1083],[35.9413,50.111],[35.9363,50.1026],[35.9453,50.0993],[35.944,50.0927],[35.916,50.0971],[35.9153,50.085],[35.9043,50.0896],[35.8894,50.0798],[35.8688,50.0832],[35.8676,50.0777],[35.8573,50.0822],[35.8514,50.0997],[35.8444,50.0987],[35.8418,50.1171],[35.8251,50.121],[35.8161,50.1153],[35.8218,50.0975],[35.8324,50.0906],[35.8275,50.0747],[35.8341,50.0657],[35.8447,50.0637],[35.8224,50.06],[35.8251,50.0534],[35.7983,50.0439],[35.8104,50.0446],[35.813,50.0347],[35.7939,50.0348],[35.7797,50.0174],[35.7975,50.0225],[35.7925,50.0157],[35.8037,50.0139],[35.8024,50.0021],[35.8284,50.0019],[35.8346,49.996],[35.8225,49.9914],[35.8098,49.9968],[35.8072,49.9852],[35.8169,49.981],[35.8145,49.9722],[35.7926,49.9513],[35.7553,49.9442],[35.7911,49.94],[35.7868,49.949],[35.7965,49.9488],[35.8137,49.9437],[35.799,49.9361],[35.8045,49.926],[35.8187,49.9367],[35.8274,49.9332],[35.8248,49.9238],[35.862,49.9169],[35.8631,49.9105],[35.8748,49.913],[35.8681,49.9033],[35.8756,49.9],[35.8678,49.8908],[35.8739,49.8833],[35.8681,49.8844],[35.8663,49.8775],[35.8734,49.8747],[35.8663,49.868],[35.8477,49.8687],[35.8247,49.8585],[35.822,49.8352],[35.8364,49.8357],[35.8391,49.8302],[35.8204,49.8237],[35.8153,49.8157],[35.8204,49.8073],[35.7697,49.8182],[35.781,49.825],[35.7622,49.8365],[35.7322,49.8277],[35.7348,49.8238],[35.6981,49.8229],[35.6984,49.8008],[35.7109,49.8005],[35.7084,49.7914],[35.7142,49.7902],[35.7081,49.7751],[35.6867,49.7826],[35.6728,49.7615],[35.6546,49.7518],[35.6635,49.7443],[35.6748,49.748],[35.6793,49.7429],[35.6737,49.7312],[35.6799,49.7261],[35.6755,49.7234],[35.6988,49.7062],[35.6634,49.6916],[35.6608,49.6959],[35.6223,49.6912],[35.6179,49.6568],[35.5722,49.6457],[35.537,49.6485],[35.529,49.6621],[35.5083,49.6689],[35.4929,49.6654],[35.4837,49.6718],[35.4698,49.6638],[35.4645,49.6739]]]}},{"type":"Feature","properties":{"k":"iziumskyi","o":"Харківська"},"geometry":{"type":"Polygon","coordinates":[[[37.8722,49.2376],[37.8503,49.2216],[37.8435,49.2014],[37.8024,49.2072],[37.7978,49.202],[37.6143,49.2331],[37.5612,49.228],[37.5453,49.2132],[37.5097,49.1965],[37.4988,49.1816],[37.5545,49.1649],[37.564,49.1456],[37.543,49.1446],[37.5849,49.1261],[37.4865,49.0995],[37.501,49.0913],[37.5066,49.08],[37.5051,49.0706],[37.4953,49.0638],[37.4768,49.0632],[37.468,49.0546],[37.4646,49.0613],[37.4514,49.0532],[37.4494,49.0615],[37.4432,49.0574],[37.4176,49.0613],[37.4077,49.0519],[37.3849,49.0483],[37.3919,49.0252],[37.3754,49.0262],[37.3736,48.9943],[37.3588,48.9924],[37.3598,48.9986],[37.3442,49.0035],[37.3367,48.9948],[37.3128,48.9897],[37.3247,48.9829],[37.3164,48.9827],[37.3165,48.9776],[37.3079,48.981],[37.2948,48.9709],[37.3108,48.9663],[37.3043,48.9629],[37.311,48.9568],[37.3208,48.9565],[37.3081,48.9511],[37.3107,48.9419],[37.3324,48.9412],[37.328,48.9217],[37.2691,48.9227],[37.2664,48.9065],[37.224,48.9083],[37.2112,48.8877],[37.1937,48.8819],[37.1921,48.8147],[37.1404,48.8327],[37.1477,48.8417],[37.0988,48.8508],[37.0781,48.8176],[37.0238,48.8179],[37.0186,48.8015],[37.0073,48.8027],[36.9949,48.7874],[37.0231,48.7751],[37.023,48.7678],[37.0432,48.7665],[37.0324,48.7492],[37.0015,48.7657],[36.9689,48.7933],[36.9475,48.7958],[36.9322,48.7923],[36.921,48.7977],[36.8541,48.8004],[36.8408,48.7728],[36.8212,48.7713],[36.8167,48.7776],[36.7884,48.7806],[36.7922,48.786],[36.7839,48.7898],[36.7905,48.8014],[36.765,48.7969],[36.6895,48.814],[36.6816,48.8486],[36.6931,48.8506],[36.7036,48.8643],[36.733,48.8602],[36.761,48.8907],[36.7739,48.8893],[36.7808,48.8963],[36.7979,48.8893],[36.809,48.8925],[36.8123,48.9115],[36.7988,48.9116],[36.7919,48.9418],[36.7796,48.9405],[36.7658,48.9867],[36.7558,48.9861],[36.7517,48.9945],[36.7377,48.9934],[36.7558,49.0161],[36.7265,49.0177],[36.7207,49.0312],[36.6969,49.0237],[36.6811,49.0311],[36.6771,49.0207],[36.6438,49.0172],[36.6303,49.0832],[36.6338,49.0899],[36.6217,49.0913],[36.6145,49.0824],[36.5911,49.0996],[36.6209,49.1315],[36.6137,49.1364],[36.6259,49.1494],[36.6394,49.1515],[36.6564,49.1953],[36.6315,49.1977],[36.6474,49.2284],[36.5994,49.2411],[36.589,49.2482],[36.5884,49.2586],[36.5607,49.2677],[36.5809,49.2828],[36.6064,49.2755],[36.6138,49.2966],[36.5607,49.3137],[36.5645,49.3273],[36.5511,49.3276],[36.5528,49.3554],[36.5194,49.3543],[36.5207,49.3689],[36.4483,49.3874],[36.4823,49.4553],[36.4633,49.4702],[36.4809,49.4764],[36.4977,49.4686],[36.4999,49.481],[36.5257,49.4835],[36.5219,49.502],[36.4857,49.5201],[36.475,49.5028],[36.4761,49.5086],[36.4419,49.5085],[36.4285,49.5191],[36.4348,49.5308],[36.4468,49.5275],[36.4515,49.5322],[36.436,49.5343],[36.4438,49.5392],[36.4812,49.5344],[36.5018,49.5232],[36.5284,49.5503],[36.5653,49.5434],[36.5931,49.5644],[36.6055,49.5642],[36.6218,49.5887],[36.7,49.5696],[36.7021,49.5879],[36.7588,49.5997],[36.7599,49.6087],[36.8004,49.6192],[36.8006,49.6367],[36.8558,49.6368],[36.8562,49.6031],[36.8819,49.6021],[36.8856,49.5905],[36.8942,49.5899],[36.8996,49.602],[36.9193,49.5999],[36.9338,49.6324],[36.9408,49.6266],[36.9811,49.65],[37.0082,49.6201],[37.0354,49.6216],[37.0478,49.634],[37.0586,49.6275],[37.0604,49.612],[37.0683,49.6125],[37.0854,49.5928],[37.0835,49.587],[37.0943,49.5831],[37.1062,49.5818],[37.1449,49.6002],[37.1648,49.594],[37.1725,49.5767],[37.1722,49.5605],[37.1656,49.5593],[37.1721,49.5425],[37.2298,49.5423],[37.2952,49.5246],[37.3389,49.5348],[37.3728,49.5511],[37.3892,49.5435],[37.382,49.5133],[37.4005,49.5155],[37.4086,49.5236],[37.4548,49.4846],[37.4707,49.4846],[37.4715,49.4779],[37.4978,49.4677],[37.5187,49.4675],[37.5231,49.449],[37.5666,49.4457],[37.5692,49.4341],[37.612,49.4487],[37.6411,49.451],[37.6523,49.459],[37.6576,49.4788],[37.6796,49.4976],[37.6933,49.5002],[37.6998,49.5152],[37.726,49.5162],[37.7507,49.5055],[37.772,49.5059],[37.7716,49.4995],[37.8032,49.492],[37.8073,49.4984],[37.8353,49.4959],[37.8443,49.5027],[37.837,49.4925],[37.8509,49.4877],[37.8439,49.4452],[37.8758,49.4467],[37.8784,49.4134],[37.8961,49.4032],[37.8863,49.3417],[37.8772,49.3288],[37.8837,49.3129],[37.9459,49.3037],[37.9584,49.2852],[37.9006,49.2712],[37.9115,49.2597],[37.8662,49.2464],[37.8722,49.2376]]]}},{"type":"Feature","properties":{"k":"krasnohradskyi","o":"Харківська"},"geometry":{"type":"Polygon","coordinates":[[[35.8146,48.9292],[35.7997,48.9276],[35.7922,48.9342],[35.8013,48.9424],[35.7898,48.946],[35.7889,48.9542],[35.7762,48.9481],[35.7607,48.9556],[35.7569,48.9476],[35.7394,48.9496],[35.734,48.967],[35.7194,48.965],[35.7119,48.9577],[35.7141,48.9488],[35.6979,48.9487],[35.6961,48.9428],[35.6903,48.9502],[35.6954,48.9534],[35.6944,48.9675],[35.6502,48.9741],[35.6439,48.9633],[35.6308,48.9625],[35.6247,48.9717],[35.6266,48.9832],[35.6023,48.9811],[35.5845,48.9873],[35.5734,48.9736],[35.5705,48.9785],[35.5612,48.9737],[35.5304,48.9824],[35.5298,48.9756],[35.5083,48.9827],[35.4852,48.9726],[35.4884,48.9802],[35.4778,48.9789],[35.4684,48.9882],[35.4566,48.9895],[35.4594,48.997],[35.4361,49.0044],[35.4388,49.0111],[35.4074,49.0136],[35.3996,49.019],[35.4055,49.0197],[35.4011,49.0306],[35.3866,49.0266],[35.3696,49.0393],[35.342,49.0455],[35.3379,49.0497],[35.3443,49.054],[35.3345,49.0612],[35.3018,49.0695],[35.3126,49.0774],[35.3074,49.0917],[35.2828,49.0908],[35.28,49.0964],[35.2764,49.0906],[35.2569,49.1135],[35.2375,49.1141],[35.2274,49.1003],[35.2198,49.107],[35.19,49.1099],[35.1978,49.1184],[35.2095,49.1181],[35.2105,49.1241],[35.2286,49.1263],[35.1899,49.1381],[35.1893,49.1476],[35.2097,49.1511],[35.1875,49.1628],[35.1602,49.1612],[35.1447,49.1505],[35.1223,49.1647],[35.0919,49.1546],[35.0854,49.141],[35.0754,49.1489],[35.0804,49.1596],[35.0719,49.1592],[35.0689,49.167],[35.0734,49.1702],[35.0532,49.177],[35.0441,49.1564],[35.0177,49.1508],[34.9802,49.25],[35.0062,49.3021],[35.0119,49.3002],[35.0239,49.3172],[35.0191,49.3184],[35.0366,49.3315],[35.0791,49.3171],[35.0789,49.3083],[35.0909,49.3004],[35.2425,49.2967],[35.263,49.2888],[35.2587,49.2822],[35.2718,49.2771],[35.2795,49.2914],[35.2891,49.2949],[35.2792,49.3182],[35.3776,49.3979],[35.3486,49.4046],[35.3637,49.4474],[35.3157,49.4555],[35.3317,49.5042],[35.4815,49.484],[35.4907,49.5079],[35.4853,49.5162],[35.4276,49.5264],[35.4324,49.5397],[35.4245,49.5407],[35.4274,49.5493],[35.4043,49.5559],[35.4066,49.5608],[35.4854,49.5713],[35.451,49.632],[35.4252,49.6566],[35.4236,49.6637],[35.4344,49.6658],[35.4334,49.6732],[35.4645,49.6739],[35.4698,49.6638],[35.4837,49.6718],[35.4929,49.6654],[35.5083,49.6689],[35.529,49.6621],[35.537,49.6485],[35.5722,49.6457],[35.6179,49.6568],[35.6223,49.6912],[35.6608,49.6959],[35.6634,49.6916],[35.6988,49.7062],[35.7078,49.6968],[35.7469,49.6967],[35.7478,49.6905],[35.7172,49.6748],[35.7228,49.6656],[35.7106,49.657],[35.7132,49.6508],[35.7365,49.6498],[35.745,49.643],[35.7489,49.6375],[35.742,49.6263],[35.7676,49.6176],[35.7828,49.6219],[35.7905,49.6354],[35.8323,49.6411],[35.852,49.6248],[35.8469,49.5976],[35.8662,49.5817],[35.9574,49.6184],[35.9657,49.6329],[36.0338,49.6176],[36.0737,49.6153],[36.0791,49.6026],[36.0749,49.5937],[36.1026,49.5862],[36.0955,49.5835],[36.1016,49.5794],[36.0787,49.569],[36.0684,49.542],[36.0825,49.5125],[36.0911,49.508],[35.9845,49.5042],[35.9868,49.4882],[35.9784,49.4854],[35.9778,49.4669],[35.9877,49.4566],[35.9982,49.4553],[35.9856,49.4011],[35.9995,49.3988],[35.9944,49.3817],[36.0048,49.3804],[36.0017,49.3694],[36.0101,49.3694],[36.0093,49.3553],[36.0254,49.3548],[36.0269,49.3444],[36.0417,49.345],[36.0421,49.3377],[36.0333,49.3328],[36.0352,49.3211],[36.0281,49.319],[36.0335,49.3049],[36.0744,49.2899],[36.0748,49.279],[36.0652,49.2743],[36.0684,49.2651],[36.0609,49.2565],[36.1355,49.2471],[36.1407,49.2266],[36.1317,49.227],[36.131,49.2161],[36.1426,49.2117],[36.1367,49.1961],[36.1624,49.1977],[36.1708,49.1336],[36.1619,49.1317],[36.1663,49.1097],[36.2526,49.1264],[36.2698,49.1023],[36.2606,49.0968],[36.2477,49.0989],[36.238,49.0875],[36.2176,49.0845],[36.1999,49.0727],[36.158,49.069],[36.1289,49.0493],[36.106,49.0507],[36.1097,49.0424],[36.0742,49.0185],[36.0706,49.0054],[36.0415,49.0013],[36.0437,48.9949],[36.03,48.9799],[36.0164,48.9827],[35.9913,49.0026],[35.9736,49.0049],[35.9529,48.9986],[35.9461,49.0038],[35.934,48.9939],[35.9375,48.9873],[35.9306,48.9797],[35.9436,48.9774],[35.9375,48.9729],[35.9147,48.9682],[35.885,48.9752],[35.8792,48.9629],[35.8551,48.958],[35.8558,48.9451],[35.8381,48.9473],[35.8361,48.943],[35.8302,48.9501],[35.8197,48.9399],[35.8098,48.9413],[35.8146,48.9292]]]}},{"type":"Feature","properties":{"k":"kupianskyi","o":"Харківська"},"geometry":{"type":"Polygon","coordinates":[[[38.0188,49.9157],[38.0937,49.846],[38.0741,49.8362],[38.0178,49.8372],[38.0096,49.8128],[38.0551,49.7915],[38.0528,49.7835],[38.0368,49.7831],[37.9986,49.7533],[37.9823,49.7571],[37.9766,49.7676],[37.9514,49.7312],[37.9747,49.7085],[37.9907,49.7157],[38.017,49.7128],[38.0176,49.7059],[37.9989,49.7002],[38.0136,49.6954],[38.0113,49.6774],[38.0308,49.668],[38.0277,49.6622],[38.0458,49.6576],[37.9949,49.647],[37.9873,49.6416],[37.9957,49.6284],[37.9806,49.626],[37.9749,49.6116],[37.9443,49.6113],[37.942,49.5938],[37.9343,49.5897],[37.9527,49.5684],[37.9011,49.5738],[37.8863,49.5492],[37.9272,49.548],[37.9175,49.5342],[37.8856,49.5188],[37.8468,49.5206],[37.8409,49.4974],[37.8073,49.4984],[37.8032,49.492],[37.7716,49.4995],[37.772,49.5059],[37.7507,49.5055],[37.726,49.5162],[37.6998,49.5152],[37.6933,49.5002],[37.6796,49.4976],[37.6576,49.4788],[37.6523,49.459],[37.6308,49.4467],[37.612,49.4487],[37.5692,49.4341],[37.5666,49.4457],[37.5231,49.449],[37.5187,49.4675],[37.4978,49.4677],[37.4715,49.4779],[37.4707,49.4846],[37.4548,49.4846],[37.4086,49.5236],[37.4005,49.5155],[37.382,49.5133],[37.3892,49.5435],[37.3728,49.5511],[37.3389,49.5348],[37.2952,49.5246],[37.2298,49.5423],[37.1721,49.5425],[37.1656,49.5593],[37.1722,49.5605],[37.1725,49.5767],[37.1648,49.594],[37.1449,49.6002],[37.1062,49.5818],[37.0943,49.5831],[37.0835,49.587],[37.0854,49.5928],[37.0683,49.6125],[37.0604,49.612],[37.0586,49.6275],[37.0478,49.634],[37.0354,49.6216],[37.0082,49.6201],[37.0009,49.6339],[36.9677,49.6608],[37.0234,49.7109],[36.9984,49.7136],[37.0003,49.7263],[36.9915,49.7263],[36.9739,49.7667],[36.9681,49.7643],[36.9646,49.7727],[37.0113,49.7868],[37.0234,49.8017],[37.04,49.7937],[37.0435,49.7796],[37.0665,49.7702],[37.0766,49.7983],[37.1047,49.789],[37.1214,49.7915],[37.1472,49.8256],[37.1676,49.8314],[37.1744,49.8397],[37.189,49.8382],[37.1841,49.9172],[37.178,49.9172],[37.1772,49.937],[37.1353,49.9473],[37.1419,49.9569],[37.1671,49.9666],[37.1762,49.979],[37.1529,49.9898],[37.1611,50.0004],[37.148,50.0058],[37.1624,50.0125],[37.166,50.03],[37.1577,50.0425],[37.1685,50.0668],[37.1842,50.0671],[37.1884,50.0775],[37.1528,50.0941],[37.1511,50.1004],[37.17,50.115],[37.1915,50.1175],[37.2152,50.1334],[37.2186,50.1307],[37.2052,50.1231],[37.2418,50.1074],[37.2526,50.1117],[37.2613,50.1057],[37.28,50.1171],[37.2669,50.1259],[37.3053,50.1368],[37.2897,50.1511],[37.3153,50.1592],[37.3222,50.1711],[37.3175,50.1829],[37.3475,50.1903],[37.359,50.1805],[37.3766,50.1839],[37.3689,50.2228],[37.387,50.2377],[37.4023,50.2354],[37.411,50.249],[37.4249,50.2539],[37.4198,50.2895],[37.5306,50.3176],[37.5347,50.3337],[37.5554,50.3297],[37.5769,50.3063],[37.5952,50.3162],[37.6357,50.3109],[37.6378,50.3027],[37.6264,50.2931],[37.6268,50.2399],[37.6145,50.2199],[37.6436,50.1909],[37.6404,50.176],[37.6684,50.1527],[37.7087,50.1331],[37.708,50.1269],[37.7554,50.0786],[37.7973,50.0842],[37.8294,50.0663],[37.8934,50.0505],[37.9235,50.0363],[37.962,49.983],[37.9993,49.9635],[38.0054,49.9672],[38.044,49.9326],[38.0206,49.9256],[38.0249,49.919],[38.0188,49.9157]]]}},{"type":"Feature","properties":{"k":"lozivskyi","o":"Харківська"},"geometry":{"type":"Polygon","coordinates":[[[36.2963,48.5315],[36.2713,48.5437],[36.319,48.5872],[36.2512,48.6207],[36.2684,48.6373],[36.2668,48.6496],[36.2842,48.6595],[36.1428,48.7244],[36.1617,48.7488],[36.14,48.7659],[36.1589,48.7681],[36.1529,48.781],[36.159,48.7841],[36.1305,48.8067],[36.0661,48.8089],[36.0748,48.8362],[36.0194,48.8547],[36.0403,48.8735],[36.0117,48.8879],[36.0436,48.9156],[35.9959,48.9393],[36.0041,48.9461],[35.9776,48.9597],[35.9896,48.9692],[35.94,48.9992],[35.9461,49.0038],[35.9529,48.9986],[35.9736,49.0049],[35.9913,49.0026],[36.0164,48.9827],[36.03,48.9799],[36.0437,48.9949],[36.0415,49.0013],[36.0706,49.0054],[36.0742,49.0185],[36.1097,49.0424],[36.106,49.0507],[36.1289,49.0493],[36.158,49.069],[36.1999,49.0727],[36.2176,49.0845],[36.238,49.0875],[36.2477,49.0989],[36.2606,49.0968],[36.2698,49.1023],[36.2526,49.1264],[36.1663,49.1097],[36.1619,49.1317],[36.1708,49.1336],[36.1624,49.1977],[36.1367,49.1961],[36.1426,49.2117],[36.131,49.2161],[36.1317,49.227],[36.1407,49.2266],[36.1355,49.2471],[36.0609,49.2565],[36.0684,49.2651],[36.0652,49.2743],[36.0748,49.279],[36.0744,49.2899],[36.0335,49.3049],[36.0281,49.319],[36.0352,49.3211],[36.0333,49.3328],[36.0421,49.3377],[36.0417,49.345],[36.0269,49.3444],[36.0254,49.3548],[36.0093,49.3553],[36.0101,49.3694],[36.0017,49.3694],[36.0048,49.3804],[35.9944,49.3817],[35.9995,49.3988],[35.9856,49.4011],[35.9982,49.4553],[35.9877,49.4566],[35.9778,49.4669],[35.9784,49.4854],[35.9868,49.4882],[35.9845,49.5042],[36.0789,49.5039],[36.0814,49.5106],[36.0916,49.5095],[36.0814,49.517],[36.1324,49.5166],[36.1344,49.5385],[36.1803,49.5354],[36.1824,49.5198],[36.1959,49.5095],[36.2051,49.5147],[36.2419,49.5071],[36.2605,49.545],[36.3396,49.5257],[36.3366,49.5198],[36.3546,49.5219],[36.3667,49.5074],[36.3839,49.5049],[36.3835,49.4685],[36.4359,49.4588],[36.4633,49.4702],[36.4823,49.4553],[36.4483,49.3874],[36.5207,49.3689],[36.5194,49.3543],[36.5528,49.3554],[36.5511,49.3276],[36.5645,49.3273],[36.5607,49.3137],[36.6138,49.2966],[36.6064,49.2755],[36.5809,49.2828],[36.5607,49.2677],[36.5884,49.2586],[36.589,49.2482],[36.5994,49.2411],[36.6474,49.2284],[36.6315,49.1977],[36.6564,49.1953],[36.6394,49.1515],[36.6259,49.1494],[36.6137,49.1364],[36.6209,49.1315],[36.5911,49.0996],[36.6145,49.0824],[36.6217,49.0913],[36.6338,49.0899],[36.6303,49.0832],[36.6438,49.0172],[36.6771,49.0207],[36.6811,49.0311],[36.6969,49.0237],[36.7207,49.0312],[36.7265,49.0177],[36.7558,49.0161],[36.7377,48.9934],[36.7517,48.9945],[36.7558,48.9861],[36.7658,48.9867],[36.7796,48.9405],[36.7919,48.9418],[36.7988,48.9116],[36.8123,48.9115],[36.809,48.8925],[36.7979,48.8893],[36.7808,48.8963],[36.7739,48.8893],[36.761,48.8907],[36.733,48.8602],[36.7036,48.8643],[36.6931,48.8506],[36.6816,48.8486],[36.6895,48.814],[36.7208,48.806],[36.6891,48.7761],[36.6919,48.7694],[36.7086,48.7682],[36.7176,48.7449],[36.7126,48.7437],[36.7355,48.7052],[36.7302,48.6952],[36.7118,48.6926],[36.7213,48.6833],[36.7148,48.6794],[36.7272,48.6671],[36.7208,48.6639],[36.7309,48.657],[36.7225,48.6546],[36.7343,48.6462],[36.7389,48.6262],[36.6724,48.6247],[36.6739,48.6182],[36.6539,48.6161],[36.6554,48.6093],[36.5911,48.6024],[36.59,48.608],[36.5802,48.6071],[36.5783,48.6159],[36.5627,48.6168],[36.5614,48.6231],[36.4825,48.6635],[36.4476,48.6329],[36.4202,48.635],[36.4424,48.6287],[36.4281,48.6158],[36.4454,48.6137],[36.4251,48.6127],[36.3811,48.5703],[36.3919,48.5647],[36.3548,48.5321],[36.3496,48.535],[36.355,48.5397],[36.3237,48.5556],[36.2963,48.5315]]]}},{"type":"Feature","properties":{"k":"kharkivskyi","o":"Харківська"},"geometry":{"type":"Polygon","coordinates":[[[35.7078,49.6968],[35.6755,49.7234],[35.6799,49.7261],[35.6737,49.7312],[35.6793,49.7429],[35.6748,49.748],[35.6635,49.7443],[35.6546,49.7518],[35.6728,49.7615],[35.6867,49.7826],[35.7081,49.7751],[35.7142,49.7902],[35.7084,49.7914],[35.7109,49.8005],[35.6984,49.8008],[35.6981,49.8229],[35.7348,49.8238],[35.7322,49.8277],[35.7622,49.8365],[35.781,49.825],[35.7697,49.8182],[35.8204,49.8073],[35.8153,49.8157],[35.8204,49.8237],[35.8391,49.8302],[35.8364,49.8357],[35.822,49.8352],[35.8247,49.8585],[35.8477,49.8687],[35.8663,49.868],[35.8734,49.8747],[35.8663,49.8775],[35.8681,49.8844],[35.8739,49.8833],[35.8678,49.8908],[35.8756,49.9],[35.8681,49.9033],[35.8733,49.9159],[35.8631,49.9105],[35.862,49.9169],[35.8248,49.9238],[35.8274,49.9332],[35.8187,49.9367],[35.8045,49.926],[35.799,49.9361],[35.8137,49.9437],[35.7965,49.9488],[35.7868,49.949],[35.7911,49.94],[35.7553,49.9442],[35.7926,49.9513],[35.8145,49.9722],[35.8169,49.981],[35.8072,49.9852],[35.8098,49.9968],[35.8225,49.9914],[35.8346,49.996],[35.8284,50.0019],[35.8024,50.0021],[35.8037,50.0139],[35.7925,50.0157],[35.7975,50.0225],[35.7797,50.0174],[35.7939,50.0348],[35.813,50.0347],[35.8104,50.0446],[35.7983,50.0439],[35.8251,50.0534],[35.8224,50.06],[35.8447,50.0637],[35.8341,50.0657],[35.8275,50.0747],[35.8324,50.0906],[35.8218,50.0975],[35.8161,50.1153],[35.8251,50.121],[35.8418,50.1171],[35.8444,50.0987],[35.8514,50.0997],[35.8573,50.0822],[35.8676,50.0777],[35.8688,50.0832],[35.8894,50.0798],[35.9043,50.0896],[35.9153,50.085],[35.916,50.0971],[35.944,50.0927],[35.9453,50.0993],[35.9363,50.1026],[35.9413,50.111],[35.9953,50.1083],[35.9957,50.114],[35.9857,50.1158],[35.9868,50.1358],[36.0129,50.1329],[36.0363,50.1814],[36.0776,50.18],[36.0724,50.2013],[36.036,50.2115],[36.0931,50.2249],[36.0957,50.2359],[36.0839,50.239],[36.0861,50.2439],[36.0932,50.2468],[36.1012,50.237],[36.1209,50.2408],[36.1209,50.25],[36.1509,50.2698],[36.1499,50.2776],[36.176,50.2878],[36.1752,50.2965],[36.1635,50.3003],[36.1687,50.3073],[36.1585,50.3173],[36.1619,50.3233],[36.1519,50.3261],[36.1637,50.3287],[36.1508,50.3309],[36.1728,50.3341],[36.1723,50.3458],[36.1515,50.358],[36.1365,50.3523],[36.1214,50.3656],[36.1054,50.3648],[36.1846,50.4065],[36.2085,50.3921],[36.2335,50.3637],[36.2838,50.3356],[36.2739,50.3239],[36.2802,50.3229],[36.2761,50.3171],[36.2863,50.2986],[36.2992,50.2995],[36.2971,50.292],[36.3663,50.2878],[36.3788,50.2923],[36.3745,50.3005],[36.4045,50.3093],[36.4336,50.3306],[36.4403,50.3109],[36.4875,50.3116],[36.5013,50.2991],[36.5264,50.2939],[36.5226,50.2888],[36.53,50.2852],[36.5862,50.2854],[36.5938,50.2758],[36.5746,50.2747],[36.5804,50.2626],[36.5603,50.2507],[36.613,50.2237],[36.6194,50.2269],[36.6475,50.2177],[36.6636,50.222],[36.6572,50.2168],[36.6596,50.21],[36.6684,50.2134],[36.7219,50.1927],[36.7079,50.1959],[36.6897,50.1901],[36.7052,50.1822],[36.6927,50.1707],[36.6735,50.1695],[36.6831,50.1589],[36.7024,50.1587],[36.6674,50.148],[36.6915,50.1272],[36.679,50.1152],[36.6655,50.1119],[36.67,50.1031],[36.6583,50.1062],[36.6498,50.1016],[36.6345,50.1099],[36.6247,50.0974],[36.599,50.102],[36.5838,50.0959],[36.5676,50.0979],[36.5494,50.0801],[36.5508,50.0651],[36.5674,50.0355],[36.6028,50.034],[36.6232,50.0234],[36.6295,50.0108],[36.6444,50.0071],[36.6384,49.9983],[36.6255,49.9999],[36.6246,49.9909],[36.6471,49.9672],[36.6022,49.9373],[36.609,49.9317],[36.6021,49.9213],[36.5886,49.9172],[36.5715,49.9226],[36.5618,49.9045],[36.5395,49.9095],[36.5338,49.886],[36.4615,49.8802],[36.4504,49.8706],[36.4526,49.8637],[36.4326,49.8691],[36.4088,49.8141],[36.422,49.7973],[36.3816,49.7902],[36.3654,49.7978],[36.3398,49.7914],[36.3241,49.7969],[36.3233,49.8165],[36.3054,49.8246],[36.2674,49.8175],[36.2433,49.8207],[36.2312,49.8132],[36.2108,49.8124],[36.17,49.8261],[36.1293,49.8066],[36.1202,49.7861],[36.149,49.7875],[36.1602,49.7774],[36.1508,49.7607],[36.1331,49.7547],[36.0836,49.7697],[36.0706,49.762],[36.0604,49.7639],[36.0555,49.7562],[36.0365,49.7635],[36.0258,49.7573],[35.987,49.7619],[35.9739,49.7593],[35.9752,49.7494],[35.968,49.7632],[35.9677,49.7555],[35.9816,49.7397],[36.0354,49.7232],[36.0101,49.7205],[36.0,49.7114],[36.0108,49.7022],[36.0504,49.7055],[36.0737,49.6946],[36.0733,49.672],[36.0373,49.671],[36.0418,49.66],[36.0568,49.6507],[36.0652,49.6154],[35.9657,49.6329],[35.9574,49.6184],[35.8662,49.5817],[35.8469,49.5976],[35.852,49.6248],[35.8323,49.6411],[35.7905,49.6354],[35.7828,49.6219],[35.7676,49.6176],[35.742,49.6263],[35.7489,49.6375],[35.745,49.643],[35.7365,49.6498],[35.7132,49.6508],[35.7106,49.657],[35.7228,49.6656],[35.7172,49.6748],[35.7478,49.6905],[35.7469,49.6967],[35.7078,49.6968]]]}},{"type":"Feature","properties":{"k":"chuhuivskyi","o":"Харківська"},"geometry":{"type":"Polygon","coordinates":[[[36.9811,49.65],[36.9408,49.6266],[36.9338,49.6324],[36.9193,49.5999],[36.8996,49.602],[36.8942,49.5899],[36.8856,49.5905],[36.8819,49.6021],[36.8562,49.6031],[36.8558,49.6368],[36.8006,49.6367],[36.8004,49.6192],[36.7599,49.6087],[36.7588,49.5997],[36.7021,49.5879],[36.7,49.5696],[36.6218,49.5887],[36.6055,49.5642],[36.5931,49.5644],[36.5653,49.5434],[36.5284,49.5503],[36.5018,49.5232],[36.4812,49.5344],[36.4438,49.5392],[36.436,49.5343],[36.4515,49.5322],[36.4468,49.5275],[36.4348,49.5308],[36.4285,49.5191],[36.4327,49.5124],[36.4761,49.5086],[36.475,49.5028],[36.4857,49.5201],[36.5219,49.502],[36.5257,49.4835],[36.4999,49.481],[36.4977,49.4686],[36.4777,49.4763],[36.4359,49.4588],[36.3835,49.4685],[36.3839,49.5049],[36.3667,49.5074],[36.3546,49.5219],[36.3366,49.5198],[36.3396,49.5257],[36.2749,49.5432],[36.277,49.5392],[36.2605,49.545],[36.2419,49.5071],[36.2051,49.5147],[36.1959,49.5095],[36.1824,49.5198],[36.1803,49.5354],[36.1735,49.5368],[36.1344,49.5385],[36.1324,49.5166],[36.0814,49.517],[36.0684,49.542],[36.0787,49.569],[36.1016,49.5794],[36.0955,49.5835],[36.1026,49.5862],[36.0749,49.5937],[36.0791,49.6026],[36.0737,49.6153],[36.0652,49.6154],[36.0568,49.6507],[36.0418,49.66],[36.0373,49.671],[36.0733,49.672],[36.0737,49.6946],[36.0504,49.7055],[36.0108,49.7022],[36.0,49.7114],[36.0101,49.7205],[36.0354,49.7232],[35.9816,49.7397],[35.9677,49.7555],[35.968,49.7632],[35.9752,49.7494],[35.9739,49.7593],[35.987,49.7619],[36.0258,49.7573],[36.0365,49.7635],[36.0555,49.7562],[36.0604,49.7639],[36.0706,49.762],[36.0836,49.7697],[36.1331,49.7547],[36.1508,49.7607],[36.1602,49.7774],[36.149,49.7875],[36.1202,49.7861],[36.1293,49.8066],[36.17,49.8261],[36.2108,49.8124],[36.2312,49.8132],[36.2433,49.8207],[36.2674,49.8175],[36.3054,49.8246],[36.3233,49.8165],[36.3268,49.8079],[36.3213,49.8011],[36.3311,49.7931],[36.3654,49.7978],[36.3816,49.7902],[36.3909,49.7954],[36.4121,49.7937],[36.4235,49.7987],[36.4088,49.8141],[36.4326,49.8691],[36.4526,49.8637],[36.4504,49.8706],[36.4615,49.8802],[36.5338,49.886],[36.5395,49.9095],[36.5618,49.9045],[36.5715,49.9226],[36.5886,49.9172],[36.6021,49.9213],[36.609,49.9317],[36.6022,49.9373],[36.6471,49.9672],[36.6246,49.9909],[36.6255,49.9999],[36.6384,49.9983],[36.6457,50.0056],[36.6295,50.0108],[36.6232,50.0234],[36.6028,50.034],[36.5674,50.0355],[36.5508,50.0651],[36.5494,50.0801],[36.5676,50.0979],[36.5838,50.0959],[36.599,50.102],[36.6247,50.0974],[36.6345,50.1099],[36.6498,50.1016],[36.6583,50.1062],[36.67,50.1031],[36.6655,50.1119],[36.6874,50.1215],[36.6915,50.1272],[36.6832,50.1296],[36.6859,50.136],[36.6674,50.148],[36.7024,50.1587],[36.6831,50.1589],[36.6735,50.1695],[36.6927,50.1707],[36.7052,50.1822],[36.6897,50.1901],[36.7079,50.1959],[36.7219,50.1927],[36.6684,50.2134],[36.6596,50.21],[36.6572,50.2168],[36.6796,50.2378],[36.6889,50.2669],[36.7036,50.2646],[36.7202,50.2774],[36.7487,50.2804],[36.7479,50.2875],[36.764,50.2908],[36.7681,50.3018],[36.8307,50.3122],[36.8559,50.3303],[36.9154,50.3464],[36.9374,50.3503],[37.0448,50.345],[37.135,50.3607],[37.1525,50.3562],[37.2924,50.4012],[37.3105,50.4266],[37.3301,50.4365],[37.3966,50.4311],[37.4215,50.435],[37.4769,50.4595],[37.4908,50.4573],[37.483,50.4323],[37.4651,50.4297],[37.4662,50.3822],[37.485,50.3571],[37.5058,50.3521],[37.5212,50.3364],[37.5347,50.3337],[37.5306,50.3176],[37.4198,50.2895],[37.4249,50.2539],[37.411,50.249],[37.4023,50.2354],[37.387,50.2377],[37.3689,50.2228],[37.3766,50.1839],[37.359,50.1805],[37.3475,50.1903],[37.3175,50.1829],[37.3222,50.1711],[37.3153,50.1592],[37.2897,50.1511],[37.3053,50.1368],[37.2669,50.1259],[37.28,50.1171],[37.2613,50.1057],[37.2526,50.1117],[37.2418,50.1074],[37.2052,50.1231],[37.2186,50.1307],[37.2152,50.1334],[37.1915,50.1175],[37.17,50.115],[37.1511,50.1004],[37.1528,50.0941],[37.1884,50.0775],[37.1842,50.0671],[37.1685,50.0668],[37.1577,50.0425],[37.166,50.03],[37.1624,50.0125],[37.148,50.0058],[37.1611,50.0004],[37.1529,49.9898],[37.1762,49.979],[37.1671,49.9666],[37.1419,49.9569],[37.1353,49.9473],[37.1772,49.937],[37.178,49.9172],[37.1841,49.9172],[37.189,49.8382],[37.1744,49.8397],[37.1676,49.8314],[37.1472,49.8256],[37.1214,49.7915],[37.1047,49.789],[37.0766,49.7983],[37.0665,49.7702],[37.0435,49.7796],[37.04,49.7937],[37.0234,49.8017],[37.0113,49.7868],[36.9646,49.7727],[36.9681,49.7643],[36.9739,49.7667],[36.9915,49.7263],[37.0003,49.7263],[36.9984,49.7136],[37.0234,49.7109],[36.9677,49.6608],[36.9811,49.65]]]}},{"type":"Feature","properties":{"k":"beryslavskyi","o":"Херсонська"},"geometry":{"type":"Polygon","coordinates":[[[33.0926,47.5787],[33.1717,47.5667],[33.1868,47.5741],[33.2068,47.5693],[33.2332,47.5774],[33.2362,47.5636],[33.2182,47.5484],[33.2219,47.5397],[33.2155,47.5331],[33.2409,47.5302],[33.2735,47.546],[33.2872,47.5433],[33.2876,47.5282],[33.279,47.5171],[33.2954,47.5044],[33.3099,47.5016],[33.3147,47.4902],[33.307,47.4861],[33.3136,47.4821],[33.3489,47.4936],[33.3299,47.51],[33.3252,47.5228],[33.4861,47.544],[33.4737,47.5872],[33.5803,47.6],[33.5924,47.5735],[33.6053,47.575],[33.609,47.5611],[33.5889,47.5582],[33.5923,47.5445],[33.5803,47.5326],[33.5882,47.5021],[33.6047,47.5041],[33.6037,47.5101],[33.6358,47.514],[33.6435,47.4845],[33.9377,47.5164],[33.9475,47.4998],[33.9524,47.4591],[33.9984,47.4594],[33.9942,47.3559],[33.9997,47.3316],[33.9607,47.2457],[33.9266,47.2106],[33.8782,47.1801],[33.8317,47.1634],[33.8182,47.1172],[33.8044,47.0947],[33.7513,47.0552],[33.6957,47.0324],[33.6706,46.9613],[33.6475,46.9285],[33.6217,46.9136],[33.611,46.8709],[33.597,46.8496],[33.5705,46.8381],[33.4893,46.8374],[33.4189,46.8036],[33.3822,46.828],[33.3743,46.8264],[33.3711,46.8368],[33.3417,46.8405],[33.3405,46.8483],[33.3162,46.8396],[33.3106,46.8499],[33.2936,46.845],[33.3202,46.8204],[33.3157,46.7973],[33.3071,46.7877],[33.3153,46.7831],[33.309,46.774],[33.3259,46.7763],[33.3267,46.7562],[33.285,46.752],[33.2513,46.7641],[33.1474,46.7842],[33.0464,46.7442],[33.0232,46.8359],[32.9858,46.8314],[32.9775,46.8597],[33.0155,46.8647],[33.006,46.9018],[33.0644,46.9073],[33.0523,46.9599],[33.0224,46.9725],[33.0674,47.0221],[33.0718,47.0202],[33.0892,47.0408],[33.0933,47.039],[33.1581,47.1169],[33.1049,47.137],[33.0821,47.1077],[33.1031,47.0998],[33.073,47.063],[33.052,47.0706],[33.0271,47.0395],[32.9157,47.0862],[32.9095,47.0942],[32.9143,47.1042],[32.9072,47.12],[32.9193,47.1325],[32.9188,47.145],[32.9492,47.1646],[32.9606,47.1896],[33.0019,47.19],[33.0003,47.196],[33.0057,47.1966],[33.0157,47.1802],[33.0377,47.1781],[33.0367,47.1883],[33.0662,47.2009],[33.0649,47.2193],[33.0749,47.2178],[33.0721,47.2234],[33.0987,47.2235],[33.1107,47.207],[33.1302,47.2029],[33.1426,47.2104],[33.1286,47.2195],[33.1271,47.2308],[33.1836,47.2381],[33.1362,47.2675],[33.14,47.2721],[33.1193,47.2813],[33.1052,47.2795],[33.1017,47.2903],[33.1099,47.2931],[33.1101,47.3025],[33.1024,47.3215],[33.1381,47.3327],[33.1217,47.3894],[33.0392,47.3792],[33.0342,47.3975],[33.0287,47.4237],[33.0381,47.4252],[33.0335,47.4413],[33.0541,47.4436],[33.047,47.4682],[33.0702,47.4752],[33.0712,47.4119],[33.1377,47.4196],[33.1229,47.5081],[33.1471,47.5143],[33.1411,47.5432],[33.0947,47.5273],[33.0891,47.5519],[33.0926,47.5787]]]}},{"type":"Feature","properties":{"k":"henicheskyi","o":"Херсонська"},"geometry":{"type":"MultiPolygon","coordinates":[[[[35.2475,46.2346],[35.2777,46.2644],[35.198,46.1645],[35.1688,46.1384],[35.119,46.1138],[34.9829,46.0771],[34.9943,46.099],[34.9898,46.1043],[35.0305,46.127],[35.0301,46.1421],[35.0381,46.1477],[35.138,46.162],[35.2132,46.1875],[35.2235,46.2027],[35.2225,46.2212],[35.2351,46.2264],[35.2322,46.231],[35.2475,46.2346]]],[[[35.2701,46.263],[35.2673,46.264],[35.2702,46.2641],[35.2701,46.263]]],[[[34.9303,45.8325],[34.9206,45.8325],[34.9056,45.8527],[34.8885,45.8609],[34.8739,45.8552],[34.8666,45.8321],[34.8511,45.8224],[34.8255,45.8322],[34.798,45.8333],[34.8028,45.9012],[34.7625,45.9179],[34.735,45.9717],[34.6813,46.012],[34.7015,46.01],[34.7255,45.9939],[34.762,46.001],[34.7615,46.0074],[34.7328,46.0417],[34.7078,46.0496],[34.7176,46.0671],[34.7129,46.0793],[34.6987,46.0878],[34.6717,46.0902],[34.6697,46.0942],[34.6723,46.0984],[34.6735,46.091],[34.681,46.0913],[34.6733,46.1007],[34.7234,46.0954],[34.7601,46.1058],[34.7598,46.0901],[34.7621,46.0936],[34.7855,46.0715],[34.8044,46.0848],[34.8028,46.1205],[34.8078,46.1288],[34.8006,46.1276],[34.8021,46.1231],[34.7959,46.1322],[34.7913,46.1184],[34.7449,46.1181],[34.718,46.1645],[34.6962,46.1834],[34.6714,46.1834],[34.625,46.1704],[34.6231,46.1445],[34.6435,46.0965],[34.6202,46.0643],[34.6079,46.0325],[34.5847,46.0086],[34.5445,45.9812],[34.5279,45.9977],[34.4978,45.9855],[34.4925,45.9662],[34.4795,45.9528],[34.4707,45.9855],[34.4794,46.0023],[34.4583,46.013],[34.4387,46.012],[34.4489,46.0045],[34.456,45.9676],[34.4464,45.9734],[34.4172,46.0172],[34.4304,46.0437],[34.4045,46.0618],[34.3945,46.0933],[34.434,46.1215],[34.4751,46.1258],[34.4872,46.1135],[34.4881,46.0903],[34.4939,46.0857],[34.5044,46.1164],[34.5422,46.1303],[34.5664,46.1037],[34.552,46.0995],[34.5529,46.0891],[34.5709,46.086],[34.57,46.092],[34.5902,46.1145],[34.5938,46.1674],[34.5821,46.1777],[34.5733,46.1762],[34.5789,46.1723],[34.5683,46.1747],[34.5488,46.1951],[34.5335,46.196],[34.5247,46.1871],[34.5238,46.1746],[34.5365,46.1485],[34.51,46.1443],[34.5142,46.1365],[34.5039,46.1346],[34.473,46.1401],[34.4528,46.1546],[34.4403,46.154],[34.4325,46.1675],[34.417,46.1685],[34.3805,46.1979],[34.3673,46.198],[34.351,46.1872],[34.3289,46.2195],[34.3125,46.2188],[34.3012,46.1905],[34.3153,46.1673],[34.3233,46.1669],[34.3319,46.1764],[34.3429,46.1674],[34.3198,46.1336],[34.3188,46.1073],[34.2997,46.0922],[34.2971,46.1086],[34.3029,46.1208],[34.2965,46.1383],[34.2737,46.1385],[34.2747,46.1275],[34.2656,46.121],[34.2765,46.0887],[34.2663,46.087],[34.2657,46.0786],[34.2467,46.0771],[34.2508,46.0651],[34.229,46.0646],[34.2226,46.0714],[34.2354,46.0895],[34.2101,46.1064],[34.2085,46.0784],[34.2012,46.0732],[34.1767,46.0789],[34.1523,46.1107],[34.107,46.1306],[34.0988,46.1238],[34.0567,46.1303],[34.0421,46.1198],[33.9741,46.2083],[33.9726,46.3708],[33.9645,46.3699],[33.9621,46.4161],[34.1284,46.4326],[34.1089,46.5265],[34.0795,46.5444],[33.99,46.5363],[33.9862,46.5563],[34.0031,46.5578],[34.0003,46.5736],[33.9739,46.579],[33.9794,46.5844],[33.9719,46.6182],[33.9898,46.6266],[33.9871,46.6396],[34.0642,46.6494],[34.0627,46.6606],[34.0511,46.6635],[34.0376,46.7251],[34.0272,46.7931],[34.0375,46.7945],[34.0343,46.8104],[34.1076,46.8181],[34.1112,46.8022],[34.1982,46.8112],[34.1818,46.8882],[34.3248,47.0159],[34.3157,47.0208],[34.3484,47.0491],[34.4076,47.0784],[34.402,47.1012],[34.5532,47.1058],[34.5671,47.0245],[34.5926,47.0254],[34.5997,46.9919],[34.6192,46.9935],[34.6238,46.9734],[34.6819,46.9791],[34.6864,46.9557],[34.7364,46.9613],[34.7525,46.8797],[34.8046,46.8825],[34.8171,46.8284],[34.758,46.8228],[34.7674,46.7811],[34.75,46.7809],[34.7495,46.7581],[34.7344,46.7573],[34.735,46.7475],[34.6585,46.7405],[34.6611,46.7272],[34.6252,46.724],[34.6323,46.6869],[34.681,46.6914],[34.6858,46.677],[34.746,46.6831],[34.7561,46.6271],[34.7128,46.6203],[34.723,46.5814],[34.748,46.5841],[34.7573,46.5501],[34.8911,46.5637],[34.8948,46.5378],[34.8851,46.5369],[34.8902,46.5068],[34.9472,46.5125],[34.9482,46.5037],[35.0159,46.4804],[35.0527,46.4816],[35.0707,46.3791],[35.0582,46.3758],[35.0735,46.2998],[35.1031,46.3017],[35.0765,46.2795],[35.0345,46.2613],[34.8952,46.2403],[34.8325,46.2037],[34.8201,46.1686],[34.8096,46.161],[34.8286,46.1255],[34.8455,46.0259],[34.8635,45.9657],[34.9303,45.8325]]]]}},{"type":"Feature","properties":{"k":"kakhovskyi","o":"Херсонська"},"geometry":{"type":"Polygon","coordinates":[[[33.7174,46.1958],[33.646,46.2297],[33.6328,46.2283],[33.5977,46.3265],[33.5352,46.3191],[33.5389,46.3001],[33.4683,46.2918],[33.4519,46.3578],[33.3665,46.349],[33.3558,46.3953],[33.2335,46.3826],[33.2213,46.3895],[33.2138,46.4186],[33.2672,46.4241],[33.2537,46.4869],[33.4353,46.5121],[33.4153,46.6128],[33.2939,46.5985],[33.2772,46.6623],[33.2242,46.6559],[33.2202,46.6714],[33.1668,46.667],[33.1694,46.6459],[33.1639,46.6333],[33.1428,46.6334],[33.1059,46.6562],[33.1281,46.6635],[33.1356,46.6744],[33.1291,46.6872],[33.1808,46.6969],[33.1784,46.716],[33.1572,46.7135],[33.1305,46.7495],[33.0993,46.7684],[33.1474,46.7842],[33.2513,46.7641],[33.285,46.752],[33.3081,46.7527],[33.3267,46.7562],[33.3259,46.7763],[33.309,46.774],[33.3153,46.7831],[33.3071,46.7877],[33.3157,46.7973],[33.3202,46.8204],[33.2936,46.845],[33.3106,46.8499],[33.3162,46.8396],[33.3405,46.8483],[33.3417,46.8405],[33.3711,46.8368],[33.3743,46.8264],[33.3822,46.828],[33.4189,46.8036],[33.4893,46.8374],[33.5705,46.8381],[33.597,46.8496],[33.611,46.8709],[33.6217,46.9136],[33.6475,46.9285],[33.6706,46.9613],[33.6957,47.0324],[33.7513,47.0552],[33.7988,47.0894],[33.8182,47.1172],[33.8317,47.1634],[33.9061,47.1955],[33.9607,47.2457],[33.9997,47.3316],[33.9942,47.3559],[33.9984,47.4594],[34.1395,47.4774],[34.2315,47.4447],[34.2486,47.4212],[34.2608,47.3598],[34.2724,47.3612],[34.2928,47.2746],[34.3054,47.2691],[34.33,47.2904],[34.3577,47.2935],[34.3704,47.2836],[34.4015,47.2871],[34.399,47.2983],[34.4193,47.3006],[34.4139,47.3234],[34.4899,47.3319],[34.501,47.3386],[34.5157,47.3356],[34.5072,47.3259],[34.5172,47.3183],[34.4788,47.3145],[34.4879,47.2799],[34.5186,47.2837],[34.5303,47.2511],[34.4899,47.2468],[34.5192,47.1047],[34.402,47.1012],[34.4076,47.0784],[34.3484,47.0491],[34.3157,47.0208],[34.3248,47.0159],[34.1818,46.8882],[34.1982,46.8112],[34.1112,46.8022],[34.1076,46.8181],[34.0343,46.8104],[34.0375,46.7945],[34.0272,46.7931],[34.0376,46.7251],[34.0511,46.6635],[34.0627,46.6606],[34.0642,46.6494],[33.9871,46.6396],[33.9898,46.6266],[33.9719,46.6182],[33.9794,46.5844],[33.9739,46.579],[34.0003,46.5736],[34.0031,46.5578],[33.9862,46.5563],[33.99,46.5363],[34.0795,46.5444],[34.1089,46.5265],[34.1284,46.4326],[33.9621,46.4161],[33.9645,46.3699],[33.9726,46.3708],[33.9741,46.2083],[33.9384,46.2253],[33.8954,46.2203],[33.8908,46.2217],[33.8952,46.2269],[33.8847,46.2331],[33.8373,46.223],[33.7758,46.2551],[33.7653,46.2419],[33.7226,46.2403],[33.7189,46.2322],[33.7278,46.2239],[33.727,46.2117],[33.7371,46.2092],[33.7361,46.219],[33.7427,46.2094],[33.739,46.201],[33.7174,46.1958]]]}},{"type":"Feature","properties":{"k":"skadovskyi","o":"Херсонська"},"geometry":{"type":"MultiPolygon","coordinates":[[[[33.6328,46.2283],[33.6153,46.2264],[33.6367,46.1402],[33.6158,46.1346],[33.5866,46.1594],[33.5733,46.1544],[33.5645,46.1387],[33.5762,46.1444],[33.5672,46.1388],[33.5459,46.1367],[33.5414,46.1252],[33.5521,46.1285],[33.5388,46.1185],[33.5212,46.1162],[33.511,46.122],[33.5166,46.0988],[33.5686,46.0756],[33.5175,46.0819],[33.4954,46.0739],[33.4923,46.0533],[33.5171,46.0301],[33.4926,46.0302],[33.4627,46.0506],[33.4461,46.0409],[33.4232,46.0394],[33.4209,46.0319],[33.4307,46.032],[33.4227,46.0302],[33.3656,46.0762],[33.3738,46.0905],[33.3455,46.0962],[33.3305,46.1153],[33.3124,46.1033],[33.3079,46.0797],[33.3151,46.0763],[33.2841,46.0775],[33.2804,46.0971],[33.305,46.0936],[33.3114,46.1118],[33.3047,46.1234],[33.2831,46.1334],[33.2566,46.1392],[33.2202,46.1327],[33.2075,46.1243],[33.2133,46.1063],[33.2002,46.1096],[33.2094,46.144],[33.2278,46.1542],[33.2054,46.174],[33.2244,46.2163],[33.2,46.1883],[33.1869,46.1949],[33.1853,46.1853],[33.1955,46.1787],[33.1843,46.156],[33.1351,46.1249],[33.0824,46.1356],[33.0683,46.1537],[33.0316,46.1562],[33.0206,46.1521],[33.0295,46.1401],[33.0261,46.1264],[33.0147,46.1225],[33.0173,46.1151],[33.0341,46.1134],[33.028,46.1115],[32.9082,46.105],[32.8734,46.116],[32.829,46.1107],[32.7671,46.1224],[32.7437,46.1168],[32.736,46.1086],[32.6752,46.0996],[32.6471,46.1064],[32.6006,46.0982],[32.5469,46.0822],[32.5384,46.0714],[32.5429,46.0661],[32.0468,46.1714],[31.8642,46.1944],[31.6166,46.241],[31.5784,46.2575],[31.5429,46.2811],[31.5205,46.3066],[31.5116,46.3398],[31.5196,46.3662],[31.5324,46.37],[31.5369,46.3373],[31.5331,46.3166],[31.5443,46.2882],[31.5652,46.2671],[31.598,46.2506],[31.6467,46.2455],[31.6947,46.2622],[31.7655,46.321],[31.7973,46.331],[31.7891,46.3473],[31.8101,46.3667],[31.8069,46.4789],[31.8202,46.4963],[31.8455,46.4976],[31.8588,46.5194],[31.9225,46.5723],[32.0599,46.539],[32.2233,46.5281],[32.252,46.5196],[32.2711,46.5026],[32.2948,46.4954],[32.3172,46.5004],[32.4725,46.5703],[32.4907,46.571],[32.5188,46.5527],[32.5565,46.56],[32.5684,46.5545],[32.5774,46.5712],[32.6166,46.5875],[32.6531,46.5448],[32.6981,46.5354],[32.7003,46.523],[32.7117,46.518],[32.7702,46.523],[32.7818,46.519],[32.7909,46.4569],[32.8138,46.452],[32.8326,46.4342],[32.8259,46.434],[32.8588,46.2826],[32.8991,46.2863],[32.903,46.2653],[33.0277,46.2789],[33.0133,46.3577],[33.3558,46.3953],[33.3665,46.349],[33.4519,46.3578],[33.4683,46.2918],[33.5389,46.3001],[33.5352,46.3191],[33.5977,46.3265],[33.6328,46.2283]]],[[[32.5475,46.0664],[32.6327,46.0582],[32.7652,46.0313],[32.8044,46.033],[32.8368,46.0508],[32.8576,46.0538],[32.8628,46.0611],[32.8887,46.0433],[32.9115,46.0368],[32.9325,46.0374],[32.942,46.0469],[32.9766,46.0301],[33.0263,46.0241],[33.0352,46.0268],[33.023,46.0268],[33.0331,46.0284],[33.0684,46.014],[33.0816,46.0156],[33.0264,46.0069],[32.8771,46.0153],[32.756,46.0317],[32.5475,46.0664]]]]}},{"type":"Feature","properties":{"k":"khersonskyi","o":"Херсонська"},"geometry":{"type":"Polygon","coordinates":[[[32.5449,46.8826],[32.547,46.8695],[32.5716,46.8722],[32.5715,46.8628],[32.5851,46.8549],[32.6878,46.862],[32.699,46.8215],[32.7642,46.8273],[32.7694,46.8193],[32.7789,46.8249],[32.7749,46.83],[32.8148,46.8345],[32.8136,46.8402],[32.9491,46.8574],[32.946,46.8686],[32.9202,46.8659],[32.9161,46.883],[32.8592,46.8763],[32.8363,46.8841],[32.8424,46.8994],[32.9266,46.9097],[32.9221,46.9266],[32.9799,46.9337],[32.976,46.9488],[32.9489,46.9453],[32.9336,46.9853],[32.9502,47.0035],[33.0523,46.9599],[33.0644,46.9073],[33.006,46.9018],[33.0155,46.8647],[32.9775,46.8597],[32.9858,46.8314],[33.0232,46.8359],[33.0464,46.7442],[33.0993,46.7684],[33.1305,46.7495],[33.1572,46.7135],[33.1784,46.716],[33.1808,46.6969],[33.1291,46.6872],[33.1356,46.6744],[33.1281,46.6635],[33.1059,46.6562],[33.1428,46.6334],[33.1639,46.6333],[33.1694,46.6459],[33.1668,46.667],[33.2202,46.6714],[33.2242,46.6559],[33.2772,46.6623],[33.2939,46.5985],[33.4153,46.6128],[33.4353,46.5121],[33.2537,46.4869],[33.2672,46.4241],[33.2138,46.4186],[33.2213,46.3895],[33.2335,46.3826],[33.0133,46.3577],[33.0277,46.2789],[32.903,46.2653],[32.8991,46.2863],[32.8588,46.2826],[32.8259,46.434],[32.8326,46.4342],[32.8138,46.452],[32.7909,46.4569],[32.7818,46.519],[32.7702,46.523],[32.7117,46.518],[32.7003,46.523],[32.6981,46.5354],[32.6531,46.5448],[32.6166,46.5875],[32.5774,46.5712],[32.5684,46.5545],[32.5565,46.56],[32.5188,46.5527],[32.4907,46.571],[32.4725,46.5703],[32.3172,46.5004],[32.2948,46.4954],[32.2711,46.5026],[32.252,46.5196],[32.2233,46.5281],[32.0599,46.539],[31.9225,46.5723],[31.9328,46.5826],[31.9408,46.6512],[31.9881,46.6591],[31.9869,46.6641],[32.0318,46.6672],[32.0203,46.6774],[32.0868,46.6836],[32.0754,46.73],[32.0609,46.7282],[32.0571,46.7443],[32.1093,46.7526],[32.1146,46.7453],[32.1714,46.7525],[32.1687,46.7633],[32.2185,46.7712],[32.2097,46.8059],[32.2524,46.8196],[32.2291,46.8445],[32.342,46.7955],[32.3729,46.7991],[32.3655,46.8294],[32.4629,46.8409],[32.4691,46.8161],[32.5312,46.8232],[32.5248,46.8481],[32.5415,46.8501],[32.5347,46.8815],[32.5449,46.8826]]]}},{"type":"Feature","properties":{"k":"kamianetspodilskyi","o":"Хмельницька"},"geometry":{"type":"Polygon","coordinates":[[[27.3947,48.9292],[27.3935,48.9005],[27.4151,48.8817],[27.413,48.849],[27.4177,48.8375],[27.4131,48.8364],[27.4181,48.8233],[27.4111,48.8113],[27.4276,48.7972],[27.4037,48.7736],[27.409,48.7676],[27.3895,48.7644],[27.3906,48.7566],[27.4144,48.74],[27.3999,48.7267],[27.415,48.701],[27.4046,48.6943],[27.4078,48.6865],[27.3988,48.6886],[27.39,48.6808],[27.3886,48.661],[27.3729,48.6302],[27.3507,48.6259],[27.3443,48.6049],[27.3173,48.5987],[27.2915,48.6202],[27.2639,48.6268],[27.2332,48.6093],[27.2566,48.5967],[27.2664,48.5809],[27.248,48.5653],[27.2249,48.5638],[27.1678,48.5852],[27.1458,48.578],[27.1205,48.5596],[27.0994,48.5558],[27.0007,48.5705],[26.994,48.5776],[26.996,48.5876],[26.99,48.5882],[26.9663,48.5748],[26.9262,48.5741],[26.9029,48.5501],[26.8793,48.5425],[26.8409,48.5579],[26.8202,48.5817],[26.8238,48.6059],[26.8006,48.6092],[26.7788,48.5945],[26.7945,48.5675],[26.7798,48.5478],[26.7616,48.5492],[26.7475,48.5804],[26.7287,48.5873],[26.7215,48.5863],[26.7203,48.5787],[26.7431,48.556],[26.74,48.5401],[26.7271,48.5331],[26.7024,48.5352],[26.6614,48.56],[26.6396,48.5616],[26.6226,48.5549],[26.6179,48.5444],[26.6235,48.5375],[26.6752,48.5386],[26.681,48.5238],[26.705,48.5095],[26.7131,48.4951],[26.6998,48.4864],[26.6693,48.4856],[26.6303,48.5075],[26.6125,48.5067],[26.6076,48.4969],[26.6258,48.4641],[26.6198,48.4564],[26.602,48.4513],[26.5681,48.4542],[26.5537,48.4634],[26.4864,48.5451],[26.4438,48.5386],[26.4337,48.5476],[26.4089,48.5421],[26.3798,48.5647],[26.3748,48.5619],[26.3769,48.5472],[26.3602,48.5419],[26.3669,48.5519],[26.3638,48.5593],[26.3364,48.5694],[26.3591,48.5807],[26.3597,48.588],[26.3421,48.5861],[26.3412,48.5975],[26.3239,48.5999],[26.3268,48.6107],[26.293,48.6228],[26.2971,48.6281],[26.3152,48.6242],[26.3236,48.6294],[26.3169,48.6378],[26.2962,48.6353],[26.2878,48.6402],[26.3087,48.6496],[26.3075,48.6575],[26.2731,48.6472],[26.2668,48.6505],[26.2776,48.6598],[26.2785,48.6728],[26.2479,48.6679],[26.2419,48.6758],[26.2453,48.684],[26.2267,48.6827],[26.2195,48.6889],[26.2375,48.6966],[26.2289,48.7089],[26.2397,48.7194],[26.235,48.7286],[26.244,48.7365],[26.2234,48.7522],[26.2409,48.7494],[26.2458,48.7557],[26.2299,48.7621],[26.2376,48.7759],[26.2143,48.7806],[26.2073,48.7973],[26.2159,48.8017],[26.2181,48.7933],[26.2334,48.79],[26.2255,48.8132],[26.2496,48.8083],[26.2585,48.8153],[26.2515,48.8226],[26.2332,48.8192],[26.2325,48.8271],[26.2187,48.8356],[26.2218,48.8475],[26.1998,48.8589],[26.2115,48.8645],[26.2058,48.8752],[26.2141,48.8798],[26.2039,48.8959],[26.2236,48.903],[26.2232,48.9109],[26.2117,48.9135],[26.1965,48.9035],[26.1838,48.9155],[26.1985,48.9182],[26.194,48.9336],[26.2082,48.9551],[26.1812,48.9655],[26.1773,48.9737],[26.1847,48.9788],[26.1997,48.9745],[26.2119,48.9829],[26.1761,48.9956],[26.1934,49.0038],[26.212,48.9998],[26.2156,49.005],[26.2145,49.0126],[26.1977,49.0248],[26.2085,49.031],[26.2076,49.0363],[26.1838,49.0551],[26.1879,49.0623],[26.2156,49.0723],[26.192,49.0775],[26.2046,49.1007],[26.1955,49.1293],[26.2055,49.1327],[26.1945,49.1363],[26.199,49.1462],[26.1899,49.1582],[26.2108,49.1614],[26.2103,49.1715],[26.2171,49.1731],[26.2208,49.1695],[26.2152,49.1652],[26.2246,49.1679],[26.2528,49.1403],[26.2523,49.1269],[26.2657,49.1148],[26.2711,49.1201],[26.2598,49.1304],[26.2739,49.1391],[26.2602,49.1488],[26.2648,49.1541],[26.287,49.1443],[26.2813,49.1507],[26.2973,49.1751],[26.3186,49.1656],[26.3262,49.1759],[26.3517,49.1594],[26.3484,49.1556],[26.3786,49.1422],[26.4129,49.1489],[26.4438,49.1337],[26.4359,49.1202],[26.4203,49.1112],[26.4432,49.0674],[26.5103,49.0441],[26.5428,49.0427],[26.5563,49.033],[26.5532,49.0243],[26.5608,49.0239],[26.5559,49.0114],[26.5472,49.0122],[26.5444,48.9965],[26.5655,48.9975],[26.6192,48.9788],[26.6306,48.9837],[26.6023,49.0005],[26.5851,49.0036],[26.5918,49.0049],[26.5876,49.0108],[26.6072,49.0148],[26.6334,48.9939],[26.678,49.0283],[26.655,49.0491],[26.6806,49.0638],[26.668,49.0689],[26.6786,49.0749],[26.7348,49.0688],[26.7376,49.0763],[26.7572,49.0756],[26.7824,49.0712],[26.8024,49.0596],[26.8051,49.0652],[26.8132,49.0615],[26.8245,49.0756],[26.8475,49.0756],[26.8524,49.0649],[26.901,49.0469],[26.8925,49.03],[26.9313,49.018],[26.9336,49.0364],[26.9413,49.0356],[26.9882,49.0103],[27.0035,49.0163],[27.0141,49.0091],[27.0186,48.994],[27.04,48.9947],[27.037,48.9865],[27.0432,48.9844],[27.0565,48.9912],[27.0984,48.9909],[27.1089,48.9781],[27.1122,48.9675],[27.1047,48.9592],[27.1137,48.9503],[27.1264,48.9448],[27.1182,48.9514],[27.1848,48.9486],[27.1873,48.9307],[27.2034,48.9217],[27.2309,48.9263],[27.2911,48.9086],[27.2881,48.9221],[27.3131,48.9267],[27.3184,48.9353],[27.3362,48.9365],[27.363,48.9253],[27.3947,48.9292]]]}},{"type":"Feature","properties":{"k":"khmelnytskyi","o":"Хмельницька"},"geometry":{"type":"Polygon","coordinates":[[[27.8501,49.4214],[27.8323,49.4059],[27.8335,49.3913],[27.8119,49.3883],[27.8122,49.3791],[27.8285,49.3747],[27.829,49.3678],[27.8119,49.3658],[27.8156,49.3556],[27.8373,49.3504],[27.8581,49.3288],[27.8518,49.3111],[27.8613,49.2986],[27.8622,49.2794],[27.8526,49.2746],[27.8492,49.2638],[27.8723,49.2495],[27.8714,49.2421],[27.8571,49.2382],[27.8664,49.2131],[27.8823,49.2158],[27.8943,49.2089],[27.8987,49.186],[27.8533,49.1706],[27.8454,49.1786],[27.8224,49.1792],[27.815,49.1895],[27.7961,49.1767],[27.7826,49.1909],[27.776,49.1899],[27.7808,49.1747],[27.7649,49.1602],[27.7517,49.1577],[27.7585,49.153],[27.7413,49.1377],[27.7126,49.1475],[27.7049,49.1402],[27.687,49.1417],[27.6398,49.167],[27.6012,49.1611],[27.594,49.1546],[27.5976,49.1351],[27.5775,49.1217],[27.5486,49.1303],[27.5337,49.1414],[27.5389,49.1285],[27.5349,49.1216],[27.506,49.1308],[27.4926,49.1213],[27.5054,49.1103],[27.4792,49.0888],[27.5039,49.0668],[27.4366,49.0692],[27.4396,49.0653],[27.4278,49.0641],[27.4271,49.0529],[27.4166,49.0546],[27.4053,49.0292],[27.3833,49.0077],[27.3994,49.0002],[27.3963,48.9891],[27.4178,48.9716],[27.4113,48.9607],[27.4174,48.9542],[27.4027,48.9528],[27.3916,48.938],[27.3929,48.9272],[27.363,48.9253],[27.3362,48.9365],[27.3184,48.9353],[27.3131,48.9267],[27.2881,48.9221],[27.2911,48.9086],[27.2309,48.9263],[27.2034,48.9217],[27.1873,48.9307],[27.1848,48.9486],[27.1182,48.9514],[27.1291,48.9452],[27.1264,48.9448],[27.1137,48.9503],[27.1047,48.9592],[27.1122,48.9675],[27.1089,48.9781],[27.0984,48.9909],[27.0565,48.9912],[27.0432,48.9844],[27.037,48.9865],[27.04,48.9947],[27.0186,48.994],[27.0141,49.0091],[27.0035,49.0163],[26.9882,49.0103],[26.9413,49.0356],[26.9336,49.0364],[26.9313,49.018],[26.8925,49.03],[26.901,49.0469],[26.8524,49.0649],[26.8475,49.0756],[26.8245,49.0756],[26.8132,49.0615],[26.8051,49.0652],[26.8024,49.0596],[26.7824,49.0712],[26.7572,49.0756],[26.7376,49.0763],[26.7348,49.0688],[26.6786,49.0749],[26.668,49.0689],[26.6806,49.0638],[26.655,49.0491],[26.678,49.0283],[26.6334,48.9939],[26.6072,49.0148],[26.5876,49.0108],[26.5918,49.0049],[26.5851,49.0036],[26.6023,49.0005],[26.6306,48.9837],[26.6192,48.9788],[26.5655,48.9975],[26.5444,48.9965],[26.5472,49.0122],[26.5559,49.0114],[26.5608,49.0239],[26.5532,49.0243],[26.5563,49.033],[26.5428,49.0427],[26.5103,49.0441],[26.4432,49.0674],[26.4203,49.1112],[26.4427,49.1271],[26.4438,49.1337],[26.4342,49.1397],[26.4129,49.1489],[26.3786,49.1422],[26.3484,49.1556],[26.3517,49.1594],[26.3262,49.1759],[26.3186,49.1656],[26.2973,49.1751],[26.2813,49.1507],[26.287,49.1443],[26.2648,49.1541],[26.2602,49.1488],[26.2739,49.1391],[26.2598,49.1304],[26.2711,49.1201],[26.2602,49.1151],[26.2523,49.1269],[26.2528,49.1403],[26.2246,49.1679],[26.2152,49.1652],[26.2208,49.1695],[26.2171,49.1731],[26.2092,49.1673],[26.1889,49.1732],[26.1961,49.1819],[26.1831,49.1951],[26.1959,49.2125],[26.1907,49.2203],[26.2017,49.2202],[26.1989,49.2274],[26.2074,49.2326],[26.2009,49.2419],[26.2432,49.2428],[26.2468,49.2485],[26.2417,49.2544],[26.2584,49.2638],[26.2413,49.2751],[26.2576,49.2772],[26.2488,49.2862],[26.2595,49.2896],[26.2461,49.3002],[26.2507,49.3101],[26.2254,49.3291],[26.229,49.3503],[26.2436,49.3472],[26.2435,49.3539],[26.232,49.3578],[26.2447,49.3693],[26.2195,49.3786],[26.2296,49.383],[26.2356,49.4],[26.1931,49.4298],[26.2019,49.4418],[26.1889,49.4544],[26.1881,49.481],[26.1423,49.5097],[26.1575,49.5205],[26.1587,49.5321],[26.1758,49.5494],[26.191,49.5568],[26.2019,49.5545],[26.2035,49.5462],[26.219,49.5512],[26.2073,49.5769],[26.2143,49.5907],[26.1994,49.609],[26.2255,49.6235],[26.2311,49.6365],[26.2534,49.6331],[26.2626,49.6375],[26.2598,49.6537],[26.2724,49.6569],[26.2686,49.6688],[26.2413,49.6936],[26.1908,49.7142],[26.2141,49.7353],[26.2435,49.7453],[26.2363,49.7714],[26.2408,49.7756],[26.2244,49.7807],[26.2276,49.791],[26.2187,49.8054],[26.2074,49.8207],[26.1894,49.8298],[26.1852,49.8461],[26.1782,49.8473],[26.2009,49.8663],[26.2134,49.8654],[26.2125,49.8714],[26.2309,49.8728],[26.2303,49.8769],[26.3187,49.8824],[26.3108,49.9003],[26.3258,49.9024],[26.3315,49.9188],[26.3526,49.9152],[26.3562,49.93],[26.374,49.9336],[26.3868,49.9275],[26.3832,49.9213],[26.3885,49.9147],[26.4231,49.9045],[26.4308,49.8887],[26.4472,49.8845],[26.4536,49.8957],[26.4619,49.8973],[26.4648,49.8917],[26.51,49.8848],[26.521,49.9034],[26.5122,49.9118],[26.4847,49.9144],[26.5004,49.939],[26.527,49.9438],[26.5381,49.9388],[26.5403,49.9445],[26.6018,49.9384],[26.6136,49.9563],[26.6594,49.9447],[26.6647,49.9372],[26.6456,49.931],[26.6605,49.9287],[26.6365,49.8921],[26.6924,49.8941],[26.7111,49.9004],[26.7113,49.9091],[26.7493,49.9019],[26.7701,49.9178],[26.788,49.9125],[26.8057,49.9166],[26.7956,49.907],[26.8513,49.8962],[26.8486,49.8876],[26.894,49.8833],[26.9141,49.8709],[26.9156,49.8911],[26.9289,49.8937],[26.9344,49.9066],[26.946,49.9019],[26.9827,49.9089],[26.9679,49.9175],[26.9751,49.9267],[27.0144,49.9258],[27.0204,49.9317],[27.0401,49.9241],[27.0676,49.938],[27.0661,49.9433],[27.0876,49.9413],[27.0955,49.9494],[27.1089,49.9417],[27.1096,49.9473],[27.134,49.9464],[27.1342,49.9404],[27.1215,49.9404],[27.1252,49.9313],[27.1065,49.9192],[27.1592,49.9209],[27.1627,49.9241],[27.1498,49.9245],[27.1529,49.9389],[27.2119,49.9331],[27.2053,49.9278],[27.2075,49.9184],[27.1906,49.9087],[27.1952,49.9009],[27.2417,49.8903],[27.249,49.8946],[27.2554,49.8824],[27.3177,49.905],[27.3238,49.9186],[27.3387,49.9168],[27.3377,49.9097],[27.3546,49.9094],[27.3633,49.9023],[27.3659,49.8768],[27.3832,49.8672],[27.4133,49.8777],[27.418,49.8898],[27.4468,49.9095],[27.4794,49.8763],[27.5197,49.885],[27.5225,49.9099],[27.5494,49.9083],[27.5498,49.9005],[27.5637,49.9018],[27.5626,49.9094],[27.5698,49.9098],[27.5958,49.8902],[27.6254,49.8924],[27.61,49.8757],[27.6226,49.8604],[27.6188,49.8554],[27.6276,49.8505],[27.6217,49.8382],[27.6392,49.8247],[27.6416,49.8122],[27.6581,49.7968],[27.663,49.7946],[27.668,49.8078],[27.6919,49.802],[27.6972,49.809],[27.7165,49.8062],[27.727,49.7996],[27.7036,49.769],[27.7493,49.7565],[27.7811,49.7283],[27.8062,49.7273],[27.8176,49.7342],[27.837,49.7298],[27.8069,49.7094],[27.8116,49.702],[27.7625,49.6972],[27.766,49.6664],[27.8115,49.6446],[27.8118,49.6154],[27.7999,49.621],[27.7928,49.6043],[27.7734,49.5966],[27.7583,49.5763],[27.7904,49.557],[27.7936,49.5522],[27.7853,49.545],[27.7941,49.5309],[27.7752,49.5203],[27.7632,49.5302],[27.7427,49.5315],[27.7347,49.4963],[27.7912,49.4879],[27.7845,49.4873],[27.7769,49.4749],[27.7638,49.4783],[27.7451,49.4505],[27.7504,49.4397],[27.7821,49.4428],[27.7906,49.4346],[27.8072,49.4395],[27.8274,49.4216],[27.8462,49.4311],[27.8501,49.4214]]]}},{"type":"Feature","properties":{"k":"shepetivskyi","o":"Хмельницька"},"geometry":{"type":"Polygon","coordinates":[[[27.6365,50.1884],[27.6643,50.1927],[27.6623,50.1713],[27.6777,50.1579],[27.6518,50.1531],[27.6486,50.144],[27.6316,50.1462],[27.6259,50.1233],[27.6391,50.1151],[27.6245,50.1125],[27.6237,50.1041],[27.6303,50.1033],[27.6154,50.0862],[27.6687,50.0775],[27.6784,50.0636],[27.6742,50.056],[27.6822,50.0474],[27.6776,50.042],[27.6814,50.0346],[27.6703,50.0253],[27.658,50.0258],[27.6581,50.0328],[27.642,50.0368],[27.6117,50.0056],[27.5713,50.0197],[27.5465,50.0116],[27.5488,49.9963],[27.5616,49.9837],[27.5664,49.9589],[27.5756,49.9486],[27.5568,49.9452],[27.5572,49.9356],[27.5477,49.9348],[27.5494,49.9083],[27.5225,49.9099],[27.5197,49.885],[27.4962,49.8786],[27.4794,49.8763],[27.4468,49.9095],[27.418,49.8898],[27.4133,49.8777],[27.3735,49.869],[27.3659,49.8768],[27.3633,49.9023],[27.3238,49.9186],[27.3177,49.905],[27.2554,49.8824],[27.249,49.8946],[27.2417,49.8903],[27.1952,49.9009],[27.1906,49.9087],[27.2075,49.9184],[27.2053,49.9278],[27.2119,49.9331],[27.1529,49.9389],[27.1498,49.9245],[27.1627,49.9241],[27.1592,49.9209],[27.1065,49.9192],[27.1252,49.9313],[27.1215,49.9404],[27.1342,49.9404],[27.134,49.9464],[27.1096,49.9473],[27.1089,49.9417],[27.0955,49.9494],[27.0876,49.9413],[27.0661,49.9433],[27.0676,49.938],[27.0401,49.9241],[27.0204,49.9317],[27.0144,49.9258],[26.9751,49.9267],[26.9679,49.9175],[26.9827,49.9089],[26.946,49.9019],[26.9344,49.9066],[26.9289,49.8937],[26.9156,49.8911],[26.9141,49.8709],[26.894,49.8833],[26.8486,49.8876],[26.8513,49.8962],[26.7956,49.907],[26.8057,49.9166],[26.788,49.9125],[26.7701,49.9178],[26.7493,49.9019],[26.7113,49.9091],[26.7111,49.9004],[26.6924,49.8941],[26.6365,49.8921],[26.6605,49.9287],[26.6456,49.931],[26.6647,49.9372],[26.6594,49.9447],[26.6136,49.9563],[26.6018,49.9384],[26.5403,49.9445],[26.5381,49.9388],[26.527,49.9438],[26.5004,49.939],[26.4847,49.9144],[26.5122,49.9118],[26.521,49.9034],[26.51,49.8848],[26.4648,49.8917],[26.4619,49.8973],[26.4536,49.8957],[26.4472,49.8845],[26.4308,49.8887],[26.4231,49.9045],[26.3885,49.9147],[26.3832,49.9213],[26.3868,49.9275],[26.374,49.9336],[26.3562,49.93],[26.3526,49.9152],[26.3315,49.9188],[26.3258,49.9024],[26.3108,49.9003],[26.3187,49.8824],[26.2303,49.8769],[26.2309,49.8728],[26.2125,49.8714],[26.2134,49.8654],[26.1754,49.8755],[26.1582,49.8908],[26.1327,49.8984],[26.1405,49.9139],[26.1661,49.9222],[26.145,49.9599],[26.1488,49.9756],[26.1721,49.994],[26.2024,49.9921],[26.2106,50.0159],[26.1759,50.0252],[26.2008,50.0367],[26.2165,50.0363],[26.2175,50.0462],[26.2269,50.0473],[26.2216,50.0599],[26.2008,50.0673],[26.2066,50.0758],[26.2002,50.0796],[26.2047,50.09],[26.2005,50.098],[26.2734,50.1028],[26.2737,50.1135],[26.2348,50.1312],[26.2435,50.1433],[26.2229,50.1428],[26.2086,50.1541],[26.2209,50.1646],[26.2111,50.175],[26.2204,50.1797],[26.2297,50.1721],[26.2884,50.1813],[26.3054,50.199],[26.3055,50.2131],[26.3247,50.2252],[26.324,50.2311],[26.3491,50.2384],[26.3618,50.2516],[26.3813,50.2529],[26.3829,50.2606],[26.396,50.2651],[26.5045,50.2617],[26.4926,50.2678],[26.4984,50.272],[26.4935,50.2794],[26.5051,50.2847],[26.5146,50.2814],[26.5084,50.2889],[26.5225,50.2983],[26.5198,50.3051],[26.5271,50.3109],[26.548,50.3072],[26.5425,50.3186],[26.5606,50.317],[26.5636,50.3214],[26.5527,50.3303],[26.5866,50.3396],[26.6019,50.3682],[26.623,50.3711],[26.648,50.3646],[26.6595,50.3922],[26.6825,50.3893],[26.692,50.4201],[26.7126,50.417],[26.7176,50.4458],[26.7369,50.4443],[26.7389,50.4521],[26.7278,50.4577],[26.7344,50.4624],[26.7344,50.4773],[26.7452,50.4796],[26.7412,50.4612],[26.7865,50.4677],[26.7892,50.4752],[26.7616,50.4705],[26.76,50.4767],[26.7686,50.4775],[26.765,50.4891],[26.7815,50.4956],[26.7783,50.5021],[26.8174,50.5025],[26.8272,50.5231],[26.8563,50.509],[26.8793,50.5342],[26.8997,50.5464],[26.936,50.5315],[26.9828,50.5227],[26.9884,50.5334],[27.0075,50.5396],[27.0175,50.559],[27.0714,50.5511],[27.0758,50.5548],[27.0647,50.562],[27.0795,50.5837],[27.0877,50.5799],[27.0901,50.5877],[27.1033,50.5837],[27.1179,50.595],[27.1305,50.5879],[27.1239,50.5735],[27.1307,50.5609],[27.1963,50.5621],[27.2074,50.5318],[27.2587,50.5131],[27.2678,50.4918],[27.3013,50.4931],[27.2912,50.477],[27.2912,50.4579],[27.259,50.4245],[27.2484,50.3928],[27.3215,50.3684],[27.3231,50.354],[27.3128,50.3398],[27.3156,50.3317],[27.3632,50.3325],[27.4162,50.3074],[27.4168,50.2952],[27.3909,50.2891],[27.4222,50.2716],[27.4241,50.2764],[27.4447,50.2755],[27.4426,50.2612],[27.481,50.2572],[27.4894,50.2393],[27.5209,50.2255],[27.5271,50.2253],[27.5431,50.2459],[27.5625,50.2459],[27.5769,50.2587],[27.5974,50.2586],[27.6022,50.2427],[27.593,50.2157],[27.6077,50.2145],[27.6081,50.1966],[27.6227,50.1997],[27.6213,50.1695],[27.642,50.1723],[27.6365,50.1884]]]}},{"type":"Feature","properties":{"k":"zvenyhorodskyi","o":"Черкаська"},"geometry":{"type":"Polygon","coordinates":[[[30.4212,49.3023],[30.4138,49.3305],[30.439,49.3338],[30.4378,49.3523],[30.4733,49.3651],[30.5158,49.3278],[30.5368,49.3281],[30.5705,49.3548],[30.5835,49.3498],[30.6072,49.3702],[30.6391,49.3561],[30.6602,49.3603],[30.6625,49.3541],[30.6775,49.3552],[30.7286,49.3317],[30.7495,49.3449],[30.7784,49.3437],[30.8005,49.3541],[30.8683,49.3518],[30.8857,49.3632],[30.9091,49.3585],[30.9212,49.3814],[30.9305,49.3805],[30.9274,49.393],[30.9348,49.3956],[30.9367,49.4064],[30.9208,49.4155],[30.9568,49.424],[30.9939,49.4225],[31.0063,49.431],[31.0052,49.4509],[31.0302,49.472],[31.044,49.4565],[31.0395,49.4734],[31.0689,49.4834],[31.09,49.4859],[31.1128,49.4738],[31.1093,49.4677],[31.1228,49.4591],[31.1208,49.4484],[31.1429,49.4445],[31.1297,49.4282],[31.1451,49.4298],[31.178,49.4165],[31.2229,49.4146],[31.2249,49.4017],[31.2174,49.3952],[31.2046,49.3922],[31.2046,49.3995],[31.1927,49.3957],[31.2034,49.3919],[31.242,49.3956],[31.2508,49.3893],[31.2451,49.3889],[31.2473,49.3851],[31.2652,49.3894],[31.2673,49.4002],[31.289,49.3931],[31.2918,49.3978],[31.2783,49.3993],[31.2748,49.4078],[31.3023,49.4148],[31.3119,49.4059],[31.3331,49.4192],[31.324,49.4299],[31.3266,49.4341],[31.3406,49.4345],[31.335,49.4295],[31.3394,49.4251],[31.3771,49.4209],[31.4116,49.4061],[31.4273,49.3637],[31.4047,49.3347],[31.3825,49.328],[31.3532,49.3418],[31.3354,49.3604],[31.3116,49.3593],[31.3042,49.3326],[31.2813,49.3268],[31.2911,49.315],[31.2818,49.2973],[31.2897,49.287],[31.2829,49.2777],[31.2833,49.2565],[31.3045,49.2524],[31.3105,49.2371],[31.3194,49.2361],[31.3456,49.1971],[31.3915,49.2039],[31.4001,49.1983],[31.4923,49.1926],[31.4846,49.1699],[31.5372,49.141],[31.5302,49.1255],[31.5629,49.1227],[31.6101,49.1005],[31.6207,49.1017],[31.6172,49.0665],[31.6332,49.0081],[31.6258,49.0072],[31.6243,48.972],[31.6587,48.9616],[31.6777,48.9461],[31.6969,48.964],[31.6899,48.9707],[31.693,48.976],[31.7151,48.9784],[31.7138,48.9853],[31.7253,48.9862],[31.719,48.9625],[31.7296,48.9544],[31.7451,48.9621],[31.7696,48.9354],[31.751,48.9261],[31.7248,48.9339],[31.6985,48.931],[31.6895,48.8963],[31.6803,48.9018],[31.6405,48.9007],[31.6399,48.9079],[31.6022,48.9025],[31.599,48.8927],[31.5807,48.8877],[31.5794,48.8927],[31.5948,48.9061],[31.5817,48.9126],[31.5669,48.8999],[31.5771,48.8968],[31.5686,48.8915],[31.5795,48.8846],[31.5743,48.8808],[31.5819,48.8749],[31.5594,48.863],[31.5672,48.8572],[31.5546,48.8369],[31.5622,48.8347],[31.5589,48.8285],[31.5272,48.8162],[31.5282,48.8042],[31.468,48.7885],[31.4226,48.7636],[31.4361,48.7539],[31.4243,48.7431],[31.4191,48.7561],[31.412,48.7565],[31.4087,48.7428],[31.3929,48.7354],[31.3991,48.747],[31.3934,48.7482],[31.3837,48.728],[31.3714,48.7299],[31.3576,48.7418],[31.3519,48.7399],[31.3537,48.7275],[31.3309,48.7258],[31.3191,48.731],[31.3248,48.7355],[31.3094,48.7591],[31.2855,48.7584],[31.2612,48.7488],[31.2501,48.7675],[31.2159,48.769],[31.2064,48.7565],[31.1741,48.7625],[31.1522,48.7406],[31.1425,48.7467],[31.1301,48.7368],[31.1227,48.7414],[31.1135,48.7276],[31.1008,48.7397],[31.0887,48.739],[31.0866,48.7318],[31.0689,48.7369],[31.0697,48.7454],[31.0583,48.7546],[31.0455,48.7524],[31.0376,48.7607],[31.0022,48.7571],[30.9937,48.7654],[30.9665,48.7611],[30.9488,48.7717],[30.9415,48.7712],[30.9453,48.7589],[30.9017,48.7625],[30.8945,48.7557],[30.8971,48.7472],[30.8826,48.7444],[30.8726,48.7506],[30.8312,48.7501],[30.8114,48.7692],[30.8039,48.7568],[30.7533,48.7699],[30.7514,48.7609],[30.698,48.7674],[30.637,48.7519],[30.6354,48.7391],[30.6219,48.7397],[30.609,48.7191],[30.576,48.7209],[30.5597,48.7323],[30.5435,48.7248],[30.5259,48.7405],[30.5317,48.7431],[30.4668,48.7859],[30.4878,48.8084],[30.4748,48.8154],[30.479,48.8207],[30.5371,48.8536],[30.4738,48.8788],[30.4772,48.872],[30.4603,48.8726],[30.456,48.8906],[30.4461,48.8955],[30.4599,48.9145],[30.4822,48.9147],[30.4724,48.9177],[30.482,48.9271],[30.4803,48.9343],[30.4688,48.9341],[30.4807,48.9353],[30.4872,48.9446],[30.4773,48.948],[30.4891,48.9587],[30.4875,48.9637],[30.506,48.9743],[30.5196,48.9741],[30.5109,48.9818],[30.5143,48.9871],[30.5241,48.9852],[30.53,48.9951],[30.5436,48.9944],[30.5614,49.0164],[30.5563,49.0337],[30.5348,49.0383],[30.548,49.064],[30.5424,49.0767],[30.5532,49.0826],[30.5368,49.0874],[30.5453,49.1122],[30.5563,49.113],[30.5683,49.1421],[30.5602,49.1554],[30.4787,49.142],[30.476,49.182],[30.424,49.183],[30.4029,49.1943],[30.3941,49.1922],[30.3979,49.2083],[30.3922,49.2117],[30.4153,49.2144],[30.4947,49.2],[30.5151,49.2533],[30.4587,49.2742],[30.4655,49.2895],[30.439,49.3014],[30.4212,49.3023]]]}},{"type":"Feature","properties":{"k":"zolotoniskyi","o":"Черкаська"},"geometry":{"type":"Polygon","coordinates":[[[31.7179,49.8525],[31.7523,49.8934],[31.774,49.8936],[31.7702,49.9201],[31.7954,49.9339],[31.8136,49.9662],[31.8897,49.9625],[31.8906,49.9519],[31.9014,49.9438],[31.9182,49.9623],[31.9099,50.0093],[31.8999,50.0193],[31.9685,50.0445],[31.9798,50.0387],[31.9865,50.0524],[31.9252,50.0603],[31.9049,50.0571],[31.9114,50.1007],[31.9752,50.1252],[31.958,50.1411],[31.9465,50.1365],[31.934,50.1584],[31.9654,50.1515],[32.0001,50.1942],[31.9909,50.1967],[31.9933,50.2012],[32.0155,50.2058],[32.04,50.1887],[32.0562,50.1877],[32.0865,50.2214],[32.1071,50.2201],[32.1172,50.2289],[32.1256,50.2248],[32.1117,50.2126],[32.1628,50.1874],[32.1768,50.165],[32.2986,50.1427],[32.3039,50.1199],[32.2503,50.1146],[32.2764,50.0969],[32.2615,50.0824],[32.3138,50.0386],[32.3216,50.0395],[32.3338,50.0583],[32.351,50.0473],[32.3452,50.0358],[32.3645,50.0336],[32.3685,50.0021],[32.3772,50.0006],[32.3789,49.981],[32.4286,49.9603],[32.4181,49.9345],[32.4301,49.9312],[32.4195,49.9281],[32.414,49.9034],[32.4346,49.8882],[32.4029,49.8752],[32.3928,49.8848],[32.3739,49.8744],[32.4372,49.8216],[32.4493,49.7962],[32.5041,49.8045],[32.5143,49.7744],[32.5557,49.7735],[32.5726,49.7529],[32.568,49.7482],[32.574,49.7025],[32.6638,49.6804],[32.6602,49.6769],[32.675,49.6752],[32.6724,49.671],[32.6924,49.6578],[32.7085,49.6568],[32.705,49.651],[32.7094,49.6491],[32.7012,49.6481],[32.7039,49.6352],[32.7144,49.631],[32.7104,49.6239],[32.716,49.6191],[32.7071,49.6157],[32.7152,49.6124],[32.6963,49.6027],[32.7122,49.594],[32.7213,49.596],[32.7497,49.5734],[32.7573,49.5755],[32.7489,49.5698],[32.7535,49.5654],[32.7472,49.5462],[32.7518,49.5433],[32.7502,49.5238],[32.71,49.499],[32.6773,49.4993],[32.6663,49.4664],[32.6729,49.448],[32.6509,49.4358],[32.659,49.4284],[32.679,49.4253],[32.6774,49.4009],[32.6899,49.3852],[32.7122,49.3846],[32.7371,49.3721],[32.7382,49.3538],[32.6769,49.3525],[32.5936,49.378],[32.5448,49.3818],[32.5099,49.4078],[32.4788,49.3666],[32.4777,49.3571],[32.4611,49.3474],[32.4633,49.3409],[32.4794,49.3407],[32.4663,49.3282],[32.4415,49.3407],[32.3954,49.3447],[32.3694,49.3593],[32.3553,49.3841],[32.3247,49.3958],[32.2871,49.4032],[32.1923,49.4019],[32.1573,49.4182],[32.1432,49.4486],[32.0976,49.4495],[32.071,49.458],[32.0412,49.4861],[32.041,49.5184],[32.0263,49.5212],[31.9988,49.5144],[31.9785,49.5294],[31.9511,49.5333],[31.9336,49.5564],[31.8872,49.5664],[31.8612,49.5585],[31.8308,49.5723],[31.8154,49.5723],[31.7923,49.5967],[31.7817,49.6257],[31.7736,49.6301],[31.7027,49.6323],[31.6508,49.6429],[31.64,49.651],[31.6731,49.6756],[31.6894,49.6966],[31.6816,49.6983],[31.6784,49.7085],[31.6852,49.7111],[31.7004,49.7508],[31.7115,49.7548],[31.6929,49.7542],[31.6904,49.76],[31.718,49.7571],[31.7197,49.7756],[31.6933,49.7756],[31.6927,49.79],[31.7032,49.7915],[31.7078,49.8438],[31.7285,49.8467],[31.7179,49.8525]]]}},{"type":"Feature","properties":{"k":"umanskyi","o":"Черкаська"},"geometry":{"type":"Polygon","coordinates":[[[29.6063,49.0565],[29.6308,49.047],[29.6288,49.0514],[29.6414,49.0569],[29.6345,49.0607],[29.6509,49.0971],[29.6863,49.0887],[29.6782,49.1122],[29.7336,49.1228],[29.7313,49.1319],[29.7195,49.1315],[29.712,49.1419],[29.7099,49.1551],[29.7177,49.1562],[29.7176,49.1794],[29.7269,49.182],[29.7259,49.2029],[29.7105,49.2071],[29.7038,49.2254],[29.7183,49.2211],[29.7365,49.2284],[29.7547,49.2261],[29.7449,49.2228],[29.7419,49.2114],[29.7273,49.2081],[29.7601,49.1798],[29.8148,49.1865],[29.8192,49.1786],[29.8578,49.1885],[29.8822,49.1861],[29.8768,49.2003],[29.8977,49.2048],[29.8937,49.2084],[29.9089,49.2165],[29.9043,49.2215],[29.9209,49.2301],[29.9321,49.2486],[29.9556,49.2522],[29.957,49.2863],[29.9441,49.3022],[29.9484,49.3119],[29.9599,49.3063],[29.9835,49.3156],[30.0072,49.315],[30.0104,49.3276],[30.0266,49.3343],[30.0784,49.3223],[30.0861,49.3125],[30.0823,49.2991],[30.0886,49.286],[30.113,49.2701],[30.1232,49.2889],[30.107,49.3029],[30.1322,49.3137],[30.1368,49.3312],[30.1486,49.335],[30.1489,49.3268],[30.2003,49.3282],[30.1895,49.2749],[30.2582,49.2715],[30.3667,49.255],[30.3644,49.2451],[30.3748,49.2435],[30.3718,49.2364],[30.3858,49.2572],[30.3977,49.3035],[30.439,49.3014],[30.4655,49.2895],[30.4587,49.2742],[30.5151,49.2533],[30.4947,49.2],[30.4153,49.2144],[30.3922,49.2117],[30.3979,49.2083],[30.3941,49.1922],[30.4029,49.1943],[30.424,49.183],[30.476,49.182],[30.4787,49.142],[30.5602,49.1554],[30.5683,49.1421],[30.5563,49.113],[30.5453,49.1122],[30.5368,49.0874],[30.5532,49.0826],[30.5424,49.0767],[30.548,49.064],[30.5348,49.0383],[30.5563,49.0337],[30.5614,49.0164],[30.5436,48.9944],[30.53,48.9951],[30.5241,48.9852],[30.5143,48.9871],[30.5109,48.9818],[30.5196,48.9741],[30.506,48.9743],[30.4875,48.9637],[30.4891,48.9587],[30.4773,48.948],[30.4872,48.9446],[30.4807,48.9353],[30.4688,48.9341],[30.4803,48.9343],[30.482,48.9271],[30.4724,48.9177],[30.4822,48.9147],[30.4599,48.9145],[30.4461,48.8955],[30.456,48.8906],[30.4603,48.8726],[30.4772,48.872],[30.4738,48.8788],[30.5371,48.8536],[30.479,48.8207],[30.4748,48.8154],[30.4878,48.8084],[30.4668,48.7859],[30.5317,48.7431],[30.5259,48.7405],[30.5435,48.7248],[30.5597,48.7323],[30.6013,48.6991],[30.6112,48.698],[30.5986,48.6632],[30.5514,48.6536],[30.5294,48.6278],[30.5708,48.6056],[30.5578,48.5958],[30.5686,48.5917],[30.5632,48.579],[30.5691,48.5773],[30.5664,48.5674],[30.5403,48.5711],[30.5062,48.564],[30.487,48.5692],[30.4862,48.5641],[30.4528,48.5835],[30.4028,48.5738],[30.3873,48.5427],[30.3866,48.5271],[30.3254,48.5218],[30.3072,48.5121],[30.2549,48.5054],[30.2563,48.4893],[30.2203,48.4801],[30.1629,48.5038],[30.1518,48.4978],[30.1565,48.4851],[30.1447,48.4727],[30.1305,48.4704],[30.1179,48.4529],[30.0882,48.4574],[30.0825,48.4663],[30.0498,48.4828],[29.9997,48.4781],[30.0023,48.4726],[29.9612,48.473],[29.9667,48.4914],[30.0009,48.492],[30.0063,48.5134],[29.9901,48.5141],[29.9929,48.5201],[30.0204,48.5192],[30.02,48.5394],[30.0085,48.5426],[30.0033,48.5516],[30.0058,48.5731],[29.9564,48.5838],[29.9478,48.5946],[29.9513,48.6085],[29.9898,48.6135],[29.9866,48.6204],[29.9923,48.6325],[29.9777,48.635],[29.9562,48.6587],[29.9447,48.6578],[29.9468,48.6698],[29.917,48.6716],[29.8724,48.7028],[29.8612,48.6998],[29.8657,48.7081],[29.8563,48.7138],[29.8677,48.7345],[29.8813,48.7313],[29.8841,48.7361],[29.8598,48.7585],[29.8665,48.763],[29.7661,48.7863],[29.7616,48.8471],[29.7317,48.8546],[29.7281,48.8864],[29.7084,48.8954],[29.7355,48.9082],[29.7002,48.9168],[29.6867,48.9122],[29.6643,48.9242],[29.6672,48.9306],[29.6532,48.9385],[29.6608,48.9484],[29.652,48.9598],[29.6957,49.0004],[29.6835,49.0062],[29.6906,49.0122],[29.6824,49.0133],[29.6837,49.0264],[29.6393,49.0118],[29.6063,49.0565]]]}},{"type":"Feature","properties":{"k":"cherkaskyi","o":"Черкаська"},"geometry":{"type":"Polygon","coordinates":[[[31.2878,49.9547],[31.3153,49.9763],[31.3078,49.9808],[31.2955,49.9769],[31.3095,49.9922],[31.4219,49.9915],[31.4453,49.9748],[31.4231,49.9332],[31.4264,49.8991],[31.4316,49.8989],[31.4403,49.8772],[31.4713,49.8737],[31.4807,49.8586],[31.4946,49.861],[31.5009,49.844],[31.5143,49.8473],[31.5099,49.855],[31.5183,49.8624],[31.515,49.8693],[31.5429,49.8787],[31.5458,49.8734],[31.5573,49.8753],[31.569,49.8957],[31.5822,49.8988],[31.5818,49.9069],[31.6124,49.9065],[31.6136,49.8921],[31.6091,49.8899],[31.6175,49.88],[31.6145,49.856],[31.6676,49.8578],[31.7285,49.8467],[31.7078,49.8438],[31.7032,49.7915],[31.6927,49.79],[31.6933,49.7756],[31.7197,49.7756],[31.718,49.7571],[31.6904,49.76],[31.6929,49.7542],[31.7115,49.7548],[31.7004,49.7508],[31.6852,49.7111],[31.6784,49.7085],[31.6816,49.6983],[31.6894,49.6966],[31.6731,49.6756],[31.64,49.651],[31.6508,49.6429],[31.7027,49.6323],[31.7736,49.6301],[31.7817,49.6257],[31.7923,49.5967],[31.8154,49.5723],[31.8308,49.5723],[31.8612,49.5585],[31.8872,49.5664],[31.9336,49.5564],[31.9511,49.5333],[31.9785,49.5294],[31.9988,49.5144],[32.0263,49.5212],[32.041,49.5184],[32.0412,49.4861],[32.0548,49.4686],[32.0976,49.4495],[32.1432,49.4486],[32.1573,49.4182],[32.1923,49.4019],[32.2871,49.4032],[32.3247,49.3958],[32.3553,49.3841],[32.3694,49.3593],[32.3846,49.3479],[32.4557,49.3353],[32.5048,49.3076],[32.5957,49.2762],[32.6096,49.2535],[32.6331,49.2604],[32.6559,49.2477],[32.6782,49.2557],[32.7139,49.2576],[32.7565,49.2428],[32.7627,49.233],[32.7995,49.2398],[32.8134,49.2489],[32.8561,49.2462],[32.8469,49.2305],[32.8068,49.2101],[32.7574,49.1653],[32.7608,49.1547],[32.775,49.1444],[32.8892,49.1212],[32.8905,49.096],[32.8142,49.0738],[32.8292,49.0672],[32.837,49.0279],[32.8426,49.0282],[32.8388,49.0159],[32.8255,49.0155],[32.8287,49.0092],[32.8453,49.0123],[32.8489,49.0027],[32.8723,49.0001],[32.8738,48.9923],[32.8434,48.9903],[32.8452,48.9805],[32.7333,48.9648],[32.7303,48.9775],[32.6979,48.9744],[32.6957,48.983],[32.6753,48.9857],[32.6666,48.9766],[32.6797,48.9573],[32.6536,48.9535],[32.6424,48.9529],[32.6403,48.9579],[32.6114,48.9537],[32.6076,48.9645],[32.5823,48.9507],[32.5766,48.9517],[32.578,48.9591],[32.5389,48.9669],[32.5475,48.9587],[32.5404,48.9521],[32.5517,48.9418],[32.5213,48.939],[32.5215,48.9494],[32.5096,48.9602],[32.5145,48.9782],[32.496,49.0004],[32.5005,49.0144],[32.4757,49.0055],[32.4654,49.0318],[32.4745,49.0333],[32.4521,49.0387],[32.4427,49.0525],[32.4176,49.0279],[32.4012,49.0265],[32.3707,49.0387],[32.3753,49.0503],[32.3653,49.0718],[32.3529,49.0693],[32.3483,49.0791],[32.3144,49.0809],[32.3127,49.0747],[32.298,49.0733],[32.2973,49.0794],[32.2824,49.0848],[32.2832,49.079],[32.2599,49.0782],[32.262,49.0587],[32.2337,49.0594],[32.2175,48.9877],[32.1838,48.9965],[32.1782,48.9729],[32.1347,48.9661],[32.1306,48.9519],[32.154,48.9446],[32.1515,48.9166],[32.1055,48.9111],[32.1052,48.9024],[32.097,48.9077],[32.0858,48.9051],[32.0933,48.9189],[32.0489,48.9163],[32.0264,48.9307],[32.0059,48.9135],[31.9986,48.9165],[31.9611,48.906],[31.9532,48.9098],[31.9211,48.8801],[31.9123,48.8867],[31.9182,48.9062],[31.8392,48.9356],[31.8219,48.9368],[31.8053,48.9496],[31.7954,48.9391],[31.7696,48.9354],[31.7451,48.9621],[31.7296,48.9544],[31.7177,48.969],[31.7253,48.9862],[31.7138,48.9853],[31.7151,48.9784],[31.693,48.976],[31.6899,48.9707],[31.6969,48.964],[31.6777,48.9461],[31.6587,48.9616],[31.6243,48.972],[31.6258,49.0072],[31.6332,49.0081],[31.6172,49.0665],[31.6207,49.1017],[31.6101,49.1005],[31.5629,49.1227],[31.5302,49.1255],[31.5372,49.141],[31.4846,49.1699],[31.4923,49.1926],[31.4001,49.1983],[31.3915,49.2039],[31.3456,49.1971],[31.3194,49.2361],[31.3105,49.2371],[31.3045,49.2524],[31.2833,49.2565],[31.2829,49.2777],[31.2897,49.287],[31.2818,49.2973],[31.2911,49.315],[31.2813,49.3268],[31.3042,49.3326],[31.3116,49.3593],[31.3354,49.3604],[31.3532,49.3418],[31.3825,49.328],[31.4047,49.3347],[31.4273,49.3637],[31.4116,49.4061],[31.3771,49.4209],[31.3394,49.4251],[31.335,49.4295],[31.3406,49.4345],[31.3359,49.435],[31.324,49.4299],[31.331,49.4158],[31.3119,49.4059],[31.3023,49.4148],[31.2748,49.4078],[31.2783,49.3993],[31.2918,49.3978],[31.289,49.3931],[31.2673,49.4002],[31.2652,49.3894],[31.2473,49.3851],[31.2451,49.3889],[31.2508,49.3893],[31.242,49.3956],[31.2034,49.3919],[31.1927,49.3957],[31.2046,49.3995],[31.2046,49.3922],[31.2174,49.3952],[31.2249,49.4017],[31.2229,49.4146],[31.178,49.4165],[31.1451,49.4298],[31.1297,49.4282],[31.1429,49.4445],[31.1208,49.4484],[31.1228,49.4591],[31.1093,49.4677],[31.1128,49.4738],[31.09,49.4859],[31.0611,49.4815],[31.0949,49.4972],[31.0927,49.5022],[31.0988,49.5047],[31.0935,49.5054],[31.0934,49.5166],[31.1039,49.5312],[31.0975,49.5429],[31.1087,49.5573],[31.1207,49.5613],[31.1399,49.5524],[31.143,49.5577],[31.1516,49.5559],[31.149,49.5682],[31.1386,49.5713],[31.1526,49.5805],[31.1287,49.5838],[31.1357,49.6037],[31.2022,49.6752],[31.1957,49.6841],[31.2041,49.6921],[31.2115,49.6862],[31.2175,49.6946],[31.1962,49.7015],[31.2117,49.7297],[31.221,49.7331],[31.2077,49.7555],[31.2162,49.7769],[31.1898,49.7902],[31.2208,49.8321],[31.2077,49.8523],[31.2474,49.8677],[31.2608,49.8581],[31.2912,49.883],[31.3177,49.8927],[31.366,49.8962],[31.3801,49.9078],[31.3474,49.9376],[31.3349,49.9383],[31.3356,49.9449],[31.3501,49.9502],[31.3108,49.9657],[31.2878,49.9547]]]}},{"type":"Feature","properties":{"k":"vyzhnytskyi","o":"Чернівецька"},"geometry":{"type":"Polygon","coordinates":[[[24.9223,47.7268],[24.9231,47.7409],[24.9369,47.7583],[24.9467,47.7943],[24.9756,47.8258],[24.9818,47.8259],[24.9973,47.8556],[24.9811,47.86],[24.9869,47.8654],[24.972,47.8764],[24.9565,47.8792],[24.9445,47.8979],[24.9613,47.904],[24.957,47.92],[24.9467,47.9219],[24.9448,47.9295],[24.9192,47.9465],[24.921,47.9531],[24.9289,47.9539],[24.9188,47.9557],[24.9161,47.9635],[24.9235,47.9652],[24.9144,47.9686],[24.9085,47.9966],[24.9202,48.0095],[24.9128,48.013],[24.9114,48.0269],[24.9942,48.0865],[24.9806,48.1123],[24.9995,48.12],[25.0228,48.1107],[25.0366,48.1117],[25.0385,48.1275],[25.0675,48.1328],[25.0722,48.1459],[25.0658,48.1568],[25.0935,48.1637],[25.0832,48.1769],[25.0986,48.186],[25.1286,48.1775],[25.138,48.1824],[25.1378,48.1958],[25.1159,48.2076],[25.1195,48.2177],[25.1065,48.2252],[25.1507,48.248],[25.1752,48.2449],[25.1932,48.2549],[25.2464,48.3153],[25.2564,48.3157],[25.2664,48.3292],[25.2757,48.329],[25.2716,48.3327],[25.2814,48.3427],[25.2946,48.3457],[25.316,48.3661],[25.3784,48.3903],[25.4325,48.3943],[25.4539,48.4026],[25.5208,48.3993],[25.5481,48.3813],[25.621,48.3804],[25.6636,48.3583],[25.6621,48.3482],[25.6474,48.3362],[25.6596,48.3258],[25.6483,48.3119],[25.6135,48.2995],[25.5968,48.2555],[25.5881,48.2628],[25.5731,48.2522],[25.557,48.2526],[25.5193,48.2662],[25.5146,48.2502],[25.4923,48.2567],[25.4803,48.2507],[25.4721,48.2084],[25.4603,48.2015],[25.4656,48.1908],[25.4539,48.1807],[25.4569,48.1683],[25.4666,48.1632],[25.4694,48.1172],[25.4228,48.123],[25.3892,48.1164],[25.368,48.1],[25.3792,48.0919],[25.3728,48.0711],[25.3461,48.0524],[25.3369,48.0563],[25.3297,48.047],[25.3321,48.0321],[25.3619,48.0201],[25.365,48.009],[25.3466,47.9795],[25.351,47.9747],[25.4054,47.9412],[25.4151,47.9422],[25.4424,47.9262],[25.3109,47.9142],[25.2697,47.8924],[25.23,47.8931],[25.2216,47.8824],[25.2218,47.8589],[25.2014,47.8504],[25.2024,47.8395],[25.18,47.8256],[25.1774,47.8139],[25.1669,47.8088],[25.1673,47.7919],[25.1488,47.7921],[25.1293,47.7788],[25.1171,47.769],[25.1154,47.7546],[25.0647,47.7405],[25.0533,47.7463],[25.0401,47.7252],[25.0079,47.734],[24.9959,47.7251],[24.9834,47.7295],[24.9223,47.7268]]]}},{"type":"Feature","properties":{"k":"dnistrovskyi","o":"Чернівецька"},"geometry":{"type":"Polygon","coordinates":[[[27.3729,48.6302],[27.4244,48.6132],[27.4568,48.5902],[27.4793,48.5469],[27.4831,48.5297],[27.4788,48.5064],[27.4991,48.4821],[27.5206,48.4704],[27.5344,48.4701],[27.5046,48.4553],[27.491,48.4584],[27.4662,48.4486],[27.4472,48.4089],[27.3849,48.4098],[27.3779,48.4149],[27.3791,48.4338],[27.3735,48.4417],[27.3532,48.449],[27.3534,48.4404],[27.3389,48.448],[27.3374,48.4409],[27.3196,48.4436],[27.3114,48.4285],[27.3141,48.4226],[27.2973,48.4096],[27.2863,48.3715],[27.2637,48.3803],[27.2358,48.3728],[27.2132,48.3909],[27.2002,48.389],[27.1922,48.3948],[27.1683,48.3808],[27.139,48.3744],[27.1229,48.38],[27.0872,48.413],[27.0845,48.4346],[27.0694,48.4324],[27.0621,48.4212],[27.0142,48.425],[27.0134,48.4204],[27.0398,48.4108],[27.0369,48.4071],[27.045,48.4023],[27.0498,48.3878],[27.0473,48.3785],[27.0459,48.3742],[27.0275,48.3827],[27.0024,48.3795],[27.002,48.3642],[26.9954,48.3595],[26.9322,48.3713],[26.9324,48.3629],[26.8945,48.3835],[26.9013,48.397],[26.8732,48.42],[26.8511,48.4131],[26.7752,48.4184],[26.7536,48.3989],[26.725,48.4116],[26.709,48.4053],[26.7651,48.3536],[26.7942,48.343],[26.8078,48.3516],[26.8242,48.3443],[26.8271,48.3247],[26.8225,48.3202],[26.8314,48.3137],[26.8225,48.3114],[26.8256,48.304],[26.8173,48.2952],[26.7945,48.2911],[26.7669,48.3023],[26.7589,48.3224],[26.7393,48.3129],[26.6947,48.3599],[26.6818,48.3553],[26.6959,48.3272],[26.6758,48.3249],[26.676,48.3177],[26.6477,48.3053],[26.6497,48.2979],[26.6419,48.29],[26.6164,48.274],[26.63,48.2596],[26.6278,48.2464],[26.6142,48.2502],[26.6207,48.2395],[26.5967,48.239],[26.5865,48.2465],[26.5707,48.2382],[26.5719,48.2196],[26.5503,48.225],[26.5481,48.2161],[26.5271,48.2093],[26.5185,48.2515],[26.485,48.2899],[26.4847,48.2968],[26.4967,48.2922],[26.4893,48.3043],[26.4835,48.3039],[26.4851,48.3109],[26.464,48.3471],[26.4521,48.3445],[26.4175,48.3561],[26.4021,48.3377],[26.4042,48.3329],[26.3921,48.3306],[26.3866,48.3489],[26.3921,48.3629],[26.3657,48.3582],[26.3575,48.3493],[26.3189,48.3656],[26.2981,48.3505],[26.2626,48.3651],[26.2451,48.3364],[26.2105,48.3351],[26.2055,48.3465],[26.2267,48.3563],[26.2082,48.3719],[26.2249,48.384],[26.1644,48.4414],[26.1492,48.443],[26.1041,48.4706],[26.08,48.4646],[26.0557,48.4991],[26.0673,48.493],[26.0696,48.4984],[26.085,48.474],[26.1144,48.4831],[26.0974,48.5085],[26.1244,48.5083],[26.1094,48.5163],[26.1092,48.5291],[26.1221,48.5399],[26.1166,48.5444],[26.1271,48.5544],[26.1265,48.5631],[26.1061,48.5805],[26.0959,48.6018],[26.1003,48.6139],[26.1183,48.62],[26.1445,48.5973],[26.1466,48.5462],[26.1663,48.5289],[26.1996,48.5258],[26.2679,48.54],[26.2795,48.5365],[26.3022,48.509],[26.3248,48.5171],[26.3551,48.5076],[26.3879,48.5338],[26.4864,48.5451],[26.5537,48.4634],[26.5681,48.4542],[26.602,48.4513],[26.6258,48.4641],[26.6076,48.4969],[26.6125,48.5067],[26.6303,48.5075],[26.6693,48.4856],[26.6998,48.4864],[26.7131,48.4951],[26.705,48.5095],[26.681,48.5238],[26.6752,48.5386],[26.6235,48.5375],[26.6179,48.5444],[26.6226,48.5549],[26.6396,48.5616],[26.6614,48.56],[26.7024,48.5352],[26.7271,48.5331],[26.74,48.5401],[26.7431,48.556],[26.7203,48.5787],[26.7215,48.5863],[26.7287,48.5873],[26.7475,48.5804],[26.7616,48.5492],[26.7798,48.5478],[26.7945,48.5675],[26.7788,48.5945],[26.8006,48.6092],[26.8238,48.6059],[26.8202,48.5817],[26.8409,48.5579],[26.8793,48.5425],[26.9029,48.5501],[26.9262,48.5741],[26.9663,48.5748],[26.99,48.5882],[26.996,48.5876],[26.994,48.5776],[27.0007,48.5705],[27.0994,48.5558],[27.1205,48.5596],[27.1458,48.578],[27.1678,48.5852],[27.2249,48.5638],[27.248,48.5653],[27.2664,48.5809],[27.2566,48.5967],[27.2332,48.6093],[27.2496,48.623],[27.2794,48.6257],[27.3079,48.602],[27.3236,48.599],[27.3443,48.6049],[27.3552,48.6294],[27.3729,48.6302]]]}},{"type":"Feature","properties":{"k":"chernivetskyi","o":"Чернівецька"},"geometry":{"type":"Polygon","coordinates":[[[25.621,48.3804],[25.6164,48.392],[25.6203,48.4088],[25.6002,48.4147],[25.6109,48.4287],[25.6027,48.4461],[25.6059,48.4652],[25.5979,48.4735],[25.5995,48.5005],[25.6092,48.5271],[25.5997,48.5427],[25.6039,48.551],[25.5982,48.5653],[25.6034,48.5702],[25.5873,48.5899],[25.5907,48.6066],[25.5851,48.634],[25.6221,48.661],[25.6281,48.6728],[25.7101,48.6637],[25.721,48.6552],[25.7265,48.6382],[25.738,48.6332],[25.7457,48.6365],[25.7609,48.6664],[25.785,48.6753],[25.8062,48.6664],[25.855,48.6204],[25.8491,48.5971],[25.8751,48.5999],[25.9091,48.5869],[25.9338,48.591],[25.9753,48.6209],[26.021,48.6103],[26.0295,48.6203],[26.0318,48.6434],[26.0503,48.6482],[26.0621,48.637],[26.0584,48.6221],[26.0659,48.6071],[26.0449,48.5844],[26.0805,48.5562],[26.0909,48.5392],[26.1166,48.5444],[26.1221,48.5399],[26.1092,48.5291],[26.1094,48.5163],[26.1244,48.5083],[26.0974,48.5085],[26.1144,48.4831],[26.085,48.474],[26.0696,48.4984],[26.0673,48.493],[26.0557,48.4991],[26.08,48.4646],[26.1041,48.4706],[26.1492,48.443],[26.1644,48.4414],[26.2249,48.384],[26.2082,48.3719],[26.2267,48.3563],[26.2055,48.3465],[26.2105,48.3351],[26.2451,48.3364],[26.2626,48.3651],[26.2981,48.3505],[26.3189,48.3656],[26.3575,48.3493],[26.3657,48.3582],[26.3921,48.3629],[26.3866,48.3489],[26.3921,48.3306],[26.4042,48.3329],[26.4021,48.3377],[26.4175,48.3561],[26.4521,48.3445],[26.464,48.3471],[26.4851,48.3109],[26.4835,48.3039],[26.4893,48.3043],[26.4967,48.2922],[26.4847,48.2968],[26.485,48.2899],[26.5185,48.2515],[26.5271,48.2093],[26.4679,48.2209],[26.4558,48.2132],[26.4563,48.2062],[26.4331,48.2028],[26.4377,48.1936],[26.4208,48.2013],[26.4055,48.1901],[26.3858,48.1863],[26.3792,48.1913],[26.3835,48.1959],[26.3747,48.1978],[26.3595,48.1854],[26.3511,48.1916],[26.3474,48.1831],[26.3333,48.184],[26.3278,48.1761],[26.3343,48.159],[26.2979,48.1335],[26.2726,48.0816],[26.2127,48.0513],[26.1992,48.0078],[26.1699,47.9903],[26.1376,47.9842],[26.1267,47.9878],[26.101,47.9783],[26.0612,47.988],[25.9517,47.9707],[25.9145,47.9774],[25.9074,47.9649],[25.8919,47.9612],[25.8612,47.97],[25.8375,47.967],[25.8186,47.954],[25.7747,47.9394],[25.6431,47.9496],[25.5925,47.9382],[25.4424,47.9262],[25.3651,47.9632],[25.3466,47.9795],[25.365,48.009],[25.3619,48.0201],[25.3321,48.0321],[25.3297,48.047],[25.3369,48.0563],[25.3461,48.0524],[25.3728,48.0711],[25.3792,48.0919],[25.368,48.1],[25.3892,48.1164],[25.4228,48.123],[25.4694,48.1172],[25.4666,48.1632],[25.4569,48.1683],[25.4539,48.1807],[25.4656,48.1908],[25.4603,48.2015],[25.4721,48.2084],[25.4803,48.2507],[25.4884,48.2513],[25.4863,48.256],[25.5146,48.2502],[25.5193,48.2662],[25.557,48.2526],[25.5731,48.2522],[25.5881,48.2628],[25.5968,48.2555],[25.6135,48.2995],[25.6524,48.3151],[25.6596,48.3258],[25.6474,48.3362],[25.6621,48.3482],[25.6636,48.3583],[25.621,48.3804]]]}},{"type":"Feature","properties":{"k":"koriukivskyi","o":"Чернігівська"},"geometry":{"type":"Polygon","coordinates":[[[32.7185,51.4538],[32.7142,51.4386],[32.6851,51.4415],[32.6828,51.448],[32.6579,51.4473],[32.659,51.453],[32.6449,51.4527],[32.6325,51.4647],[32.6043,51.4493],[32.5906,51.4599],[32.5784,51.4603],[32.5766,51.4552],[32.5734,51.4613],[32.5603,51.4613],[32.555,51.455],[32.559,51.4477],[32.5822,51.444],[32.5742,51.4542],[32.5853,51.4559],[32.6097,51.4412],[32.6083,51.4236],[32.5615,51.4103],[32.5309,51.4138],[32.5207,51.4043],[32.5118,51.4051],[32.519,51.4015],[32.5094,51.3986],[32.5083,51.4049],[32.4967,51.3957],[32.4987,51.4007],[32.4794,51.4014],[32.4801,51.3954],[32.4564,51.3886],[32.4067,51.3924],[32.382,51.4127],[32.3954,51.4209],[32.3809,51.4281],[32.3638,51.4134],[32.3585,51.4166],[32.3663,51.4217],[32.3571,51.4197],[32.3569,51.405],[32.3495,51.4127],[32.3121,51.41],[32.2925,51.4191],[32.2939,51.4147],[32.2818,51.4088],[32.2906,51.4073],[32.2898,51.4028],[32.2826,51.4063],[32.2597,51.397],[32.2487,51.4005],[32.2269,51.3892],[32.2245,51.3741],[32.2191,51.3796],[32.1998,51.376],[32.1779,51.3826],[32.1688,51.3925],[32.1357,51.4046],[32.1144,51.4006],[32.0907,51.3864],[32.0827,51.3924],[32.0764,51.3826],[32.0256,51.3813],[32.0331,51.3686],[32.0211,51.3608],[32.0093,51.3702],[31.9825,51.3681],[31.9836,51.3602],[31.9724,51.3499],[31.9656,51.3632],[31.9494,51.3678],[31.9294,51.3633],[31.9096,51.3712],[31.8943,51.3689],[31.879,51.3837],[31.8802,51.3913],[31.8671,51.3927],[31.8686,51.3997],[31.8559,51.4038],[31.8737,51.4083],[31.873,51.4179],[31.8847,51.4219],[31.8801,51.4313],[31.8637,51.4362],[31.8604,51.451],[31.8525,51.451],[31.8511,51.4699],[31.8292,51.4839],[31.8347,51.4952],[31.817,51.5047],[31.8495,51.5068],[31.8457,51.5404],[31.8638,51.5726],[31.8815,51.5808],[31.8783,51.6078],[31.8565,51.6235],[31.8047,51.6295],[31.8096,51.6554],[31.7906,51.6624],[31.7915,51.6927],[31.7796,51.7121],[31.7837,51.712],[31.7799,51.7306],[31.7507,51.7228],[31.7322,51.728],[31.7358,51.7366],[31.7601,51.7448],[31.7276,51.7509],[31.6546,51.7803],[31.6703,51.7962],[31.6584,51.8025],[31.6592,51.7963],[31.6528,51.7981],[31.6517,51.8042],[31.6336,51.8102],[31.6364,51.8252],[31.6616,51.8208],[31.6808,51.8575],[31.6914,51.8644],[31.6606,51.876],[31.6605,51.8842],[31.6745,51.8976],[31.6631,51.9011],[31.695,51.9081],[31.7045,51.9221],[31.7238,51.9193],[31.7201,51.9101],[31.7818,51.916],[31.8058,51.9082],[31.7986,51.9365],[31.8082,51.9411],[31.7961,51.9406],[31.7912,51.946],[31.7958,51.9508],[31.7828,51.9475],[31.7808,51.9559],[31.7634,51.9636],[31.7718,51.9692],[31.7657,51.9847],[31.7794,51.9936],[31.7866,51.9896],[31.7999,51.9935],[31.795,52.0224],[31.8022,52.0255],[31.7962,52.0257],[31.7896,52.0407],[31.7834,52.037],[31.7857,52.0304],[31.7786,52.032],[31.7747,52.046],[31.7834,52.0506],[31.7762,52.0641],[31.8101,52.07],[31.817,52.0987],[31.8465,52.11],[31.9021,52.1029],[31.96,52.0751],[31.9436,52.0566],[31.9211,52.0569],[31.9173,52.0525],[31.9287,52.0473],[31.9146,52.0432],[31.9409,52.0492],[31.9495,52.0458],[31.9647,52.0539],[32.0207,52.0495],[32.0624,52.0355],[32.0955,52.0336],[32.1006,52.0456],[32.1338,52.0439],[32.1332,52.0537],[32.1471,52.0578],[32.1473,52.0691],[32.186,52.0718],[32.1992,52.0661],[32.202,52.0744],[32.2181,52.0821],[32.2662,52.0762],[32.2775,52.0584],[32.294,52.0551],[32.3378,52.0515],[32.3515,52.0584],[32.3839,52.0593],[32.3849,52.0516],[32.3622,52.0483],[32.3773,52.0389],[32.3803,52.0263],[32.4059,52.0241],[32.4028,52.0165],[32.4137,52.0018],[32.4324,52.0088],[32.4337,52.0015],[32.4137,51.9882],[32.413,51.9815],[32.4298,51.9824],[32.4356,51.9968],[32.4433,51.9953],[32.4433,51.9769],[32.4539,51.9751],[32.4678,51.9735],[32.4863,51.9869],[32.51,51.9874],[32.5152,51.9752],[32.5254,51.9725],[32.5189,51.9639],[32.635,51.97],[32.6264,51.9584],[32.6308,51.9168],[32.6591,51.9139],[32.6634,51.899],[32.6681,51.9107],[32.7353,51.9232],[32.7347,51.9345],[32.7527,51.9335],[32.7484,51.9212],[32.7695,51.9175],[32.7599,51.9028],[32.8136,51.8886],[32.8115,51.8666],[32.8058,51.8638],[32.8023,51.8568],[32.8146,51.8669],[32.8179,51.8499],[32.7998,51.852],[32.7588,51.8356],[32.7106,51.8431],[32.7142,51.8339],[32.7085,51.8327],[32.7295,51.8221],[32.7007,51.8135],[32.6865,51.821],[32.6821,51.815],[32.7069,51.8005],[32.7036,51.7945],[32.7126,51.7773],[32.7504,51.7702],[32.7467,51.7668],[32.7669,51.7348],[32.7351,51.722],[32.6975,51.7252],[32.6798,51.7086],[32.68,51.6994],[32.6954,51.6908],[32.6858,51.6798],[32.7162,51.667],[32.7334,51.6355],[32.7126,51.6287],[32.7638,51.6245],[32.7719,51.6308],[32.7859,51.6195],[32.806,51.6229],[32.8095,51.6179],[32.8275,51.6254],[32.8321,51.6156],[32.8167,51.615],[32.8216,51.6081],[32.8161,51.6061],[32.8339,51.6099],[32.8373,51.603],[32.8285,51.5949],[32.8286,51.5809],[32.8466,51.5688],[32.7872,51.5767],[32.778,51.5671],[32.7651,51.569],[32.7504,51.5606],[32.7585,51.5555],[32.7331,51.5506],[32.6878,51.5548],[32.6756,51.5415],[32.6762,51.5506],[32.6564,51.5561],[32.6504,51.5499],[32.6571,51.5451],[32.6509,51.5412],[32.625,51.5408],[32.6328,51.5298],[32.6272,51.5284],[32.6307,51.5226],[32.6072,51.5204],[32.6161,51.5162],[32.6071,51.5131],[32.6172,51.5051],[32.6108,51.5007],[32.6292,51.4981],[32.6214,51.4924],[32.6223,51.4837],[32.6552,51.4897],[32.667,51.4847],[32.6654,51.478],[32.676,51.4695],[32.6725,51.4759],[32.6872,51.4846],[32.6889,51.4796],[32.7305,51.4744],[32.7274,51.4673],[32.7337,51.4643],[32.7185,51.4538]]]}},{"type":"Feature","properties":{"k":"nizhynskyi","o":"Чернігівська"},"geometry":{"type":"Polygon","coordinates":[[[31.859,50.632],[31.8107,50.6238],[31.812,50.606],[31.782,50.6057],[31.7881,50.5789],[31.7772,50.5777],[31.7822,50.5595],[31.6865,50.5627],[31.6687,50.5485],[31.6626,50.5537],[31.6468,50.5527],[31.6455,50.5314],[31.6302,50.5205],[31.5708,50.5277],[31.5637,50.5185],[31.5195,50.5298],[31.5191,50.5218],[31.4927,50.5231],[31.445,50.5061],[31.4448,50.5003],[31.4195,50.5035],[31.4138,50.5172],[31.3701,50.533],[31.358,50.5292],[31.3302,50.5008],[31.3204,50.5269],[31.2555,50.5423],[31.2596,50.5565],[31.251,50.5559],[31.2466,50.5671],[31.1876,50.5742],[31.1875,50.5892],[31.1654,50.5897],[31.166,50.6075],[31.2221,50.6067],[31.2272,50.6131],[31.2185,50.6199],[31.2274,50.6271],[31.1989,50.6454],[31.2036,50.6562],[31.2233,50.6676],[31.2186,50.6965],[31.2065,50.6967],[31.206,50.7064],[31.1912,50.7026],[31.1908,50.7245],[31.1643,50.7248],[31.166,50.733],[31.21,50.7323],[31.2297,50.76],[31.1861,50.7924],[31.2175,50.8103],[31.2592,50.8194],[31.3187,50.8654],[31.3096,50.871],[31.3011,50.8678],[31.2987,50.8967],[31.3164,50.9029],[31.3026,50.9088],[31.3135,50.9142],[31.3189,50.9265],[31.3356,50.9303],[31.3628,50.9227],[31.3562,50.9381],[31.3132,50.9533],[31.3312,50.9567],[31.3346,50.9751],[31.3572,50.9747],[31.3592,50.9824],[31.373,50.9849],[31.3578,50.9933],[31.3451,50.9909],[31.3275,51.0062],[31.3014,51.011],[31.2658,51.0281],[31.3124,51.0416],[31.31,51.0538],[31.2837,51.0665],[31.2766,51.078],[31.2864,51.0792],[31.2841,51.0849],[31.3089,51.0884],[31.3072,51.0978],[31.3391,51.0969],[31.3369,51.0924],[31.3819,51.0969],[31.3899,51.1058],[31.3892,51.1211],[31.4244,51.1258],[31.4138,51.1349],[31.4298,51.1425],[31.4349,51.1554],[31.4312,51.163],[31.4406,51.1774],[31.4863,51.1894],[31.5262,51.1899],[31.525,51.1992],[31.4901,51.2035],[31.497,51.2152],[31.5274,51.2197],[31.544,51.2334],[31.6192,51.2422],[31.642,51.2388],[31.653,51.2247],[31.6592,51.2249],[31.7002,51.2392],[31.7332,51.2395],[31.7409,51.2467],[31.7789,51.2449],[31.8143,51.2313],[31.8343,51.2356],[31.8408,51.2298],[31.8498,51.2438],[31.867,51.244],[31.8765,51.2342],[31.9248,51.2886],[31.9499,51.2849],[31.9502,51.2958],[31.9639,51.2972],[31.9822,51.2922],[31.9914,51.2986],[31.9846,51.3045],[31.986,51.3125],[32.0288,51.3256],[32.0042,51.3487],[31.9888,51.3541],[31.9973,51.3573],[31.9983,51.371],[32.0211,51.3608],[32.0331,51.3686],[32.0256,51.3813],[32.0764,51.3826],[32.0827,51.3924],[32.0907,51.3864],[32.1144,51.4006],[32.1357,51.4046],[32.1688,51.3925],[32.1779,51.3826],[32.1998,51.376],[32.2191,51.3796],[32.2245,51.3741],[32.2269,51.3892],[32.2487,51.4005],[32.2597,51.397],[32.2826,51.4063],[32.2898,51.4028],[32.2906,51.4073],[32.2818,51.4088],[32.2939,51.4147],[32.2925,51.4191],[32.3121,51.41],[32.3495,51.4127],[32.3569,51.405],[32.3571,51.4197],[32.3663,51.4217],[32.3585,51.4166],[32.3638,51.4134],[32.3809,51.4281],[32.3954,51.4209],[32.382,51.4127],[32.4067,51.3924],[32.4564,51.3886],[32.4801,51.3954],[32.4794,51.4014],[32.4987,51.4007],[32.4967,51.3957],[32.5083,51.4049],[32.5094,51.3986],[32.519,51.4015],[32.5118,51.4051],[32.5207,51.4043],[32.5309,51.4138],[32.5615,51.4103],[32.5806,51.4194],[32.6026,51.4196],[32.6104,51.429],[32.6097,51.4412],[32.5853,51.4559],[32.5742,51.4542],[32.5822,51.444],[32.559,51.4477],[32.555,51.455],[32.5603,51.4613],[32.5734,51.4613],[32.5766,51.4552],[32.5784,51.4603],[32.5906,51.4599],[32.6088,51.4498],[32.6218,51.4634],[32.6325,51.4647],[32.6449,51.4527],[32.6828,51.448],[32.6851,51.4415],[32.7142,51.4386],[32.7123,51.4426],[32.7193,51.4406],[32.7167,51.4448],[32.7255,51.4498],[32.744,51.433],[32.7845,51.435],[32.7873,51.4292],[32.791,51.4398],[32.7975,51.4401],[32.8311,51.4301],[32.8401,51.4216],[32.8578,51.4219],[32.8567,51.4163],[32.8816,51.4124],[32.8983,51.4194],[32.8957,51.4162],[32.9081,51.4135],[32.8998,51.4072],[32.9057,51.3989],[32.9104,51.4093],[32.9246,51.4015],[32.9475,51.4031],[32.9274,51.3939],[32.9467,51.3889],[32.9516,51.3764],[32.9993,51.3634],[32.9858,51.3597],[32.9828,51.3506],[32.9704,51.3503],[32.9669,51.3373],[32.9596,51.3349],[32.968,51.3303],[32.9868,51.3376],[33.0142,51.3208],[33.0227,51.3241],[33.018,51.3318],[33.0654,51.3263],[33.0696,51.3326],[33.0793,51.3226],[33.0668,51.3056],[33.0448,51.3018],[33.0615,51.2967],[33.0409,51.2912],[33.0652,51.2917],[33.0633,51.2863],[33.0763,51.29],[33.0654,51.2835],[33.0732,51.2833],[33.0728,51.2749],[33.0582,51.2661],[33.0605,51.2569],[33.0691,51.2553],[33.0295,51.2273],[33.039,51.2199],[33.0414,51.2056],[32.9895,51.1976],[32.9771,51.1884],[32.9864,51.184],[32.9604,51.1626],[32.9929,51.1434],[32.9425,51.0897],[32.9553,51.0845],[32.9623,51.0886],[33.041,51.0819],[33.0379,51.0718],[33.0691,51.0692],[33.0709,51.0633],[33.0602,51.0492],[33.0847,51.0384],[33.0589,51.0224],[33.0416,50.9972],[33.0113,50.9935],[33.0045,50.9879],[33.0092,50.9862],[32.9797,50.9677],[32.9837,50.9401],[33.0002,50.9366],[32.9944,50.9296],[32.9653,50.9263],[32.9754,50.9187],[32.9512,50.8974],[32.8362,50.8592],[32.8247,50.8609],[32.8225,50.8721],[32.7984,50.8821],[32.794,50.8902],[32.7766,50.8878],[32.7578,50.9318],[32.6799,50.9512],[32.6959,50.958],[32.6987,50.9754],[32.6932,50.9768],[32.6984,50.9919],[32.6867,51.0049],[32.6147,51.0259],[32.6054,51.0261],[32.5884,51.0089],[32.5292,51.0255],[32.5269,51.0654],[32.4939,51.0837],[32.4463,51.0763],[32.3976,51.0415],[32.3971,51.0314],[32.4094,51.0149],[32.3728,51.0168],[32.3628,51.008],[32.3453,51.0264],[32.3285,51.0291],[32.317,51.018],[32.3207,51.0104],[32.297,51.015],[32.2922,51.0079],[32.2824,51.008],[32.2845,51.002],[32.2709,51.0009],[32.248,51.023],[32.2228,51.0198],[32.1903,51.0343],[32.1803,51.0266],[32.1869,51.0189],[32.1593,50.9942],[32.1466,50.9966],[32.1494,50.9895],[32.144,50.9936],[32.1318,50.9882],[32.1125,50.9927],[32.1018,50.9813],[32.0921,50.9808],[32.0927,50.9693],[32.1085,50.9548],[32.0847,50.9518],[32.0766,50.9348],[32.0575,50.9336],[32.0551,50.9086],[32.0694,50.8988],[32.0495,50.8854],[32.0434,50.8729],[32.0736,50.864],[32.0675,50.8402],[32.0824,50.8366],[32.0854,50.8222],[32.1142,50.8015],[32.103,50.7983],[32.0998,50.7904],[32.1077,50.7848],[32.0994,50.7824],[32.1005,50.7721],[32.1093,50.7741],[32.1157,50.7617],[32.0681,50.7669],[32.0483,50.7319],[32.0559,50.7258],[32.0477,50.7165],[32.018,50.7085],[32.0248,50.7019],[32.0189,50.6992],[31.9964,50.7041],[31.9973,50.7101],[31.9685,50.7144],[31.9578,50.7119],[31.9531,50.7023],[31.9217,50.71],[31.8948,50.6822],[31.8917,50.673],[31.8994,50.6607],[31.8775,50.6571],[31.8893,50.6446],[31.859,50.632]]]}},{"type":"Feature","properties":{"k":"novhorodsiverskyi","o":"Чернігівська"},"geometry":{"type":"Polygon","coordinates":[[[33.1642,51.6795],[33.1405,51.679],[33.1394,51.6736],[33.1474,51.6695],[33.1286,51.6556],[33.1264,51.6447],[33.1545,51.6419],[33.1545,51.6075],[33.1918,51.5836],[33.2223,51.5803],[33.2073,51.5702],[33.1592,51.5714],[33.1572,51.5559],[33.1646,51.5543],[33.1669,51.5437],[33.1858,51.5372],[33.1929,51.5126],[33.1917,51.5064],[33.1774,51.5073],[33.1597,51.4951],[33.1342,51.492],[33.1356,51.4669],[33.1244,51.4604],[33.1131,51.4284],[33.1346,51.4166],[33.1196,51.4037],[33.1354,51.3995],[33.1331,51.3826],[33.0908,51.3897],[33.1109,51.38],[33.1049,51.3772],[33.1116,51.3698],[33.1065,51.3654],[33.085,51.3731],[33.0835,51.3681],[33.0608,51.3699],[33.0597,51.3828],[33.0396,51.3914],[33.0577,51.404],[33.0476,51.4102],[33.039,51.4013],[33.0166,51.3957],[33.0409,51.3677],[33.0376,51.3457],[33.0644,51.3474],[33.0746,51.3407],[33.0654,51.3263],[33.029,51.3334],[33.0271,51.3287],[33.018,51.3318],[33.0227,51.3241],[33.0142,51.3208],[32.9868,51.3376],[32.9776,51.3305],[32.9596,51.3349],[32.9669,51.3373],[32.9704,51.3503],[32.9828,51.3506],[32.9858,51.3597],[32.9993,51.3634],[32.9516,51.3764],[32.9467,51.3889],[32.9274,51.3939],[32.9475,51.4031],[32.9246,51.4015],[32.9104,51.4093],[32.9057,51.3989],[32.8998,51.4072],[32.9081,51.4135],[32.8957,51.4162],[32.8983,51.4194],[32.8816,51.4124],[32.8567,51.4163],[32.8578,51.4219],[32.8401,51.4216],[32.8311,51.4301],[32.7975,51.4401],[32.791,51.4398],[32.7873,51.4292],[32.7845,51.435],[32.744,51.433],[32.7273,51.4438],[32.7311,51.4478],[32.7198,51.4479],[32.7185,51.4538],[32.7337,51.4643],[32.7274,51.4673],[32.7305,51.4744],[32.6889,51.4796],[32.6872,51.4846],[32.6725,51.4759],[32.676,51.4695],[32.6654,51.478],[32.667,51.4847],[32.6552,51.4897],[32.6223,51.4837],[32.6214,51.4924],[32.6292,51.4981],[32.6108,51.5007],[32.6172,51.5051],[32.6071,51.5131],[32.6161,51.5162],[32.6071,51.5173],[32.6072,51.5204],[32.6307,51.5226],[32.6272,51.5284],[32.6328,51.5298],[32.625,51.5408],[32.6509,51.5412],[32.6571,51.5451],[32.6504,51.5499],[32.6564,51.5561],[32.6762,51.5506],[32.6756,51.5415],[32.6878,51.5548],[32.7331,51.5506],[32.7585,51.5555],[32.7504,51.5606],[32.7651,51.569],[32.778,51.5671],[32.7872,51.5767],[32.8466,51.5688],[32.8286,51.5809],[32.8285,51.5949],[32.8373,51.603],[32.8339,51.6099],[32.8161,51.6061],[32.8216,51.6081],[32.8167,51.615],[32.8321,51.6156],[32.8275,51.6254],[32.8095,51.6179],[32.806,51.6229],[32.7859,51.6195],[32.7719,51.6308],[32.7638,51.6245],[32.7126,51.6287],[32.7334,51.6355],[32.7162,51.667],[32.6858,51.6798],[32.6954,51.6908],[32.68,51.6994],[32.6798,51.7086],[32.6975,51.7252],[32.7351,51.722],[32.7669,51.7348],[32.7467,51.7668],[32.7504,51.7702],[32.7126,51.7773],[32.7035,51.806],[32.6821,51.815],[32.6865,51.821],[32.7007,51.8135],[32.7295,51.8221],[32.7085,51.8327],[32.7142,51.8339],[32.7106,51.8431],[32.7588,51.8356],[32.7998,51.852],[32.8179,51.8499],[32.8146,51.8669],[32.8023,51.8568],[32.8115,51.8666],[32.8136,51.8886],[32.7599,51.9028],[32.7695,51.9175],[32.7484,51.9212],[32.7527,51.9335],[32.7476,51.934],[32.7347,51.9345],[32.7353,51.9232],[32.6681,51.9107],[32.6634,51.899],[32.6591,51.9139],[32.6308,51.9168],[32.6264,51.9584],[32.635,51.97],[32.5189,51.9639],[32.5254,51.9725],[32.5152,51.9752],[32.51,51.9874],[32.4863,51.9869],[32.4678,51.9735],[32.4539,51.9751],[32.4433,51.9769],[32.4433,51.9953],[32.4356,51.9968],[32.4298,51.9824],[32.413,51.9815],[32.4137,51.9882],[32.4337,52.0015],[32.4324,52.0088],[32.4137,52.0018],[32.4028,52.0165],[32.4059,52.0241],[32.3803,52.0263],[32.3773,52.0389],[32.3622,52.0483],[32.3849,52.0516],[32.3839,52.0593],[32.3515,52.0584],[32.3378,52.0515],[32.294,52.0551],[32.2775,52.0584],[32.2662,52.0762],[32.2181,52.0821],[32.2786,52.0976],[32.2982,52.1113],[32.2941,52.1199],[32.3182,52.1227],[32.3203,52.1364],[32.3294,52.1331],[32.3346,52.141],[32.3604,52.1404],[32.3682,52.1467],[32.3654,52.156],[32.331,52.1568],[32.3246,52.1509],[32.3262,52.1631],[32.339,52.1739],[32.3347,52.1762],[32.3472,52.1832],[32.3453,52.1942],[32.3315,52.2028],[32.3238,52.2224],[32.3469,52.2451],[32.3805,52.2401],[32.3999,52.2469],[32.3835,52.2631],[32.3831,52.2699],[32.3931,52.2784],[32.3696,52.2767],[32.3626,52.3027],[32.3518,52.3168],[32.3547,52.3278],[32.3765,52.3376],[32.3988,52.3382],[32.4337,52.3214],[32.4602,52.3269],[32.4903,52.3142],[32.5033,52.3275],[32.5501,52.3265],[32.5773,52.301],[32.6078,52.305],[32.6846,52.2666],[32.69,52.256],[32.7001,52.2547],[32.7006,52.2479],[32.7169,52.2591],[32.7542,52.2669],[32.7629,52.2565],[32.8,52.2658],[32.8169,52.2592],[32.8333,52.2792],[32.8843,52.2737],[32.8807,52.2577],[32.8853,52.2488],[32.9007,52.2455],[32.9607,52.2736],[32.9961,52.2722],[32.9967,52.288],[33.0447,52.3076],[33.0434,52.3142],[33.0581,52.3188],[33.0558,52.3264],[33.0607,52.3288],[33.0721,52.3264],[33.0728,52.3156],[33.0596,52.3112],[33.0673,52.3034],[33.1169,52.3287],[33.1382,52.347],[33.1559,52.3386],[33.17,52.3419],[33.1699,52.3728],[33.1889,52.3735],[33.1892,52.3793],[33.3057,52.351],[33.3499,52.3537],[33.3599,52.3647],[33.3694,52.3623],[33.373,52.371],[33.3807,52.3723],[33.4166,52.3606],[33.4098,52.3502],[33.4289,52.3453],[33.4001,52.3134],[33.386,52.316],[33.4028,52.3021],[33.3868,52.2971],[33.3939,52.2911],[33.3854,52.2893],[33.3827,52.2794],[33.3872,52.2787],[33.3769,52.2754],[33.3872,52.2713],[33.3721,52.2581],[33.3581,52.2583],[33.3603,52.2461],[33.3676,52.2444],[33.3615,52.2372],[33.3664,52.2329],[33.3513,52.2203],[33.3315,52.2149],[33.3238,52.222],[33.3146,52.2155],[33.3258,52.2116],[33.3312,52.2018],[33.3098,52.1848],[33.3369,52.1612],[33.3376,52.1554],[33.3277,52.1552],[33.3226,52.1362],[33.3425,52.1353],[33.3284,52.1407],[33.344,52.1457],[33.4172,52.1231],[33.4097,52.1154],[33.4334,52.1088],[33.445,52.0978],[33.4371,52.087],[33.4569,52.0901],[33.4901,52.0827],[33.5,52.0893],[33.5006,52.0385],[33.4644,52.0384],[33.4304,52.0257],[33.412,52.0333],[33.4032,52.0512],[33.3673,52.0406],[33.3555,52.0311],[33.316,52.0317],[33.3173,52.0173],[33.3042,52.0135],[33.3372,52.0069],[33.3486,51.9988],[33.3505,51.9832],[33.3731,51.9785],[33.3727,51.9708],[33.3842,51.9726],[33.3959,51.9621],[33.3955,51.9549],[33.3709,51.9535],[33.3711,51.9463],[33.3614,51.9465],[33.3551,51.9303],[33.3308,51.9295],[33.3172,51.9367],[33.2965,51.9344],[33.2887,51.9228],[33.2634,51.9193],[33.253,51.9262],[33.2458,51.9201],[33.2499,51.917],[33.2382,51.9156],[33.2348,51.9093],[33.2202,51.9131],[33.2209,51.9048],[33.2132,51.913],[33.1875,51.9124],[33.1841,51.9031],[33.1707,51.9007],[33.1783,51.897],[33.1798,51.8852],[33.1337,51.8718],[33.1334,51.8611],[33.123,51.8639],[33.1326,51.8557],[33.1246,51.8542],[33.123,51.8449],[33.131,51.8438],[33.1276,51.8352],[33.1385,51.8313],[33.147,51.8165],[33.1221,51.8106],[33.101,51.7892],[33.1025,51.7818],[33.0781,51.7765],[33.0839,51.769],[33.0919,51.7747],[33.0998,51.7501],[33.1379,51.7259],[33.1323,51.7218],[33.1544,51.7028],[33.1714,51.6998],[33.1658,51.6916],[33.1443,51.6909],[33.1472,51.6829],[33.1642,51.6795]]]}},{"type":"Feature","properties":{"k":"prylutskyi","o":"Чернігівська"},"geometry":{"type":"Polygon","coordinates":[[[32.1433,50.3483],[32.1413,50.3541],[32.161,50.368],[32.1547,50.3765],[32.1175,50.3807],[32.0911,50.3696],[32.0756,50.3745],[32.0845,50.379],[32.0768,50.3924],[32.1024,50.4127],[32.0965,50.4169],[32.057,50.3972],[32.0463,50.4017],[32.0393,50.4286],[32.0278,50.4359],[32.0234,50.4585],[31.9732,50.4664],[31.9701,50.4738],[31.9793,50.4816],[31.9635,50.4854],[31.9756,50.4894],[31.9832,50.4829],[31.9866,50.4965],[32.0018,50.4964],[32.007,50.4867],[32.0469,50.496],[32.0641,50.5117],[32.0514,50.5235],[32.062,50.5294],[32.0635,50.5408],[31.9553,50.5437],[31.9217,50.5932],[31.8835,50.6073],[31.859,50.632],[31.8893,50.6446],[31.8775,50.6571],[31.8994,50.6607],[31.8917,50.673],[31.8948,50.6822],[31.9217,50.71],[31.9531,50.7023],[31.9578,50.7119],[31.9685,50.7144],[31.9973,50.7101],[31.9964,50.7041],[32.0189,50.6992],[32.0248,50.7019],[32.018,50.7085],[32.0477,50.7165],[32.0559,50.7258],[32.0483,50.7319],[32.0681,50.7669],[32.1157,50.7617],[32.1093,50.7741],[32.1005,50.7721],[32.0994,50.7824],[32.1077,50.7848],[32.0998,50.7904],[32.103,50.7983],[32.1142,50.8015],[32.0854,50.8222],[32.0824,50.8366],[32.0675,50.8402],[32.0736,50.864],[32.0434,50.8729],[32.0495,50.8854],[32.0694,50.8988],[32.0551,50.9086],[32.0575,50.9336],[32.0766,50.9348],[32.0847,50.9518],[32.1085,50.9548],[32.0927,50.9693],[32.0921,50.9808],[32.1018,50.9813],[32.1125,50.9927],[32.1318,50.9882],[32.144,50.9936],[32.1494,50.9895],[32.1466,50.9966],[32.1593,50.9942],[32.1869,51.0189],[32.1803,51.0266],[32.1903,51.0343],[32.2228,51.0198],[32.248,51.023],[32.2709,51.0009],[32.2845,51.002],[32.2824,51.008],[32.2922,51.0079],[32.297,51.015],[32.3207,51.0104],[32.317,51.018],[32.3285,51.0291],[32.3453,51.0264],[32.3628,51.008],[32.3728,51.0168],[32.4094,51.0149],[32.3971,51.0314],[32.3976,51.0415],[32.4463,51.0763],[32.4939,51.0837],[32.5269,51.0654],[32.5292,51.0255],[32.5884,51.0089],[32.6054,51.0261],[32.6147,51.0259],[32.6867,51.0049],[32.6984,50.9919],[32.6932,50.9768],[32.6987,50.9754],[32.6959,50.958],[32.6799,50.9512],[32.7578,50.9318],[32.7766,50.8878],[32.794,50.8902],[32.7984,50.8821],[32.8225,50.8721],[32.8247,50.8609],[32.8362,50.8592],[32.9036,50.8852],[32.9386,50.8904],[32.9754,50.9187],[32.9653,50.9263],[32.9979,50.9312],[33.0002,50.9366],[32.9837,50.9401],[32.9766,50.9633],[33.0164,50.9956],[33.0404,50.9995],[33.038,50.994],[33.0795,50.9802],[33.0782,50.9917],[33.1179,51.0068],[33.1262,51.001],[33.1216,50.9978],[33.1394,50.9676],[33.137,50.9614],[33.2002,50.9616],[33.1971,50.92],[33.2105,50.9018],[33.2024,50.8985],[33.2082,50.8935],[33.1806,50.8949],[33.1704,50.888],[33.17,50.8756],[33.1811,50.867],[33.174,50.8661],[33.1692,50.8507],[33.1853,50.8482],[33.1551,50.8279],[33.169,50.7996],[33.1642,50.792],[33.1534,50.793],[33.1896,50.7465],[33.2077,50.7477],[33.2126,50.7361],[33.2308,50.7379],[33.2394,50.7321],[33.2141,50.7274],[33.2139,50.7216],[33.1583,50.7153],[33.1538,50.7088],[33.1358,50.7108],[33.1512,50.6938],[33.1468,50.655],[33.1377,50.6485],[33.1176,50.6476],[33.1216,50.6395],[33.1027,50.6022],[33.122,50.5994],[33.122,50.5945],[33.1011,50.5915],[33.0739,50.5569],[33.0487,50.5409],[33.0653,50.5198],[33.0425,50.5022],[33.0229,50.5014],[33.0252,50.4932],[33.0131,50.4804],[33.0162,50.4707],[32.9728,50.4758],[32.9783,50.4624],[32.9679,50.4573],[32.9698,50.4489],[32.932,50.4367],[32.9405,50.4292],[32.92,50.4293],[32.921,50.4247],[32.9121,50.4236],[32.9156,50.4071],[32.8996,50.4063],[32.8366,50.3743],[32.7898,50.3709],[32.7917,50.3636],[32.7864,50.3617],[32.801,50.3563],[32.7929,50.3463],[32.7698,50.3532],[32.7611,50.3486],[32.7504,50.3594],[32.7427,50.3518],[32.7414,50.3574],[32.6707,50.358],[32.6717,50.37],[32.6324,50.3662],[32.6343,50.3567],[32.5626,50.3587],[32.5259,50.3455],[32.5109,50.3596],[32.4859,50.3692],[32.4925,50.377],[32.4891,50.3929],[32.4936,50.3996],[32.4462,50.3989],[32.4014,50.4126],[32.3972,50.4069],[32.3697,50.4154],[32.3648,50.4267],[32.3384,50.4282],[32.316,50.4178],[32.3257,50.4035],[32.2958,50.3986],[32.2902,50.3795],[32.2516,50.3738],[32.264,50.3625],[32.2546,50.3523],[32.2689,50.352],[32.2545,50.3468],[32.2164,50.358],[32.1433,50.3483]]]}},{"type":"Feature","properties":{"k":"chernihivskyi","o":"Чернігівська"},"geometry":{"type":"Polygon","coordinates":[[[30.4845,51.0918],[30.5138,51.1025],[30.5172,51.111],[30.4942,51.1343],[30.491,51.1658],[30.5022,51.1761],[30.5306,51.1729],[30.5388,51.1783],[30.5345,51.184],[30.5164,51.1858],[30.5304,51.2006],[30.5057,51.2272],[30.5254,51.2367],[30.5556,51.2306],[30.5599,51.2352],[30.5534,51.251],[30.5403,51.2565],[30.5398,51.2626],[30.5688,51.27],[30.5781,51.2867],[30.5757,51.3066],[30.6191,51.3319],[30.6452,51.3349],[30.6534,51.3448],[30.6335,51.3618],[30.6537,51.3765],[30.6203,51.428],[30.5893,51.4245],[30.5778,51.4466],[30.6075,51.4674],[30.5901,51.479],[30.5861,51.4982],[30.5675,51.5141],[30.5849,51.5448],[30.5725,51.5525],[30.5459,51.5427],[30.527,51.57],[30.5518,51.5729],[30.5538,51.5784],[30.5274,51.5836],[30.5064,51.6002],[30.5321,51.6031],[30.5316,51.6204],[30.5569,51.6236],[30.5464,51.6364],[30.5486,51.6427],[30.5802,51.6467],[30.5733,51.6607],[30.5785,51.6786],[30.5608,51.7042],[30.5758,51.7116],[30.6085,51.7077],[30.6254,51.7137],[30.6254,51.7328],[30.647,51.7492],[30.6509,51.7604],[30.6391,51.7652],[30.6179,51.7592],[30.6119,51.7654],[30.636,51.7837],[30.6687,51.7896],[30.6606,51.817],[30.6914,51.8277],[30.7069,51.8667],[30.7218,51.8737],[30.7499,51.9039],[30.8022,51.8989],[30.8252,51.9212],[30.8056,51.9474],[30.8199,51.9562],[30.835,51.9529],[30.8367,51.9615],[30.8493,51.9619],[30.8601,51.9724],[30.889,51.9687],[30.8849,51.9845],[30.911,51.9882],[30.8933,51.9951],[30.8951,52.0024],[30.924,52.0155],[30.9397,52.0135],[30.9452,52.0262],[30.9333,52.0395],[30.9487,52.0548],[30.9321,52.072],[30.9524,52.0755],[30.9497,52.0894],[30.9649,52.0896],[30.9627,52.0826],[30.9931,52.0778],[31.07,52.0911],[31.0986,52.0896],[31.1398,52.1031],[31.1608,52.0781],[31.2131,52.0714],[31.2188,52.0549],[31.2536,52.0422],[31.2976,52.0516],[31.3213,52.0827],[31.3111,52.0869],[31.3207,52.0919],[31.3249,52.105],[31.3868,52.1209],[31.3774,52.1342],[31.39,52.1339],[31.4035,52.1427],[31.4518,52.1404],[31.463,52.1221],[31.4889,52.1159],[31.5182,52.1252],[31.6078,52.1115],[31.6609,52.1166],[31.7141,52.1073],[31.722,52.0958],[31.7846,52.1122],[31.817,52.0987],[31.8101,52.07],[31.7762,52.0641],[31.7834,52.0506],[31.7747,52.046],[31.7786,52.032],[31.7857,52.0304],[31.7834,52.037],[31.7896,52.0407],[31.7962,52.0257],[31.8022,52.0255],[31.795,52.0224],[31.7999,51.9935],[31.7866,51.9896],[31.7794,51.9936],[31.7657,51.9847],[31.7718,51.9692],[31.7633,51.9673],[31.7808,51.9559],[31.7828,51.9475],[31.7958,51.9508],[31.7924,51.9433],[31.8082,51.9411],[31.7986,51.9365],[31.8058,51.9082],[31.7818,51.916],[31.7201,51.9101],[31.7238,51.9193],[31.7045,51.9221],[31.695,51.9081],[31.6631,51.9011],[31.6745,51.8976],[31.6605,51.8842],[31.6606,51.876],[31.6914,51.8644],[31.6808,51.8575],[31.6616,51.8208],[31.6364,51.8252],[31.6336,51.8102],[31.6517,51.8042],[31.6528,51.7981],[31.6592,51.7963],[31.6584,51.8025],[31.6703,51.7962],[31.6546,51.7803],[31.7276,51.7509],[31.7601,51.7448],[31.7358,51.7366],[31.7322,51.728],[31.7507,51.7228],[31.7799,51.7306],[31.7837,51.712],[31.7796,51.7121],[31.7915,51.6927],[31.7906,51.6624],[31.8096,51.6554],[31.8047,51.6295],[31.8565,51.6235],[31.8783,51.6078],[31.8815,51.5808],[31.8638,51.5726],[31.8457,51.5404],[31.8495,51.5068],[31.817,51.5047],[31.8347,51.4952],[31.8292,51.4839],[31.8511,51.4699],[31.8525,51.451],[31.8604,51.451],[31.8637,51.4362],[31.8801,51.4313],[31.8847,51.4219],[31.873,51.4179],[31.8737,51.4083],[31.8559,51.4038],[31.8686,51.3997],[31.8671,51.3927],[31.8802,51.3913],[31.879,51.3837],[31.8943,51.3689],[31.9096,51.3712],[31.9294,51.3633],[31.9494,51.3678],[31.9656,51.3632],[31.9724,51.3499],[31.9836,51.3602],[31.9825,51.3681],[31.9983,51.371],[31.9973,51.3573],[31.9888,51.3541],[32.0042,51.3487],[32.0288,51.3256],[31.986,51.3125],[31.9846,51.3045],[31.9914,51.2986],[31.9822,51.2922],[31.9639,51.2972],[31.9502,51.2958],[31.9499,51.2849],[31.9248,51.2886],[31.8765,51.2342],[31.867,51.244],[31.8498,51.2438],[31.8408,51.2298],[31.8343,51.2356],[31.8143,51.2313],[31.7789,51.2449],[31.7409,51.2467],[31.7332,51.2395],[31.7002,51.2392],[31.6592,51.2249],[31.653,51.2247],[31.642,51.2388],[31.6192,51.2422],[31.544,51.2334],[31.5274,51.2197],[31.497,51.2152],[31.4901,51.2035],[31.525,51.1992],[31.5262,51.1899],[31.4863,51.1894],[31.4406,51.1774],[31.4312,51.163],[31.4349,51.1554],[31.4298,51.1425],[31.4138,51.1349],[31.4244,51.1258],[31.3892,51.1211],[31.3899,51.1058],[31.3819,51.0969],[31.3369,51.0924],[31.3391,51.0969],[31.3072,51.0978],[31.3089,51.0884],[31.2841,51.0849],[31.2864,51.0792],[31.2766,51.078],[31.2786,51.0708],[31.31,51.0538],[31.3124,51.0416],[31.2658,51.0281],[31.3014,51.011],[31.3275,51.0062],[31.3451,50.9909],[31.369,50.9901],[31.3718,50.9816],[31.3592,50.9824],[31.3572,50.9747],[31.3346,50.9751],[31.3312,50.9567],[31.3132,50.9533],[31.3562,50.9381],[31.3628,50.9227],[31.3356,50.9303],[31.3189,50.9265],[31.3135,50.9142],[31.3026,50.9088],[31.3164,50.9029],[31.2987,50.8967],[31.3011,50.8678],[31.3096,50.871],[31.3187,50.8654],[31.2592,50.8194],[31.2175,50.8103],[31.1861,50.7924],[31.2297,50.76],[31.21,50.7323],[31.1494,50.7377],[31.1419,50.7471],[31.1218,50.7498],[31.1264,50.7748],[31.0756,50.7814],[31.0695,50.7647],[30.9549,50.7636],[30.9499,50.7572],[30.8935,50.7661],[30.8901,50.7739],[30.8775,50.7686],[30.8753,50.7468],[30.8653,50.7452],[30.8349,50.7449],[30.8277,50.7565],[30.8415,50.7546],[30.8415,50.7628],[30.8735,50.777],[30.8705,50.7807],[30.8454,50.7731],[30.8368,50.7617],[30.7704,50.779],[30.7672,50.7707],[30.7552,50.7758],[30.7401,50.7711],[30.7363,50.7832],[30.7489,50.7913],[30.7429,50.7948],[30.7443,50.8064],[30.7314,50.8173],[30.7446,50.8194],[30.7578,50.8104],[30.7713,50.8166],[30.766,50.826],[30.7778,50.8309],[30.7706,50.8491],[30.7774,50.8557],[30.7672,50.8718],[30.7709,50.8748],[30.7365,50.8876],[30.7342,50.8952],[30.6834,50.9026],[30.6577,50.9534],[30.6449,50.9637],[30.6497,50.9843],[30.6418,51.0029],[30.625,51.0099],[30.6028,51.0093],[30.6013,51.0268],[30.4999,51.022],[30.4934,51.0499],[30.5102,51.0737],[30.4845,51.0918]],[[30.7521,51.5402],[30.7089,51.5531],[30.7101,51.5309],[30.671,51.5309],[30.6267,51.5151],[30.6056,51.5159],[30.6011,51.5249],[30.5926,51.5243],[30.5857,51.5159],[30.5969,51.52],[30.6017,51.5105],[30.6048,51.5154],[30.6285,51.515],[30.6521,51.5233],[30.6584,51.5187],[30.6987,51.5221],[30.7823,51.5119],[30.7838,51.5251],[30.7892,51.5229],[30.7839,51.5252],[30.7853,51.5388],[30.7521,51.5402]],[[30.7768,51.5092],[30.7732,51.5116],[30.7734,51.5091],[30.7768,51.5092]],[[30.7482,51.5156],[30.7548,51.5135],[30.7551,51.5147],[30.7482,51.5156]],[[30.6657,51.5134],[30.664,51.5102],[30.6672,51.511],[30.6657,51.5134]]]}},{"type":"Feature","properties":{"k":"kyivska","o":"Київ"},"geometry":{"type":"Polygon","coordinates":[[[30.8262,50.4039],[30.8129,50.3918],[30.7904,50.3978],[30.7756,50.3945],[30.7804,50.3852],[30.7726,50.3812],[30.7773,50.3705],[30.7456,50.3706],[30.7172,50.3825],[30.7114,50.3765],[30.715,50.3686],[30.707,50.3656],[30.7132,50.3544],[30.6968,50.3473],[30.673,50.3582],[30.6279,50.3607],[30.6201,50.3509],[30.632,50.3474],[30.6332,50.34],[30.6184,50.337],[30.6537,50.294],[30.6354,50.2849],[30.6406,50.2802],[30.6098,50.2769],[30.6467,50.2397],[30.6374,50.2347],[30.6437,50.226],[30.5935,50.2133],[30.5834,50.2504],[30.5747,50.2594],[30.5526,50.2593],[30.5538,50.2695],[30.5426,50.2759],[30.5462,50.291],[30.5281,50.2903],[30.5371,50.3004],[30.5323,50.3021],[30.5354,50.3174],[30.5085,50.3261],[30.4963,50.3219],[30.4876,50.3283],[30.497,50.3327],[30.4859,50.3362],[30.4752,50.3332],[30.4778,50.3395],[30.4684,50.3601],[30.4377,50.3569],[30.4375,50.3675],[30.4306,50.3718],[30.4422,50.3815],[30.3691,50.421],[30.3578,50.4446],[30.3456,50.4536],[30.3396,50.4527],[30.344,50.4456],[30.3219,50.4424],[30.2813,50.4473],[30.2693,50.4262],[30.2552,50.4311],[30.2444,50.4229],[30.2367,50.4303],[30.2468,50.4404],[30.2409,50.4553],[30.2578,50.4698],[30.2494,50.4749],[30.2517,50.485],[30.2604,50.4859],[30.27,50.4981],[30.2607,50.5116],[30.2928,50.5327],[30.3026,50.5331],[30.298,50.5544],[30.311,50.5551],[30.3265,50.5461],[30.3318,50.5565],[30.3419,50.5569],[30.3074,50.5704],[30.3707,50.5734],[30.371,50.5864],[30.4629,50.5845],[30.4646,50.5717],[30.4902,50.5683],[30.4955,50.5517],[30.5315,50.5354],[30.541,50.5232],[30.5444,50.5281],[30.531,50.5415],[30.5352,50.549],[30.5731,50.5482],[30.5718,50.538],[30.6538,50.5348],[30.6679,50.5531],[30.6975,50.5616],[30.6983,50.5564],[30.7134,50.5577],[30.7102,50.575],[30.7211,50.5861],[30.7181,50.5908],[30.7667,50.5838],[30.771,50.5758],[30.7837,50.58],[30.816,50.5643],[30.8233,50.537],[30.7652,50.521],[30.7662,50.514],[30.7547,50.519],[30.7619,50.509],[30.7379,50.4987],[30.7425,50.4903],[30.7543,50.4902],[30.7604,50.4824],[30.749,50.4836],[30.7503,50.4746],[30.7413,50.4687],[30.7519,50.4703],[30.7547,50.4616],[30.7427,50.4585],[30.7918,50.4339],[30.8023,50.4264],[30.7974,50.4159],[30.8262,50.4039]],[[30.3452,50.4959],[30.3189,50.4955],[30.3174,50.4921],[30.3358,50.4832],[30.3507,50.484],[30.3452,50.4959]]]}},{"type":"Feature","properties":{"k":"sevastopilska","o":"Севастополь"},"geometry":{"type":"MultiPolygon","coordinates":[[[[33.6019,44.4973],[33.5926,44.512],[33.5789,44.5097],[33.5801,44.5165],[33.6003,44.5232],[33.6,44.5187],[33.6214,44.5163],[33.5992,44.5058],[33.6019,44.4973]]],[[[33.6018,44.5992],[33.6102,44.5879],[33.604,44.5878],[33.6018,44.5992]]],[[[33.5699,44.6136],[33.5673,44.6074],[33.5779,44.6024],[33.5681,44.5907],[33.581,44.5746],[33.5704,44.5724],[33.5433,44.5905],[33.5307,44.5861],[33.5362,44.5505],[33.5225,44.552],[33.5209,44.5618],[33.5095,44.563],[33.5033,44.576],[33.4861,44.5689],[33.4766,44.5753],[33.4743,44.5679],[33.4626,44.57],[33.4554,44.5716],[33.4516,44.5864],[33.4455,44.571],[33.4328,44.5843],[33.4384,44.5972],[33.4315,44.5968],[33.4342,44.6033],[33.4389,44.6054],[33.4482,44.5949],[33.4483,44.6078],[33.4682,44.6118],[33.4657,44.6011],[33.4719,44.5922],[33.4741,44.6118],[33.4819,44.608],[33.4949,44.6145],[33.5002,44.604],[33.4974,44.6097],[33.5076,44.621],[33.506,44.6162],[33.519,44.6136],[33.5271,44.6188],[33.5279,44.5972],[33.5329,44.6137],[33.5373,44.6111],[33.532,44.6171],[33.5699,44.6136]]],[[[33.5373,44.6474],[33.544,44.6402],[33.5572,44.6455],[33.5602,44.6293],[33.571,44.63],[33.5723,44.6225],[33.5364,44.6233],[33.5223,44.6295],[33.5097,44.6245],[33.5103,44.6315],[33.5373,44.6474]]]]}}]}